identity,filename,path
Aaron_Peirsol,Aaron_Peirsol_0001.jpg,/home/varunaditya/Projects/Project_ARGUS/datasets/processed/LFW_subset/Aaron_Peirsol/Aaron_Peirsol_0001.jpg
Aaron_Peirsol,Aaron_Peirsol_0002.jpg,/home/varunaditya/Projects/Project_ARGUS/datasets/processed/LFW_subset/Aaron_Peirsol/Aaron_Peirsol_0002.jpg
Aaron_Peirsol,Aaron_Peirsol_0003.jpg,/home/varunaditya/Projects/Project_ARGUS/datasets/processed/LFW_subset/Aaron_Peirsol/Aaron_Peirsol_0003.jpg
Aaron_Peirsol,Aaron_Peirsol_0004.jpg,/home/varunaditya/Projects/Project_ARGUS/datasets/processed/LFW_subset/Aaron_Peirsol/Aaron_Peirsol_0004.jpg
Aaron_Sorkin,Aaron_Sorkin_0001.jpg,/home/varunaditya/Projects/Project_ARGUS/datasets/processed/LFW_subset/Aaron_Sorkin/Aaron_Sorkin_0001.jpg
Aaron_Sorkin,Aaron_Sorkin_0002.jpg,/home/varunaditya/Projects/Project_ARGUS/datasets/processed/LFW_subset/Aaron_Sorkin/Aaron_Sorkin_0002.jpg
Abdel_Nasser_Assidi,Abdel_Nasser_Assidi_0001.jpg,/home/varunaditya/Projects/Project_ARGUS/datasets/processed/LFW_subset/Abdel_Nasser_Assidi/Abdel_Nasser_Assidi_0001.jpg
Abdel_Nasser_Assidi,Abdel_Nasser_Assidi_0002.jpg,/home/varunaditya/Projects/Project_ARGUS/datasets/processed/LFW_subset/Abdel_Nasser_Assidi/Abdel_Nasser_Assidi_0002.jpg
Abdoulaye_Wade,Abdoulaye_Wade_0001.jpg,/home/varunaditya/Projects/Project_ARGUS/datasets/processed/LFW_subset/Abdoulaye_Wade/Abdoulaye_Wade_0001.jpg
Abdoulaye_Wade,Abdoulaye_Wade_0002.jpg,/home/varunaditya/Projects/Project_ARGUS/datasets/processed/LFW_subset/Abdoulaye_Wade/Abdoulaye_Wade_0002.jpg
Abdoulaye_Wade,Abdoulaye_Wade_0003.jpg,/home/varunaditya/Projects/Project_ARGUS/datasets/processed/LFW_subset/Abdoulaye_Wade/Abdoulaye_Wade_0003.jpg
Abdoulaye_Wade,Abdoulaye_Wade_0004.jpg,/home/varunaditya/Projects/Project_ARGUS/datasets/processed/LFW_subset/Abdoulaye_Wade/Abdoulaye_Wade_0004.jpg
Abdullah,Abdullah_0001.jpg,/home/varunaditya/Projects/Project_ARGUS/datasets/processed/LFW_subset/Abdullah/Abdullah_0001.jpg
Abdullah,Abdullah_0002.jpg,/home/varunaditya/Projects/Project_ARGUS/datasets/processed/LFW_subset/Abdullah/Abdullah_0002.jpg
Abdullah,Abdullah_0003.jpg,/home/varunaditya/Projects/Project_ARGUS/datasets/processed/LFW_subset/Abdullah/Abdullah_0003.jpg
Abdullah,Abdullah_0004.jpg,/home/varunaditya/Projects/Project_ARGUS/datasets/processed/LFW_subset/Abdullah/Abdullah_0004.jpg
Abdullah_Gul,Abdullah_Gul_0001.jpg,/home/varunaditya/Projects/Project_ARGUS/datasets/processed/LFW_subset/Abdullah_Gul/Abdullah_Gul_0001.jpg
Abdullah_Gul,Abdullah_Gul_0002.jpg,/home/varunaditya/Projects/Project_ARGUS/datasets/processed/LFW_subset/Abdullah_Gul/Abdullah_Gul_0002.jpg
Abdullah_Gul,Abdullah_Gul_0003.jpg,/home/varunaditya/Projects/Project_ARGUS/datasets/processed/LFW_subset/Abdullah_Gul/Abdullah_Gul_0003.jpg
Abdullah_Gul,Abdullah_Gul_0004.jpg,/home/varunaditya/Projects/Project_ARGUS/datasets/processed/LFW_subset/Abdullah_Gul/Abdullah_Gul_0004.jpg
Abdullah_al-Attiyah,Abdullah_al-Attiyah_0001.jpg,/home/varunaditya/Projects/Project_ARGUS/datasets/processed/LFW_subset/Abdullah_al-Attiyah/Abdullah_al-Attiyah_0001.jpg
Abdullah_al-Attiyah,Abdullah_al-Attiyah_0002.jpg,/home/varunaditya/Projects/Project_ARGUS/datasets/processed/LFW_subset/Abdullah_al-Attiyah/Abdullah_al-Attiyah_0002.jpg
Abdullah_al-Attiyah,Abdullah_al-Attiyah_0003.jpg,/home/varunaditya/Projects/Project_ARGUS/datasets/processed/LFW_subset/Abdullah_al-Attiyah/Abdullah_al-Attiyah_0003.jpg
Abdullatif_Sener,Abdullatif_Sener_0001.jpg,/home/varunaditya/Projects/Project_ARGUS/datasets/processed/LFW_subset/Abdullatif_Sener/Abdullatif_Sener_0001.jpg
Abdullatif_Sener,Abdullatif_Sener_0002.jpg,/home/varunaditya/Projects/Project_ARGUS/datasets/processed/LFW_subset/Abdullatif_Sener/Abdullatif_Sener_0002.jpg
Abel_Pacheco,Abel_Pacheco_0001.jpg,/home/varunaditya/Projects/Project_ARGUS/datasets/processed/LFW_subset/Abel_Pacheco/Abel_Pacheco_0001.jpg
Abel_Pacheco,Abel_Pacheco_0002.jpg,/home/varunaditya/Projects/Project_ARGUS/datasets/processed/LFW_subset/Abel_Pacheco/Abel_Pacheco_0002.jpg
Abel_Pacheco,Abel_Pacheco_0003.jpg,/home/varunaditya/Projects/Project_ARGUS/datasets/processed/LFW_subset/Abel_Pacheco/Abel_Pacheco_0003.jpg
Abel_Pacheco,Abel_Pacheco_0004.jpg,/home/varunaditya/Projects/Project_ARGUS/datasets/processed/LFW_subset/Abel_Pacheco/Abel_Pacheco_0004.jpg
Abid_Hamid_Mahmud_Al-Tikriti,Abid_Hamid_Mahmud_Al-Tikriti_0001.jpg,/home/varunaditya/Projects/Project_ARGUS/datasets/processed/LFW_subset/Abid_Hamid_Mahmud_Al-Tikriti/Abid_Hamid_Mahmud_Al-Tikriti_0001.jpg
Abid_Hamid_Mahmud_Al-Tikriti,Abid_Hamid_Mahmud_Al-Tikriti_0002.jpg,/home/varunaditya/Projects/Project_ARGUS/datasets/processed/LFW_subset/Abid_Hamid_Mahmud_Al-Tikriti/Abid_Hamid_Mahmud_Al-Tikriti_0002.jpg
Abid_Hamid_Mahmud_Al-Tikriti,Abid_Hamid_Mahmud_Al-Tikriti_0003.jpg,/home/varunaditya/Projects/Project_ARGUS/datasets/processed/LFW_subset/Abid_Hamid_Mahmud_Al-Tikriti/Abid_Hamid_Mahmud_Al-Tikriti_0003.jpg
Adam_Sandler,Adam_Sandler_0001.jpg,/home/varunaditya/Projects/Project_ARGUS/datasets/processed/LFW_subset/Adam_Sandler/Adam_Sandler_0001.jpg
Adam_Sandler,Adam_Sandler_0002.jpg,/home/varunaditya/Projects/Project_ARGUS/datasets/processed/LFW_subset/Adam_Sandler/Adam_Sandler_0002.jpg
Adam_Sandler,Adam_Sandler_0003.jpg,/home/varunaditya/Projects/Project_ARGUS/datasets/processed/LFW_subset/Adam_Sandler/Adam_Sandler_0003.jpg
Adam_Sandler,Adam_Sandler_0004.jpg,/home/varunaditya/Projects/Project_ARGUS/datasets/processed/LFW_subset/Adam_Sandler/Adam_Sandler_0004.jpg
Adam_Scott,Adam_Scott_0001.jpg,/home/varunaditya/Projects/Project_ARGUS/datasets/processed/LFW_subset/Adam_Scott/Adam_Scott_0001.jpg
Adam_Scott,Adam_Scott_0002.jpg,/home/varunaditya/Projects/Project_ARGUS/datasets/processed/LFW_subset/Adam_Scott/Adam_Scott_0002.jpg
Adel_Al-Jubeir,Adel_Al-Jubeir_0001.jpg,/home/varunaditya/Projects/Project_ARGUS/datasets/processed/LFW_subset/Adel_Al-Jubeir/Adel_Al-Jubeir_0001.jpg
Adel_Al-Jubeir,Adel_Al-Jubeir_0002.jpg,/home/varunaditya/Projects/Project_ARGUS/datasets/processed/LFW_subset/Adel_Al-Jubeir/Adel_Al-Jubeir_0002.jpg
Adel_Al-Jubeir,Adel_Al-Jubeir_0003.jpg,/home/varunaditya/Projects/Project_ARGUS/datasets/processed/LFW_subset/Adel_Al-Jubeir/Adel_Al-Jubeir_0003.jpg
Adolfo_Aguilar_Zinser,Adolfo_Aguilar_Zinser_0001.jpg,/home/varunaditya/Projects/Project_ARGUS/datasets/processed/LFW_subset/Adolfo_Aguilar_Zinser/Adolfo_Aguilar_Zinser_0001.jpg
Adolfo_Aguilar_Zinser,Adolfo_Aguilar_Zinser_0002.jpg,/home/varunaditya/Projects/Project_ARGUS/datasets/processed/LFW_subset/Adolfo_Aguilar_Zinser/Adolfo_Aguilar_Zinser_0002.jpg
Adolfo_Aguilar_Zinser,Adolfo_Aguilar_Zinser_0003.jpg,/home/varunaditya/Projects/Project_ARGUS/datasets/processed/LFW_subset/Adolfo_Aguilar_Zinser/Adolfo_Aguilar_Zinser_0003.jpg
Adolfo_Rodriguez_Saa,Adolfo_Rodriguez_Saa_0001.jpg,/home/varunaditya/Projects/Project_ARGUS/datasets/processed/LFW_subset/Adolfo_Rodriguez_Saa/Adolfo_Rodriguez_Saa_0001.jpg
Adolfo_Rodriguez_Saa,Adolfo_Rodriguez_Saa_0002.jpg,/home/varunaditya/Projects/Project_ARGUS/datasets/processed/LFW_subset/Adolfo_Rodriguez_Saa/Adolfo_Rodriguez_Saa_0002.jpg
Adrian_McPherson,Adrian_McPherson_0001.jpg,/home/varunaditya/Projects/Project_ARGUS/datasets/processed/LFW_subset/Adrian_McPherson/Adrian_McPherson_0001.jpg
Adrian_McPherson,Adrian_McPherson_0002.jpg,/home/varunaditya/Projects/Project_ARGUS/datasets/processed/LFW_subset/Adrian_McPherson/Adrian_McPherson_0002.jpg
Adrian_Nastase,Adrian_Nastase_0001.jpg,/home/varunaditya/Projects/Project_ARGUS/datasets/processed/LFW_subset/Adrian_Nastase/Adrian_Nastase_0001.jpg
Adrian_Nastase,Adrian_Nastase_0002.jpg,/home/varunaditya/Projects/Project_ARGUS/datasets/processed/LFW_subset/Adrian_Nastase/Adrian_Nastase_0002.jpg
Adrien_Brody,Adrien_Brody_0001.jpg,/home/varunaditya/Projects/Project_ARGUS/datasets/processed/LFW_subset/Adrien_Brody/Adrien_Brody_0001.jpg
Adrien_Brody,Adrien_Brody_0002.jpg,/home/varunaditya/Projects/Project_ARGUS/datasets/processed/LFW_subset/Adrien_Brody/Adrien_Brody_0002.jpg
Adrien_Brody,Adrien_Brody_0003.jpg,/home/varunaditya/Projects/Project_ARGUS/datasets/processed/LFW_subset/Adrien_Brody/Adrien_Brody_0003.jpg
Adrien_Brody,Adrien_Brody_0004.jpg,/home/varunaditya/Projects/Project_ARGUS/datasets/processed/LFW_subset/Adrien_Brody/Adrien_Brody_0004.jpg
Ahmad_Masood,Ahmad_Masood_0001.jpg,/home/varunaditya/Projects/Project_ARGUS/datasets/processed/LFW_subset/Ahmad_Masood/Ahmad_Masood_0001.jpg
Ahmad_Masood,Ahmad_Masood_0002.jpg,/home/varunaditya/Projects/Project_ARGUS/datasets/processed/LFW_subset/Ahmad_Masood/Ahmad_Masood_0002.jpg
Ahmed_Chalabi,Ahmed_Chalabi_0001.jpg,/home/varunaditya/Projects/Project_ARGUS/datasets/processed/LFW_subset/Ahmed_Chalabi/Ahmed_Chalabi_0001.jpg
Ahmed_Chalabi,Ahmed_Chalabi_0002.jpg,/home/varunaditya/Projects/Project_ARGUS/datasets/processed/LFW_subset/Ahmed_Chalabi/Ahmed_Chalabi_0002.jpg
Ahmed_Chalabi,Ahmed_Chalabi_0003.jpg,/home/varunaditya/Projects/Project_ARGUS/datasets/processed/LFW_subset/Ahmed_Chalabi/Ahmed_Chalabi_0003.jpg
Ahmed_Chalabi,Ahmed_Chalabi_0004.jpg,/home/varunaditya/Projects/Project_ARGUS/datasets/processed/LFW_subset/Ahmed_Chalabi/Ahmed_Chalabi_0004.jpg
Ahmet_Necdet_Sezer,Ahmet_Necdet_Sezer_0001.jpg,/home/varunaditya/Projects/Project_ARGUS/datasets/processed/LFW_subset/Ahmet_Necdet_Sezer/Ahmet_Necdet_Sezer_0001.jpg
Ahmet_Necdet_Sezer,Ahmet_Necdet_Sezer_0002.jpg,/home/varunaditya/Projects/Project_ARGUS/datasets/processed/LFW_subset/Ahmet_Necdet_Sezer/Ahmet_Necdet_Sezer_0002.jpg
Ai_Sugiyama,Ai_Sugiyama_0001.jpg,/home/varunaditya/Projects/Project_ARGUS/datasets/processed/LFW_subset/Ai_Sugiyama/Ai_Sugiyama_0001.jpg
Ai_Sugiyama,Ai_Sugiyama_0002.jpg,/home/varunaditya/Projects/Project_ARGUS/datasets/processed/LFW_subset/Ai_Sugiyama/Ai_Sugiyama_0002.jpg
Ai_Sugiyama,Ai_Sugiyama_0003.jpg,/home/varunaditya/Projects/Project_ARGUS/datasets/processed/LFW_subset/Ai_Sugiyama/Ai_Sugiyama_0003.jpg
Ai_Sugiyama,Ai_Sugiyama_0004.jpg,/home/varunaditya/Projects/Project_ARGUS/datasets/processed/LFW_subset/Ai_Sugiyama/Ai_Sugiyama_0004.jpg
Aicha_El_Ouafi,Aicha_El_Ouafi_0001.jpg,/home/varunaditya/Projects/Project_ARGUS/datasets/processed/LFW_subset/Aicha_El_Ouafi/Aicha_El_Ouafi_0001.jpg
Aicha_El_Ouafi,Aicha_El_Ouafi_0002.jpg,/home/varunaditya/Projects/Project_ARGUS/datasets/processed/LFW_subset/Aicha_El_Ouafi/Aicha_El_Ouafi_0002.jpg
Aicha_El_Ouafi,Aicha_El_Ouafi_0003.jpg,/home/varunaditya/Projects/Project_ARGUS/datasets/processed/LFW_subset/Aicha_El_Ouafi/Aicha_El_Ouafi_0003.jpg
Aitor_Gonzalez,Aitor_Gonzalez_0001.jpg,/home/varunaditya/Projects/Project_ARGUS/datasets/processed/LFW_subset/Aitor_Gonzalez/Aitor_Gonzalez_0001.jpg
Aitor_Gonzalez,Aitor_Gonzalez_0002.jpg,/home/varunaditya/Projects/Project_ARGUS/datasets/processed/LFW_subset/Aitor_Gonzalez/Aitor_Gonzalez_0002.jpg
Akbar_Hashemi_Rafsanjani,Akbar_Hashemi_Rafsanjani_0001.jpg,/home/varunaditya/Projects/Project_ARGUS/datasets/processed/LFW_subset/Akbar_Hashemi_Rafsanjani/Akbar_Hashemi_Rafsanjani_0001.jpg
Akbar_Hashemi_Rafsanjani,Akbar_Hashemi_Rafsanjani_0002.jpg,/home/varunaditya/Projects/Project_ARGUS/datasets/processed/LFW_subset/Akbar_Hashemi_Rafsanjani/Akbar_Hashemi_Rafsanjani_0002.jpg
Akbar_Hashemi_Rafsanjani,Akbar_Hashemi_Rafsanjani_0003.jpg,/home/varunaditya/Projects/Project_ARGUS/datasets/processed/LFW_subset/Akbar_Hashemi_Rafsanjani/Akbar_Hashemi_Rafsanjani_0003.jpg
Akhmed_Zakayev,Akhmed_Zakayev_0001.jpg,/home/varunaditya/Projects/Project_ARGUS/datasets/processed/LFW_subset/Akhmed_Zakayev/Akhmed_Zakayev_0001.jpg
Akhmed_Zakayev,Akhmed_Zakayev_0002.jpg,/home/varunaditya/Projects/Project_ARGUS/datasets/processed/LFW_subset/Akhmed_Zakayev/Akhmed_Zakayev_0002.jpg
Akhmed_Zakayev,Akhmed_Zakayev_0003.jpg,/home/varunaditya/Projects/Project_ARGUS/datasets/processed/LFW_subset/Akhmed_Zakayev/Akhmed_Zakayev_0003.jpg
Al_Davis,Al_Davis_0001.jpg,/home/varunaditya/Projects/Project_ARGUS/datasets/processed/LFW_subset/Al_Davis/Al_Davis_0001.jpg
Al_Davis,Al_Davis_0002.jpg,/home/varunaditya/Projects/Project_ARGUS/datasets/processed/LFW_subset/Al_Davis/Al_Davis_0002.jpg
Al_Gore,Al_Gore_0001.jpg,/home/varunaditya/Projects/Project_ARGUS/datasets/processed/LFW_subset/Al_Gore/Al_Gore_0001.jpg
Al_Gore,Al_Gore_0002.jpg,/home/varunaditya/Projects/Project_ARGUS/datasets/processed/LFW_subset/Al_Gore/Al_Gore_0002.jpg
Al_Gore,Al_Gore_0003.jpg,/home/varunaditya/Projects/Project_ARGUS/datasets/processed/LFW_subset/Al_Gore/Al_Gore_0003.jpg
Al_Gore,Al_Gore_0004.jpg,/home/varunaditya/Projects/Project_ARGUS/datasets/processed/LFW_subset/Al_Gore/Al_Gore_0004.jpg
Al_Pacino,Al_Pacino_0001.jpg,/home/varunaditya/Projects/Project_ARGUS/datasets/processed/LFW_subset/Al_Pacino/Al_Pacino_0001.jpg
Al_Pacino,Al_Pacino_0002.jpg,/home/varunaditya/Projects/Project_ARGUS/datasets/processed/LFW_subset/Al_Pacino/Al_Pacino_0002.jpg
Al_Pacino,Al_Pacino_0003.jpg,/home/varunaditya/Projects/Project_ARGUS/datasets/processed/LFW_subset/Al_Pacino/Al_Pacino_0003.jpg
Al_Sharpton,Al_Sharpton_0001.jpg,/home/varunaditya/Projects/Project_ARGUS/datasets/processed/LFW_subset/Al_Sharpton/Al_Sharpton_0001.jpg
Al_Sharpton,Al_Sharpton_0002.jpg,/home/varunaditya/Projects/Project_ARGUS/datasets/processed/LFW_subset/Al_Sharpton/Al_Sharpton_0002.jpg
Al_Sharpton,Al_Sharpton_0003.jpg,/home/varunaditya/Projects/Project_ARGUS/datasets/processed/LFW_subset/Al_Sharpton/Al_Sharpton_0003.jpg
Al_Sharpton,Al_Sharpton_0004.jpg,/home/varunaditya/Projects/Project_ARGUS/datasets/processed/LFW_subset/Al_Sharpton/Al_Sharpton_0004.jpg
Alan_Ball,Alan_Ball_0001.jpg,/home/varunaditya/Projects/Project_ARGUS/datasets/processed/LFW_subset/Alan_Ball/Alan_Ball_0001.jpg
Alan_Ball,Alan_Ball_0002.jpg,/home/varunaditya/Projects/Project_ARGUS/datasets/processed/LFW_subset/Alan_Ball/Alan_Ball_0002.jpg
Alan_Greenspan,Alan_Greenspan_0001.jpg,/home/varunaditya/Projects/Project_ARGUS/datasets/processed/LFW_subset/Alan_Greenspan/Alan_Greenspan_0001.jpg
Alan_Greenspan,Alan_Greenspan_0002.jpg,/home/varunaditya/Projects/Project_ARGUS/datasets/processed/LFW_subset/Alan_Greenspan/Alan_Greenspan_0002.jpg
Alan_Greenspan,Alan_Greenspan_0003.jpg,/home/varunaditya/Projects/Project_ARGUS/datasets/processed/LFW_subset/Alan_Greenspan/Alan_Greenspan_0003.jpg
Alan_Greenspan,Alan_Greenspan_0004.jpg,/home/varunaditya/Projects/Project_ARGUS/datasets/processed/LFW_subset/Alan_Greenspan/Alan_Greenspan_0004.jpg
Alan_Mulally,Alan_Mulally_0001.jpg,/home/varunaditya/Projects/Project_ARGUS/datasets/processed/LFW_subset/Alan_Mulally/Alan_Mulally_0001.jpg
Alan_Mulally,Alan_Mulally_0002.jpg,/home/varunaditya/Projects/Project_ARGUS/datasets/processed/LFW_subset/Alan_Mulally/Alan_Mulally_0002.jpg
Alastair_Campbell,Alastair_Campbell_0001.jpg,/home/varunaditya/Projects/Project_ARGUS/datasets/processed/LFW_subset/Alastair_Campbell/Alastair_Campbell_0001.jpg
Alastair_Campbell,Alastair_Campbell_0002.jpg,/home/varunaditya/Projects/Project_ARGUS/datasets/processed/LFW_subset/Alastair_Campbell/Alastair_Campbell_0002.jpg
Alastair_Campbell,Alastair_Campbell_0003.jpg,/home/varunaditya/Projects/Project_ARGUS/datasets/processed/LFW_subset/Alastair_Campbell/Alastair_Campbell_0003.jpg
Alastair_Campbell,Alastair_Campbell_0004.jpg,/home/varunaditya/Projects/Project_ARGUS/datasets/processed/LFW_subset/Alastair_Campbell/Alastair_Campbell_0004.jpg
Albert_Costa,Albert_Costa_0001.jpg,/home/varunaditya/Projects/Project_ARGUS/datasets/processed/LFW_subset/Albert_Costa/Albert_Costa_0001.jpg
Albert_Costa,Albert_Costa_0002.jpg,/home/varunaditya/Projects/Project_ARGUS/datasets/processed/LFW_subset/Albert_Costa/Albert_Costa_0002.jpg
Albert_Costa,Albert_Costa_0003.jpg,/home/varunaditya/Projects/Project_ARGUS/datasets/processed/LFW_subset/Albert_Costa/Albert_Costa_0003.jpg
Albert_Costa,Albert_Costa_0004.jpg,/home/varunaditya/Projects/Project_ARGUS/datasets/processed/LFW_subset/Albert_Costa/Albert_Costa_0004.jpg
Alberto_Fujimori,Alberto_Fujimori_0001.jpg,/home/varunaditya/Projects/Project_ARGUS/datasets/processed/LFW_subset/Alberto_Fujimori/Alberto_Fujimori_0001.jpg
Alberto_Fujimori,Alberto_Fujimori_0002.jpg,/home/varunaditya/Projects/Project_ARGUS/datasets/processed/LFW_subset/Alberto_Fujimori/Alberto_Fujimori_0002.jpg
Alberto_Ruiz_Gallardon,Alberto_Ruiz_Gallardon_0001.jpg,/home/varunaditya/Projects/Project_ARGUS/datasets/processed/LFW_subset/Alberto_Ruiz_Gallardon/Alberto_Ruiz_Gallardon_0001.jpg
Alberto_Ruiz_Gallardon,Alberto_Ruiz_Gallardon_0002.jpg,/home/varunaditya/Projects/Project_ARGUS/datasets/processed/LFW_subset/Alberto_Ruiz_Gallardon/Alberto_Ruiz_Gallardon_0002.jpg
Albrecht_Mentz,Albrecht_Mentz_0001.jpg,/home/varunaditya/Projects/Project_ARGUS/datasets/processed/LFW_subset/Albrecht_Mentz/Albrecht_Mentz_0001.jpg
Albrecht_Mentz,Albrecht_Mentz_0002.jpg,/home/varunaditya/Projects/Project_ARGUS/datasets/processed/LFW_subset/Albrecht_Mentz/Albrecht_Mentz_0002.jpg
Aldo_Paredes,Aldo_Paredes_0001.jpg,/home/varunaditya/Projects/Project_ARGUS/datasets/processed/LFW_subset/Aldo_Paredes/Aldo_Paredes_0001.jpg
Aldo_Paredes,Aldo_Paredes_0002.jpg,/home/varunaditya/Projects/Project_ARGUS/datasets/processed/LFW_subset/Aldo_Paredes/Aldo_Paredes_0002.jpg
Alec_Baldwin,Alec_Baldwin_0001.jpg,/home/varunaditya/Projects/Project_ARGUS/datasets/processed/LFW_subset/Alec_Baldwin/Alec_Baldwin_0001.jpg
Alec_Baldwin,Alec_Baldwin_0002.jpg,/home/varunaditya/Projects/Project_ARGUS/datasets/processed/LFW_subset/Alec_Baldwin/Alec_Baldwin_0002.jpg
Alec_Baldwin,Alec_Baldwin_0003.jpg,/home/varunaditya/Projects/Project_ARGUS/datasets/processed/LFW_subset/Alec_Baldwin/Alec_Baldwin_0003.jpg
Alec_Baldwin,Alec_Baldwin_0004.jpg,/home/varunaditya/Projects/Project_ARGUS/datasets/processed/LFW_subset/Alec_Baldwin/Alec_Baldwin_0004.jpg
Alejandro_Atchugarry,Alejandro_Atchugarry_0001.jpg,/home/varunaditya/Projects/Project_ARGUS/datasets/processed/LFW_subset/Alejandro_Atchugarry/Alejandro_Atchugarry_0001.jpg
Alejandro_Atchugarry,Alejandro_Atchugarry_0002.jpg,/home/varunaditya/Projects/Project_ARGUS/datasets/processed/LFW_subset/Alejandro_Atchugarry/Alejandro_Atchugarry_0002.jpg
Alejandro_Avila,Alejandro_Avila_0001.jpg,/home/varunaditya/Projects/Project_ARGUS/datasets/processed/LFW_subset/Alejandro_Avila/Alejandro_Avila_0001.jpg
Alejandro_Avila,Alejandro_Avila_0002.jpg,/home/varunaditya/Projects/Project_ARGUS/datasets/processed/LFW_subset/Alejandro_Avila/Alejandro_Avila_0002.jpg
Alejandro_Avila,Alejandro_Avila_0003.jpg,/home/varunaditya/Projects/Project_ARGUS/datasets/processed/LFW_subset/Alejandro_Avila/Alejandro_Avila_0003.jpg
Alejandro_Toledo,Alejandro_Toledo_0001.jpg,/home/varunaditya/Projects/Project_ARGUS/datasets/processed/LFW_subset/Alejandro_Toledo/Alejandro_Toledo_0001.jpg
Alejandro_Toledo,Alejandro_Toledo_0002.jpg,/home/varunaditya/Projects/Project_ARGUS/datasets/processed/LFW_subset/Alejandro_Toledo/Alejandro_Toledo_0002.jpg
Alejandro_Toledo,Alejandro_Toledo_0003.jpg,/home/varunaditya/Projects/Project_ARGUS/datasets/processed/LFW_subset/Alejandro_Toledo/Alejandro_Toledo_0003.jpg
Alejandro_Toledo,Alejandro_Toledo_0004.jpg,/home/varunaditya/Projects/Project_ARGUS/datasets/processed/LFW_subset/Alejandro_Toledo/Alejandro_Toledo_0004.jpg
Aleksander_Kwasniewski,Aleksander_Kwasniewski_0001.jpg,/home/varunaditya/Projects/Project_ARGUS/datasets/processed/LFW_subset/Aleksander_Kwasniewski/Aleksander_Kwasniewski_0001.jpg
Aleksander_Kwasniewski,Aleksander_Kwasniewski_0002.jpg,/home/varunaditya/Projects/Project_ARGUS/datasets/processed/LFW_subset/Aleksander_Kwasniewski/Aleksander_Kwasniewski_0002.jpg
Aleksander_Kwasniewski,Aleksander_Kwasniewski_0003.jpg,/home/varunaditya/Projects/Project_ARGUS/datasets/processed/LFW_subset/Aleksander_Kwasniewski/Aleksander_Kwasniewski_0003.jpg
Aleksander_Kwasniewski,Aleksander_Kwasniewski_0004.jpg,/home/varunaditya/Projects/Project_ARGUS/datasets/processed/LFW_subset/Aleksander_Kwasniewski/Aleksander_Kwasniewski_0004.jpg
Alex_Barros,Alex_Barros_0001.jpg,/home/varunaditya/Projects/Project_ARGUS/datasets/processed/LFW_subset/Alex_Barros/Alex_Barros_0001.jpg
Alex_Barros,Alex_Barros_0002.jpg,/home/varunaditya/Projects/Project_ARGUS/datasets/processed/LFW_subset/Alex_Barros/Alex_Barros_0002.jpg
Alex_Penelas,Alex_Penelas_0001.jpg,/home/varunaditya/Projects/Project_ARGUS/datasets/processed/LFW_subset/Alex_Penelas/Alex_Penelas_0001.jpg
Alex_Penelas,Alex_Penelas_0002.jpg,/home/varunaditya/Projects/Project_ARGUS/datasets/processed/LFW_subset/Alex_Penelas/Alex_Penelas_0002.jpg
Alex_Sink,Alex_Sink_0001.jpg,/home/varunaditya/Projects/Project_ARGUS/datasets/processed/LFW_subset/Alex_Sink/Alex_Sink_0001.jpg
Alex_Sink,Alex_Sink_0002.jpg,/home/varunaditya/Projects/Project_ARGUS/datasets/processed/LFW_subset/Alex_Sink/Alex_Sink_0002.jpg
Alex_Sink,Alex_Sink_0003.jpg,/home/varunaditya/Projects/Project_ARGUS/datasets/processed/LFW_subset/Alex_Sink/Alex_Sink_0003.jpg
Alexander_Downer,Alexander_Downer_0001.jpg,/home/varunaditya/Projects/Project_ARGUS/datasets/processed/LFW_subset/Alexander_Downer/Alexander_Downer_0001.jpg
Alexander_Downer,Alexander_Downer_0002.jpg,/home/varunaditya/Projects/Project_ARGUS/datasets/processed/LFW_subset/Alexander_Downer/Alexander_Downer_0002.jpg
Alexander_Downer,Alexander_Downer_0003.jpg,/home/varunaditya/Projects/Project_ARGUS/datasets/processed/LFW_subset/Alexander_Downer/Alexander_Downer_0003.jpg
Alexander_Downer,Alexander_Downer_0004.jpg,/home/varunaditya/Projects/Project_ARGUS/datasets/processed/LFW_subset/Alexander_Downer/Alexander_Downer_0004.jpg
Alexander_Losyukov,Alexander_Losyukov_0001.jpg,/home/varunaditya/Projects/Project_ARGUS/datasets/processed/LFW_subset/Alexander_Losyukov/Alexander_Losyukov_0001.jpg
Alexander_Losyukov,Alexander_Losyukov_0002.jpg,/home/varunaditya/Projects/Project_ARGUS/datasets/processed/LFW_subset/Alexander_Losyukov/Alexander_Losyukov_0002.jpg
Alexander_Losyukov,Alexander_Losyukov_0003.jpg,/home/varunaditya/Projects/Project_ARGUS/datasets/processed/LFW_subset/Alexander_Losyukov/Alexander_Losyukov_0003.jpg
Alexander_Losyukov,Alexander_Losyukov_0004.jpg,/home/varunaditya/Projects/Project_ARGUS/datasets/processed/LFW_subset/Alexander_Losyukov/Alexander_Losyukov_0004.jpg
Alexander_Rumyantsev,Alexander_Rumyantsev_0001.jpg,/home/varunaditya/Projects/Project_ARGUS/datasets/processed/LFW_subset/Alexander_Rumyantsev/Alexander_Rumyantsev_0001.jpg
Alexander_Rumyantsev,Alexander_Rumyantsev_0002.jpg,/home/varunaditya/Projects/Project_ARGUS/datasets/processed/LFW_subset/Alexander_Rumyantsev/Alexander_Rumyantsev_0002.jpg
Alexandra_Stevenson,Alexandra_Stevenson_0001.jpg,/home/varunaditya/Projects/Project_ARGUS/datasets/processed/LFW_subset/Alexandra_Stevenson/Alexandra_Stevenson_0001.jpg
Alexandra_Stevenson,Alexandra_Stevenson_0002.jpg,/home/varunaditya/Projects/Project_ARGUS/datasets/processed/LFW_subset/Alexandra_Stevenson/Alexandra_Stevenson_0002.jpg
Alexandra_Stevenson,Alexandra_Stevenson_0003.jpg,/home/varunaditya/Projects/Project_ARGUS/datasets/processed/LFW_subset/Alexandra_Stevenson/Alexandra_Stevenson_0003.jpg
Alexandra_Vodjanikova,Alexandra_Vodjanikova_0001.jpg,/home/varunaditya/Projects/Project_ARGUS/datasets/processed/LFW_subset/Alexandra_Vodjanikova/Alexandra_Vodjanikova_0001.jpg
Alexandra_Vodjanikova,Alexandra_Vodjanikova_0002.jpg,/home/varunaditya/Projects/Project_ARGUS/datasets/processed/LFW_subset/Alexandra_Vodjanikova/Alexandra_Vodjanikova_0002.jpg
Ali_Abbas,Ali_Abbas_0001.jpg,/home/varunaditya/Projects/Project_ARGUS/datasets/processed/LFW_subset/Ali_Abbas/Ali_Abbas_0001.jpg
Ali_Abbas,Ali_Abbas_0002.jpg,/home/varunaditya/Projects/Project_ARGUS/datasets/processed/LFW_subset/Ali_Abbas/Ali_Abbas_0002.jpg
Ali_Khamenei,Ali_Khamenei_0001.jpg,/home/varunaditya/Projects/Project_ARGUS/datasets/processed/LFW_subset/Ali_Khamenei/Ali_Khamenei_0001.jpg
Ali_Khamenei,Ali_Khamenei_0002.jpg,/home/varunaditya/Projects/Project_ARGUS/datasets/processed/LFW_subset/Ali_Khamenei/Ali_Khamenei_0002.jpg
Ali_Khamenei,Ali_Khamenei_0003.jpg,/home/varunaditya/Projects/Project_ARGUS/datasets/processed/LFW_subset/Ali_Khamenei/Ali_Khamenei_0003.jpg
Ali_Naimi,Ali_Naimi_0001.jpg,/home/varunaditya/Projects/Project_ARGUS/datasets/processed/LFW_subset/Ali_Naimi/Ali_Naimi_0001.jpg
Ali_Naimi,Ali_Naimi_0002.jpg,/home/varunaditya/Projects/Project_ARGUS/datasets/processed/LFW_subset/Ali_Naimi/Ali_Naimi_0002.jpg
Ali_Naimi,Ali_Naimi_0003.jpg,/home/varunaditya/Projects/Project_ARGUS/datasets/processed/LFW_subset/Ali_Naimi/Ali_Naimi_0003.jpg
Ali_Naimi,Ali_Naimi_0004.jpg,/home/varunaditya/Projects/Project_ARGUS/datasets/processed/LFW_subset/Ali_Naimi/Ali_Naimi_0004.jpg
Alice_Fisher,Alice_Fisher_0001.jpg,/home/varunaditya/Projects/Project_ARGUS/datasets/processed/LFW_subset/Alice_Fisher/Alice_Fisher_0001.jpg
Alice_Fisher,Alice_Fisher_0002.jpg,/home/varunaditya/Projects/Project_ARGUS/datasets/processed/LFW_subset/Alice_Fisher/Alice_Fisher_0002.jpg
Alicia_Silverstone,Alicia_Silverstone_0001.jpg,/home/varunaditya/Projects/Project_ARGUS/datasets/processed/LFW_subset/Alicia_Silverstone/Alicia_Silverstone_0001.jpg
Alicia_Silverstone,Alicia_Silverstone_0002.jpg,/home/varunaditya/Projects/Project_ARGUS/datasets/processed/LFW_subset/Alicia_Silverstone/Alicia_Silverstone_0002.jpg
Alimzhan_Tokhtakhounov,Alimzhan_Tokhtakhounov_0001.jpg,/home/varunaditya/Projects/Project_ARGUS/datasets/processed/LFW_subset/Alimzhan_Tokhtakhounov/Alimzhan_Tokhtakhounov_0001.jpg
Alimzhan_Tokhtakhounov,Alimzhan_Tokhtakhounov_0002.jpg,/home/varunaditya/Projects/Project_ARGUS/datasets/processed/LFW_subset/Alimzhan_Tokhtakhounov/Alimzhan_Tokhtakhounov_0002.jpg
Alison_Lohman,Alison_Lohman_0001.jpg,/home/varunaditya/Projects/Project_ARGUS/datasets/processed/LFW_subset/Alison_Lohman/Alison_Lohman_0001.jpg
Alison_Lohman,Alison_Lohman_0002.jpg,/home/varunaditya/Projects/Project_ARGUS/datasets/processed/LFW_subset/Alison_Lohman/Alison_Lohman_0002.jpg
Allen_Iverson,Allen_Iverson_0001.jpg,/home/varunaditya/Projects/Project_ARGUS/datasets/processed/LFW_subset/Allen_Iverson/Allen_Iverson_0001.jpg
Allen_Iverson,Allen_Iverson_0002.jpg,/home/varunaditya/Projects/Project_ARGUS/datasets/processed/LFW_subset/Allen_Iverson/Allen_Iverson_0002.jpg
Allison_Janney,Allison_Janney_0001.jpg,/home/varunaditya/Projects/Project_ARGUS/datasets/processed/LFW_subset/Allison_Janney/Allison_Janney_0001.jpg
Allison_Janney,Allison_Janney_0002.jpg,/home/varunaditya/Projects/Project_ARGUS/datasets/processed/LFW_subset/Allison_Janney/Allison_Janney_0002.jpg
Allyson_Felix,Allyson_Felix_0001.jpg,/home/varunaditya/Projects/Project_ARGUS/datasets/processed/LFW_subset/Allyson_Felix/Allyson_Felix_0001.jpg
Allyson_Felix,Allyson_Felix_0002.jpg,/home/varunaditya/Projects/Project_ARGUS/datasets/processed/LFW_subset/Allyson_Felix/Allyson_Felix_0002.jpg
Allyson_Felix,Allyson_Felix_0003.jpg,/home/varunaditya/Projects/Project_ARGUS/datasets/processed/LFW_subset/Allyson_Felix/Allyson_Felix_0003.jpg
Allyson_Felix,Allyson_Felix_0004.jpg,/home/varunaditya/Projects/Project_ARGUS/datasets/processed/LFW_subset/Allyson_Felix/Allyson_Felix_0004.jpg
Alvaro_Noboa,Alvaro_Noboa_0001.jpg,/home/varunaditya/Projects/Project_ARGUS/datasets/processed/LFW_subset/Alvaro_Noboa/Alvaro_Noboa_0001.jpg
Alvaro_Noboa,Alvaro_Noboa_0002.jpg,/home/varunaditya/Projects/Project_ARGUS/datasets/processed/LFW_subset/Alvaro_Noboa/Alvaro_Noboa_0002.jpg
Alvaro_Noboa,Alvaro_Noboa_0003.jpg,/home/varunaditya/Projects/Project_ARGUS/datasets/processed/LFW_subset/Alvaro_Noboa/Alvaro_Noboa_0003.jpg
Alvaro_Silva_Calderon,Alvaro_Silva_Calderon_0001.jpg,/home/varunaditya/Projects/Project_ARGUS/datasets/processed/LFW_subset/Alvaro_Silva_Calderon/Alvaro_Silva_Calderon_0001.jpg
Alvaro_Silva_Calderon,Alvaro_Silva_Calderon_0002.jpg,/home/varunaditya/Projects/Project_ARGUS/datasets/processed/LFW_subset/Alvaro_Silva_Calderon/Alvaro_Silva_Calderon_0002.jpg
Alvaro_Silva_Calderon,Alvaro_Silva_Calderon_0003.jpg,/home/varunaditya/Projects/Project_ARGUS/datasets/processed/LFW_subset/Alvaro_Silva_Calderon/Alvaro_Silva_Calderon_0003.jpg
Alvaro_Silva_Calderon,Alvaro_Silva_Calderon_0004.jpg,/home/varunaditya/Projects/Project_ARGUS/datasets/processed/LFW_subset/Alvaro_Silva_Calderon/Alvaro_Silva_Calderon_0004.jpg
Alvaro_Uribe,Alvaro_Uribe_0001.jpg,/home/varunaditya/Projects/Project_ARGUS/datasets/processed/LFW_subset/Alvaro_Uribe/Alvaro_Uribe_0001.jpg
Alvaro_Uribe,Alvaro_Uribe_0002.jpg,/home/varunaditya/Projects/Project_ARGUS/datasets/processed/LFW_subset/Alvaro_Uribe/Alvaro_Uribe_0002.jpg
Alvaro_Uribe,Alvaro_Uribe_0003.jpg,/home/varunaditya/Projects/Project_ARGUS/datasets/processed/LFW_subset/Alvaro_Uribe/Alvaro_Uribe_0003.jpg
Alvaro_Uribe,Alvaro_Uribe_0004.jpg,/home/varunaditya/Projects/Project_ARGUS/datasets/processed/LFW_subset/Alvaro_Uribe/Alvaro_Uribe_0004.jpg
Amanda_Beard,Amanda_Beard_0001.jpg,/home/varunaditya/Projects/Project_ARGUS/datasets/processed/LFW_subset/Amanda_Beard/Amanda_Beard_0001.jpg
Amanda_Beard,Amanda_Beard_0002.jpg,/home/varunaditya/Projects/Project_ARGUS/datasets/processed/LFW_subset/Amanda_Beard/Amanda_Beard_0002.jpg
Amanda_Bynes,Amanda_Bynes_0001.jpg,/home/varunaditya/Projects/Project_ARGUS/datasets/processed/LFW_subset/Amanda_Bynes/Amanda_Bynes_0001.jpg
Amanda_Bynes,Amanda_Bynes_0002.jpg,/home/varunaditya/Projects/Project_ARGUS/datasets/processed/LFW_subset/Amanda_Bynes/Amanda_Bynes_0002.jpg
Amanda_Bynes,Amanda_Bynes_0003.jpg,/home/varunaditya/Projects/Project_ARGUS/datasets/processed/LFW_subset/Amanda_Bynes/Amanda_Bynes_0003.jpg
Amanda_Bynes,Amanda_Bynes_0004.jpg,/home/varunaditya/Projects/Project_ARGUS/datasets/processed/LFW_subset/Amanda_Bynes/Amanda_Bynes_0004.jpg
Amanda_Coetzer,Amanda_Coetzer_0001.jpg,/home/varunaditya/Projects/Project_ARGUS/datasets/processed/LFW_subset/Amanda_Coetzer/Amanda_Coetzer_0001.jpg
Amanda_Coetzer,Amanda_Coetzer_0002.jpg,/home/varunaditya/Projects/Project_ARGUS/datasets/processed/LFW_subset/Amanda_Coetzer/Amanda_Coetzer_0002.jpg
Amber_Tamblyn,Amber_Tamblyn_0001.jpg,/home/varunaditya/Projects/Project_ARGUS/datasets/processed/LFW_subset/Amber_Tamblyn/Amber_Tamblyn_0001.jpg
Amber_Tamblyn,Amber_Tamblyn_0002.jpg,/home/varunaditya/Projects/Project_ARGUS/datasets/processed/LFW_subset/Amber_Tamblyn/Amber_Tamblyn_0002.jpg
Amelia_Vega,Amelia_Vega_0001.jpg,/home/varunaditya/Projects/Project_ARGUS/datasets/processed/LFW_subset/Amelia_Vega/Amelia_Vega_0001.jpg
Amelia_Vega,Amelia_Vega_0002.jpg,/home/varunaditya/Projects/Project_ARGUS/datasets/processed/LFW_subset/Amelia_Vega/Amelia_Vega_0002.jpg
Amelia_Vega,Amelia_Vega_0003.jpg,/home/varunaditya/Projects/Project_ARGUS/datasets/processed/LFW_subset/Amelia_Vega/Amelia_Vega_0003.jpg
Amelia_Vega,Amelia_Vega_0004.jpg,/home/varunaditya/Projects/Project_ARGUS/datasets/processed/LFW_subset/Amelia_Vega/Amelia_Vega_0004.jpg
Amelie_Mauresmo,Amelie_Mauresmo_0001.jpg,/home/varunaditya/Projects/Project_ARGUS/datasets/processed/LFW_subset/Amelie_Mauresmo/Amelie_Mauresmo_0001.jpg
Amelie_Mauresmo,Amelie_Mauresmo_0002.jpg,/home/varunaditya/Projects/Project_ARGUS/datasets/processed/LFW_subset/Amelie_Mauresmo/Amelie_Mauresmo_0002.jpg
Amelie_Mauresmo,Amelie_Mauresmo_0003.jpg,/home/varunaditya/Projects/Project_ARGUS/datasets/processed/LFW_subset/Amelie_Mauresmo/Amelie_Mauresmo_0003.jpg
Amelie_Mauresmo,Amelie_Mauresmo_0004.jpg,/home/varunaditya/Projects/Project_ARGUS/datasets/processed/LFW_subset/Amelie_Mauresmo/Amelie_Mauresmo_0004.jpg
Amer_al-Saadi,Amer_al-Saadi_0001.jpg,/home/varunaditya/Projects/Project_ARGUS/datasets/processed/LFW_subset/Amer_al-Saadi/Amer_al-Saadi_0001.jpg
Amer_al-Saadi,Amer_al-Saadi_0002.jpg,/home/varunaditya/Projects/Project_ARGUS/datasets/processed/LFW_subset/Amer_al-Saadi/Amer_al-Saadi_0002.jpg
Amer_al-Saadi,Amer_al-Saadi_0003.jpg,/home/varunaditya/Projects/Project_ARGUS/datasets/processed/LFW_subset/Amer_al-Saadi/Amer_al-Saadi_0003.jpg
Amer_al-Saadi,Amer_al-Saadi_0004.jpg,/home/varunaditya/Projects/Project_ARGUS/datasets/processed/LFW_subset/Amer_al-Saadi/Amer_al-Saadi_0004.jpg
Amram_Mitzna,Amram_Mitzna_0001.jpg,/home/varunaditya/Projects/Project_ARGUS/datasets/processed/LFW_subset/Amram_Mitzna/Amram_Mitzna_0001.jpg
Amram_Mitzna,Amram_Mitzna_0002.jpg,/home/varunaditya/Projects/Project_ARGUS/datasets/processed/LFW_subset/Amram_Mitzna/Amram_Mitzna_0002.jpg
Ana_Guevara,Ana_Guevara_0001.jpg,/home/varunaditya/Projects/Project_ARGUS/datasets/processed/LFW_subset/Ana_Guevara/Ana_Guevara_0001.jpg
Ana_Guevara,Ana_Guevara_0002.jpg,/home/varunaditya/Projects/Project_ARGUS/datasets/processed/LFW_subset/Ana_Guevara/Ana_Guevara_0002.jpg
Ana_Guevara,Ana_Guevara_0003.jpg,/home/varunaditya/Projects/Project_ARGUS/datasets/processed/LFW_subset/Ana_Guevara/Ana_Guevara_0003.jpg
Ana_Guevara,Ana_Guevara_0004.jpg,/home/varunaditya/Projects/Project_ARGUS/datasets/processed/LFW_subset/Ana_Guevara/Ana_Guevara_0004.jpg
Ana_Palacio,Ana_Palacio_0001.jpg,/home/varunaditya/Projects/Project_ARGUS/datasets/processed/LFW_subset/Ana_Palacio/Ana_Palacio_0001.jpg
Ana_Palacio,Ana_Palacio_0002.jpg,/home/varunaditya/Projects/Project_ARGUS/datasets/processed/LFW_subset/Ana_Palacio/Ana_Palacio_0002.jpg
Ana_Palacio,Ana_Palacio_0003.jpg,/home/varunaditya/Projects/Project_ARGUS/datasets/processed/LFW_subset/Ana_Palacio/Ana_Palacio_0003.jpg
Ana_Palacio,Ana_Palacio_0004.jpg,/home/varunaditya/Projects/Project_ARGUS/datasets/processed/LFW_subset/Ana_Palacio/Ana_Palacio_0004.jpg
Anastasia_Myskina,Anastasia_Myskina_0001.jpg,/home/varunaditya/Projects/Project_ARGUS/datasets/processed/LFW_subset/Anastasia_Myskina/Anastasia_Myskina_0001.jpg
Anastasia_Myskina,Anastasia_Myskina_0002.jpg,/home/varunaditya/Projects/Project_ARGUS/datasets/processed/LFW_subset/Anastasia_Myskina/Anastasia_Myskina_0002.jpg
Anastasia_Myskina,Anastasia_Myskina_0003.jpg,/home/varunaditya/Projects/Project_ARGUS/datasets/processed/LFW_subset/Anastasia_Myskina/Anastasia_Myskina_0003.jpg
Anders_Ebbeson,Anders_Ebbeson_0001.jpg,/home/varunaditya/Projects/Project_ARGUS/datasets/processed/LFW_subset/Anders_Ebbeson/Anders_Ebbeson_0001.jpg
Anders_Ebbeson,Anders_Ebbeson_0002.jpg,/home/varunaditya/Projects/Project_ARGUS/datasets/processed/LFW_subset/Anders_Ebbeson/Anders_Ebbeson_0002.jpg
Anders_Ebbeson,Anders_Ebbeson_0003.jpg,/home/varunaditya/Projects/Project_ARGUS/datasets/processed/LFW_subset/Anders_Ebbeson/Anders_Ebbeson_0003.jpg
Anders_Fogh_Rasmussen,Anders_Fogh_Rasmussen_0001.jpg,/home/varunaditya/Projects/Project_ARGUS/datasets/processed/LFW_subset/Anders_Fogh_Rasmussen/Anders_Fogh_Rasmussen_0001.jpg
Anders_Fogh_Rasmussen,Anders_Fogh_Rasmussen_0002.jpg,/home/varunaditya/Projects/Project_ARGUS/datasets/processed/LFW_subset/Anders_Fogh_Rasmussen/Anders_Fogh_Rasmussen_0002.jpg
Anders_Fogh_Rasmussen,Anders_Fogh_Rasmussen_0003.jpg,/home/varunaditya/Projects/Project_ARGUS/datasets/processed/LFW_subset/Anders_Fogh_Rasmussen/Anders_Fogh_Rasmussen_0003.jpg
Anders_Fogh_Rasmussen,Anders_Fogh_Rasmussen_0004.jpg,/home/varunaditya/Projects/Project_ARGUS/datasets/processed/LFW_subset/Anders_Fogh_Rasmussen/Anders_Fogh_Rasmussen_0004.jpg
Andre_Agassi,Andre_Agassi_0001.jpg,/home/varunaditya/Projects/Project_ARGUS/datasets/processed/LFW_subset/Andre_Agassi/Andre_Agassi_0001.jpg
Andre_Agassi,Andre_Agassi_0002.jpg,/home/varunaditya/Projects/Project_ARGUS/datasets/processed/LFW_subset/Andre_Agassi/Andre_Agassi_0002.jpg
Andre_Agassi,Andre_Agassi_0003.jpg,/home/varunaditya/Projects/Project_ARGUS/datasets/processed/LFW_subset/Andre_Agassi/Andre_Agassi_0003.jpg
Andre_Agassi,Andre_Agassi_0004.jpg,/home/varunaditya/Projects/Project_ARGUS/datasets/processed/LFW_subset/Andre_Agassi/Andre_Agassi_0004.jpg
Andrei_Mikhnevich,Andrei_Mikhnevich_0001.jpg,/home/varunaditya/Projects/Project_ARGUS/datasets/processed/LFW_subset/Andrei_Mikhnevich/Andrei_Mikhnevich_0001.jpg
Andrei_Mikhnevich,Andrei_Mikhnevich_0002.jpg,/home/varunaditya/Projects/Project_ARGUS/datasets/processed/LFW_subset/Andrei_Mikhnevich/Andrei_Mikhnevich_0002.jpg
Andrew_Bunner,Andrew_Bunner_0001.jpg,/home/varunaditya/Projects/Project_ARGUS/datasets/processed/LFW_subset/Andrew_Bunner/Andrew_Bunner_0001.jpg
Andrew_Bunner,Andrew_Bunner_0002.jpg,/home/varunaditya/Projects/Project_ARGUS/datasets/processed/LFW_subset/Andrew_Bunner/Andrew_Bunner_0002.jpg
Andrew_Cuomo,Andrew_Cuomo_0001.jpg,/home/varunaditya/Projects/Project_ARGUS/datasets/processed/LFW_subset/Andrew_Cuomo/Andrew_Cuomo_0001.jpg
Andrew_Cuomo,Andrew_Cuomo_0002.jpg,/home/varunaditya/Projects/Project_ARGUS/datasets/processed/LFW_subset/Andrew_Cuomo/Andrew_Cuomo_0002.jpg
Andrew_Niccol,Andrew_Niccol_0001.jpg,/home/varunaditya/Projects/Project_ARGUS/datasets/processed/LFW_subset/Andrew_Niccol/Andrew_Niccol_0001.jpg
Andrew_Niccol,Andrew_Niccol_0002.jpg,/home/varunaditya/Projects/Project_ARGUS/datasets/processed/LFW_subset/Andrew_Niccol/Andrew_Niccol_0002.jpg
Andrew_Weissmann,Andrew_Weissmann_0001.jpg,/home/varunaditya/Projects/Project_ARGUS/datasets/processed/LFW_subset/Andrew_Weissmann/Andrew_Weissmann_0001.jpg
Andrew_Weissmann,Andrew_Weissmann_0002.jpg,/home/varunaditya/Projects/Project_ARGUS/datasets/processed/LFW_subset/Andrew_Weissmann/Andrew_Weissmann_0002.jpg
Andrew_Weissmann,Andrew_Weissmann_0003.jpg,/home/varunaditya/Projects/Project_ARGUS/datasets/processed/LFW_subset/Andrew_Weissmann/Andrew_Weissmann_0003.jpg
Andy_Hebb,Andy_Hebb_0001.jpg,/home/varunaditya/Projects/Project_ARGUS/datasets/processed/LFW_subset/Andy_Hebb/Andy_Hebb_0001.jpg
Andy_Hebb,Andy_Hebb_0002.jpg,/home/varunaditya/Projects/Project_ARGUS/datasets/processed/LFW_subset/Andy_Hebb/Andy_Hebb_0002.jpg
Andy_Roddick,Andy_Roddick_0001.jpg,/home/varunaditya/Projects/Project_ARGUS/datasets/processed/LFW_subset/Andy_Roddick/Andy_Roddick_0001.jpg
Andy_Roddick,Andy_Roddick_0002.jpg,/home/varunaditya/Projects/Project_ARGUS/datasets/processed/LFW_subset/Andy_Roddick/Andy_Roddick_0002.jpg
Andy_Roddick,Andy_Roddick_0003.jpg,/home/varunaditya/Projects/Project_ARGUS/datasets/processed/LFW_subset/Andy_Roddick/Andy_Roddick_0003.jpg
Andy_Roddick,Andy_Roddick_0004.jpg,/home/varunaditya/Projects/Project_ARGUS/datasets/processed/LFW_subset/Andy_Roddick/Andy_Roddick_0004.jpg
Angela_Bassett,Angela_Bassett_0001.jpg,/home/varunaditya/Projects/Project_ARGUS/datasets/processed/LFW_subset/Angela_Bassett/Angela_Bassett_0001.jpg
Angela_Bassett,Angela_Bassett_0002.jpg,/home/varunaditya/Projects/Project_ARGUS/datasets/processed/LFW_subset/Angela_Bassett/Angela_Bassett_0002.jpg
Angela_Bassett,Angela_Bassett_0003.jpg,/home/varunaditya/Projects/Project_ARGUS/datasets/processed/LFW_subset/Angela_Bassett/Angela_Bassett_0003.jpg
Angela_Bassett,Angela_Bassett_0004.jpg,/home/varunaditya/Projects/Project_ARGUS/datasets/processed/LFW_subset/Angela_Bassett/Angela_Bassett_0004.jpg
Angela_Lansbury,Angela_Lansbury_0001.jpg,/home/varunaditya/Projects/Project_ARGUS/datasets/processed/LFW_subset/Angela_Lansbury/Angela_Lansbury_0001.jpg
Angela_Lansbury,Angela_Lansbury_0002.jpg,/home/varunaditya/Projects/Project_ARGUS/datasets/processed/LFW_subset/Angela_Lansbury/Angela_Lansbury_0002.jpg
Angela_Merkel,Angela_Merkel_0001.jpg,/home/varunaditya/Projects/Project_ARGUS/datasets/processed/LFW_subset/Angela_Merkel/Angela_Merkel_0001.jpg
Angela_Merkel,Angela_Merkel_0002.jpg,/home/varunaditya/Projects/Project_ARGUS/datasets/processed/LFW_subset/Angela_Merkel/Angela_Merkel_0002.jpg
Angela_Merkel,Angela_Merkel_0003.jpg,/home/varunaditya/Projects/Project_ARGUS/datasets/processed/LFW_subset/Angela_Merkel/Angela_Merkel_0003.jpg
Angela_Merkel,Angela_Merkel_0004.jpg,/home/varunaditya/Projects/Project_ARGUS/datasets/processed/LFW_subset/Angela_Merkel/Angela_Merkel_0004.jpg
Angelina_Jolie,Angelina_Jolie_0001.jpg,/home/varunaditya/Projects/Project_ARGUS/datasets/processed/LFW_subset/Angelina_Jolie/Angelina_Jolie_0001.jpg
Angelina_Jolie,Angelina_Jolie_0002.jpg,/home/varunaditya/Projects/Project_ARGUS/datasets/processed/LFW_subset/Angelina_Jolie/Angelina_Jolie_0002.jpg
Angelina_Jolie,Angelina_Jolie_0003.jpg,/home/varunaditya/Projects/Project_ARGUS/datasets/processed/LFW_subset/Angelina_Jolie/Angelina_Jolie_0003.jpg
Angelina_Jolie,Angelina_Jolie_0004.jpg,/home/varunaditya/Projects/Project_ARGUS/datasets/processed/LFW_subset/Angelina_Jolie/Angelina_Jolie_0004.jpg
Angelo_Reyes,Angelo_Reyes_0001.jpg,/home/varunaditya/Projects/Project_ARGUS/datasets/processed/LFW_subset/Angelo_Reyes/Angelo_Reyes_0001.jpg
Angelo_Reyes,Angelo_Reyes_0002.jpg,/home/varunaditya/Projects/Project_ARGUS/datasets/processed/LFW_subset/Angelo_Reyes/Angelo_Reyes_0002.jpg
Angelo_Reyes,Angelo_Reyes_0003.jpg,/home/varunaditya/Projects/Project_ARGUS/datasets/processed/LFW_subset/Angelo_Reyes/Angelo_Reyes_0003.jpg
Angelo_Reyes,Angelo_Reyes_0004.jpg,/home/varunaditya/Projects/Project_ARGUS/datasets/processed/LFW_subset/Angelo_Reyes/Angelo_Reyes_0004.jpg
Anibal_Ibarra,Anibal_Ibarra_0001.jpg,/home/varunaditya/Projects/Project_ARGUS/datasets/processed/LFW_subset/Anibal_Ibarra/Anibal_Ibarra_0001.jpg
Anibal_Ibarra,Anibal_Ibarra_0002.jpg,/home/varunaditya/Projects/Project_ARGUS/datasets/processed/LFW_subset/Anibal_Ibarra/Anibal_Ibarra_0002.jpg
Anibal_Ibarra,Anibal_Ibarra_0003.jpg,/home/varunaditya/Projects/Project_ARGUS/datasets/processed/LFW_subset/Anibal_Ibarra/Anibal_Ibarra_0003.jpg
Ann_Veneman,Ann_Veneman_0001.jpg,/home/varunaditya/Projects/Project_ARGUS/datasets/processed/LFW_subset/Ann_Veneman/Ann_Veneman_0001.jpg
Ann_Veneman,Ann_Veneman_0002.jpg,/home/varunaditya/Projects/Project_ARGUS/datasets/processed/LFW_subset/Ann_Veneman/Ann_Veneman_0002.jpg
Ann_Veneman,Ann_Veneman_0003.jpg,/home/varunaditya/Projects/Project_ARGUS/datasets/processed/LFW_subset/Ann_Veneman/Ann_Veneman_0003.jpg
Ann_Veneman,Ann_Veneman_0004.jpg,/home/varunaditya/Projects/Project_ARGUS/datasets/processed/LFW_subset/Ann_Veneman/Ann_Veneman_0004.jpg
Anna_Kournikova,Anna_Kournikova_0001.jpg,/home/varunaditya/Projects/Project_ARGUS/datasets/processed/LFW_subset/Anna_Kournikova/Anna_Kournikova_0001.jpg
Anna_Kournikova,Anna_Kournikova_0002.jpg,/home/varunaditya/Projects/Project_ARGUS/datasets/processed/LFW_subset/Anna_Kournikova/Anna_Kournikova_0002.jpg
Anna_Kournikova,Anna_Kournikova_0003.jpg,/home/varunaditya/Projects/Project_ARGUS/datasets/processed/LFW_subset/Anna_Kournikova/Anna_Kournikova_0003.jpg
Anna_Kournikova,Anna_Kournikova_0004.jpg,/home/varunaditya/Projects/Project_ARGUS/datasets/processed/LFW_subset/Anna_Kournikova/Anna_Kournikova_0004.jpg
Anna_Nicole_Smith,Anna_Nicole_Smith_0001.jpg,/home/varunaditya/Projects/Project_ARGUS/datasets/processed/LFW_subset/Anna_Nicole_Smith/Anna_Nicole_Smith_0001.jpg
Anna_Nicole_Smith,Anna_Nicole_Smith_0002.jpg,/home/varunaditya/Projects/Project_ARGUS/datasets/processed/LFW_subset/Anna_Nicole_Smith/Anna_Nicole_Smith_0002.jpg
Anne_Krueger,Anne_Krueger_0001.jpg,/home/varunaditya/Projects/Project_ARGUS/datasets/processed/LFW_subset/Anne_Krueger/Anne_Krueger_0001.jpg
Anne_Krueger,Anne_Krueger_0002.jpg,/home/varunaditya/Projects/Project_ARGUS/datasets/processed/LFW_subset/Anne_Krueger/Anne_Krueger_0002.jpg
Anne_Krueger,Anne_Krueger_0003.jpg,/home/varunaditya/Projects/Project_ARGUS/datasets/processed/LFW_subset/Anne_Krueger/Anne_Krueger_0003.jpg
Anne_McLellan,Anne_McLellan_0001.jpg,/home/varunaditya/Projects/Project_ARGUS/datasets/processed/LFW_subset/Anne_McLellan/Anne_McLellan_0001.jpg
Anne_McLellan,Anne_McLellan_0002.jpg,/home/varunaditya/Projects/Project_ARGUS/datasets/processed/LFW_subset/Anne_McLellan/Anne_McLellan_0002.jpg
Anne_McLellan,Anne_McLellan_0003.jpg,/home/varunaditya/Projects/Project_ARGUS/datasets/processed/LFW_subset/Anne_McLellan/Anne_McLellan_0003.jpg
Anneli_Jaatteenmaki,Anneli_Jaatteenmaki_0001.jpg,/home/varunaditya/Projects/Project_ARGUS/datasets/processed/LFW_subset/Anneli_Jaatteenmaki/Anneli_Jaatteenmaki_0001.jpg
Anneli_Jaatteenmaki,Anneli_Jaatteenmaki_0002.jpg,/home/varunaditya/Projects/Project_ARGUS/datasets/processed/LFW_subset/Anneli_Jaatteenmaki/Anneli_Jaatteenmaki_0002.jpg
Annette_Bening,Annette_Bening_0001.jpg,/home/varunaditya/Projects/Project_ARGUS/datasets/processed/LFW_subset/Annette_Bening/Annette_Bening_0001.jpg
Annette_Bening,Annette_Bening_0002.jpg,/home/varunaditya/Projects/Project_ARGUS/datasets/processed/LFW_subset/Annette_Bening/Annette_Bening_0002.jpg
Annette_Lu,Annette_Lu_0001.jpg,/home/varunaditya/Projects/Project_ARGUS/datasets/processed/LFW_subset/Annette_Lu/Annette_Lu_0001.jpg
Annette_Lu,Annette_Lu_0002.jpg,/home/varunaditya/Projects/Project_ARGUS/datasets/processed/LFW_subset/Annette_Lu/Annette_Lu_0002.jpg
Annette_Lu,Annette_Lu_0003.jpg,/home/varunaditya/Projects/Project_ARGUS/datasets/processed/LFW_subset/Annette_Lu/Annette_Lu_0003.jpg
Anthony_Fauci,Anthony_Fauci_0001.jpg,/home/varunaditya/Projects/Project_ARGUS/datasets/processed/LFW_subset/Anthony_Fauci/Anthony_Fauci_0001.jpg
Anthony_Fauci,Anthony_Fauci_0002.jpg,/home/varunaditya/Projects/Project_ARGUS/datasets/processed/LFW_subset/Anthony_Fauci/Anthony_Fauci_0002.jpg
Anthony_Hopkins,Anthony_Hopkins_0001.jpg,/home/varunaditya/Projects/Project_ARGUS/datasets/processed/LFW_subset/Anthony_Hopkins/Anthony_Hopkins_0001.jpg
Anthony_Hopkins,Anthony_Hopkins_0002.jpg,/home/varunaditya/Projects/Project_ARGUS/datasets/processed/LFW_subset/Anthony_Hopkins/Anthony_Hopkins_0002.jpg
Anthony_LaPaglia,Anthony_LaPaglia_0001.jpg,/home/varunaditya/Projects/Project_ARGUS/datasets/processed/LFW_subset/Anthony_LaPaglia/Anthony_LaPaglia_0001.jpg
Anthony_LaPaglia,Anthony_LaPaglia_0002.jpg,/home/varunaditya/Projects/Project_ARGUS/datasets/processed/LFW_subset/Anthony_LaPaglia/Anthony_LaPaglia_0002.jpg
Antonio_Banderas,Antonio_Banderas_0001.jpg,/home/varunaditya/Projects/Project_ARGUS/datasets/processed/LFW_subset/Antonio_Banderas/Antonio_Banderas_0001.jpg
Antonio_Banderas,Antonio_Banderas_0002.jpg,/home/varunaditya/Projects/Project_ARGUS/datasets/processed/LFW_subset/Antonio_Banderas/Antonio_Banderas_0002.jpg
Antonio_Banderas,Antonio_Banderas_0003.jpg,/home/varunaditya/Projects/Project_ARGUS/datasets/processed/LFW_subset/Antonio_Banderas/Antonio_Banderas_0003.jpg
Antonio_Banderas,Antonio_Banderas_0004.jpg,/home/varunaditya/Projects/Project_ARGUS/datasets/processed/LFW_subset/Antonio_Banderas/Antonio_Banderas_0004.jpg
Antonio_Palocci,Antonio_Palocci_0001.jpg,/home/varunaditya/Projects/Project_ARGUS/datasets/processed/LFW_subset/Antonio_Palocci/Antonio_Palocci_0001.jpg
Antonio_Palocci,Antonio_Palocci_0002.jpg,/home/varunaditya/Projects/Project_ARGUS/datasets/processed/LFW_subset/Antonio_Palocci/Antonio_Palocci_0002.jpg
Antonio_Palocci,Antonio_Palocci_0003.jpg,/home/varunaditya/Projects/Project_ARGUS/datasets/processed/LFW_subset/Antonio_Palocci/Antonio_Palocci_0003.jpg
Antonio_Palocci,Antonio_Palocci_0004.jpg,/home/varunaditya/Projects/Project_ARGUS/datasets/processed/LFW_subset/Antonio_Palocci/Antonio_Palocci_0004.jpg
Antonio_Trillanes,Antonio_Trillanes_0001.jpg,/home/varunaditya/Projects/Project_ARGUS/datasets/processed/LFW_subset/Antonio_Trillanes/Antonio_Trillanes_0001.jpg
Antonio_Trillanes,Antonio_Trillanes_0002.jpg,/home/varunaditya/Projects/Project_ARGUS/datasets/processed/LFW_subset/Antonio_Trillanes/Antonio_Trillanes_0002.jpg
Antonio_Trillanes,Antonio_Trillanes_0003.jpg,/home/varunaditya/Projects/Project_ARGUS/datasets/processed/LFW_subset/Antonio_Trillanes/Antonio_Trillanes_0003.jpg
Antony_Leung,Antony_Leung_0001.jpg,/home/varunaditya/Projects/Project_ARGUS/datasets/processed/LFW_subset/Antony_Leung/Antony_Leung_0001.jpg
Antony_Leung,Antony_Leung_0002.jpg,/home/varunaditya/Projects/Project_ARGUS/datasets/processed/LFW_subset/Antony_Leung/Antony_Leung_0002.jpg
Antony_Leung,Antony_Leung_0003.jpg,/home/varunaditya/Projects/Project_ARGUS/datasets/processed/LFW_subset/Antony_Leung/Antony_Leung_0003.jpg
Antony_Leung,Antony_Leung_0004.jpg,/home/varunaditya/Projects/Project_ARGUS/datasets/processed/LFW_subset/Antony_Leung/Antony_Leung_0004.jpg
Anwar_Ibrahim,Anwar_Ibrahim_0001.jpg,/home/varunaditya/Projects/Project_ARGUS/datasets/processed/LFW_subset/Anwar_Ibrahim/Anwar_Ibrahim_0001.jpg
Anwar_Ibrahim,Anwar_Ibrahim_0002.jpg,/home/varunaditya/Projects/Project_ARGUS/datasets/processed/LFW_subset/Anwar_Ibrahim/Anwar_Ibrahim_0002.jpg
Arantxa_Sanchez-Vicario,Arantxa_Sanchez-Vicario_0001.jpg,/home/varunaditya/Projects/Project_ARGUS/datasets/processed/LFW_subset/Arantxa_Sanchez-Vicario/Arantxa_Sanchez-Vicario_0001.jpg
Arantxa_Sanchez-Vicario,Arantxa_Sanchez-Vicario_0002.jpg,/home/varunaditya/Projects/Project_ARGUS/datasets/processed/LFW_subset/Arantxa_Sanchez-Vicario/Arantxa_Sanchez-Vicario_0002.jpg
Ari_Fleischer,Ari_Fleischer_0001.jpg,/home/varunaditya/Projects/Project_ARGUS/datasets/processed/LFW_subset/Ari_Fleischer/Ari_Fleischer_0001.jpg
Ari_Fleischer,Ari_Fleischer_0002.jpg,/home/varunaditya/Projects/Project_ARGUS/datasets/processed/LFW_subset/Ari_Fleischer/Ari_Fleischer_0002.jpg
Ari_Fleischer,Ari_Fleischer_0003.jpg,/home/varunaditya/Projects/Project_ARGUS/datasets/processed/LFW_subset/Ari_Fleischer/Ari_Fleischer_0003.jpg
Ari_Fleischer,Ari_Fleischer_0004.jpg,/home/varunaditya/Projects/Project_ARGUS/datasets/processed/LFW_subset/Ari_Fleischer/Ari_Fleischer_0004.jpg
Arianna_Huffington,Arianna_Huffington_0001.jpg,/home/varunaditya/Projects/Project_ARGUS/datasets/processed/LFW_subset/Arianna_Huffington/Arianna_Huffington_0001.jpg
Arianna_Huffington,Arianna_Huffington_0002.jpg,/home/varunaditya/Projects/Project_ARGUS/datasets/processed/LFW_subset/Arianna_Huffington/Arianna_Huffington_0002.jpg
Arianna_Huffington,Arianna_Huffington_0003.jpg,/home/varunaditya/Projects/Project_ARGUS/datasets/processed/LFW_subset/Arianna_Huffington/Arianna_Huffington_0003.jpg
Arianna_Huffington,Arianna_Huffington_0004.jpg,/home/varunaditya/Projects/Project_ARGUS/datasets/processed/LFW_subset/Arianna_Huffington/Arianna_Huffington_0004.jpg
Ariel_Sharon,Ariel_Sharon_0001.jpg,/home/varunaditya/Projects/Project_ARGUS/datasets/processed/LFW_subset/Ariel_Sharon/Ariel_Sharon_0001.jpg
Ariel_Sharon,Ariel_Sharon_0002.jpg,/home/varunaditya/Projects/Project_ARGUS/datasets/processed/LFW_subset/Ariel_Sharon/Ariel_Sharon_0002.jpg
Ariel_Sharon,Ariel_Sharon_0003.jpg,/home/varunaditya/Projects/Project_ARGUS/datasets/processed/LFW_subset/Ariel_Sharon/Ariel_Sharon_0003.jpg
Ariel_Sharon,Ariel_Sharon_0004.jpg,/home/varunaditya/Projects/Project_ARGUS/datasets/processed/LFW_subset/Ariel_Sharon/Ariel_Sharon_0004.jpg
Arlen_Specter,Arlen_Specter_0001.jpg,/home/varunaditya/Projects/Project_ARGUS/datasets/processed/LFW_subset/Arlen_Specter/Arlen_Specter_0001.jpg
Arlen_Specter,Arlen_Specter_0002.jpg,/home/varunaditya/Projects/Project_ARGUS/datasets/processed/LFW_subset/Arlen_Specter/Arlen_Specter_0002.jpg
Arlen_Specter,Arlen_Specter_0003.jpg,/home/varunaditya/Projects/Project_ARGUS/datasets/processed/LFW_subset/Arlen_Specter/Arlen_Specter_0003.jpg
Arminio_Fraga,Arminio_Fraga_0001.jpg,/home/varunaditya/Projects/Project_ARGUS/datasets/processed/LFW_subset/Arminio_Fraga/Arminio_Fraga_0001.jpg
Arminio_Fraga,Arminio_Fraga_0002.jpg,/home/varunaditya/Projects/Project_ARGUS/datasets/processed/LFW_subset/Arminio_Fraga/Arminio_Fraga_0002.jpg
Arminio_Fraga,Arminio_Fraga_0003.jpg,/home/varunaditya/Projects/Project_ARGUS/datasets/processed/LFW_subset/Arminio_Fraga/Arminio_Fraga_0003.jpg
Arminio_Fraga,Arminio_Fraga_0004.jpg,/home/varunaditya/Projects/Project_ARGUS/datasets/processed/LFW_subset/Arminio_Fraga/Arminio_Fraga_0004.jpg
Arnaud_Clement,Arnaud_Clement_0001.jpg,/home/varunaditya/Projects/Project_ARGUS/datasets/processed/LFW_subset/Arnaud_Clement/Arnaud_Clement_0001.jpg
Arnaud_Clement,Arnaud_Clement_0002.jpg,/home/varunaditya/Projects/Project_ARGUS/datasets/processed/LFW_subset/Arnaud_Clement/Arnaud_Clement_0002.jpg
Arnold_Palmer,Arnold_Palmer_0001.jpg,/home/varunaditya/Projects/Project_ARGUS/datasets/processed/LFW_subset/Arnold_Palmer/Arnold_Palmer_0001.jpg
Arnold_Palmer,Arnold_Palmer_0002.jpg,/home/varunaditya/Projects/Project_ARGUS/datasets/processed/LFW_subset/Arnold_Palmer/Arnold_Palmer_0002.jpg
Arnold_Palmer,Arnold_Palmer_0003.jpg,/home/varunaditya/Projects/Project_ARGUS/datasets/processed/LFW_subset/Arnold_Palmer/Arnold_Palmer_0003.jpg
Arnold_Schwarzenegger,Arnold_Schwarzenegger_0001.jpg,/home/varunaditya/Projects/Project_ARGUS/datasets/processed/LFW_subset/Arnold_Schwarzenegger/Arnold_Schwarzenegger_0001.jpg
Arnold_Schwarzenegger,Arnold_Schwarzenegger_0002.jpg,/home/varunaditya/Projects/Project_ARGUS/datasets/processed/LFW_subset/Arnold_Schwarzenegger/Arnold_Schwarzenegger_0002.jpg
Arnold_Schwarzenegger,Arnold_Schwarzenegger_0003.jpg,/home/varunaditya/Projects/Project_ARGUS/datasets/processed/LFW_subset/Arnold_Schwarzenegger/Arnold_Schwarzenegger_0003.jpg
Arnold_Schwarzenegger,Arnold_Schwarzenegger_0004.jpg,/home/varunaditya/Projects/Project_ARGUS/datasets/processed/LFW_subset/Arnold_Schwarzenegger/Arnold_Schwarzenegger_0004.jpg
Arnoldo_Aleman,Arnoldo_Aleman_0001.jpg,/home/varunaditya/Projects/Project_ARGUS/datasets/processed/LFW_subset/Arnoldo_Aleman/Arnoldo_Aleman_0001.jpg
Arnoldo_Aleman,Arnoldo_Aleman_0002.jpg,/home/varunaditya/Projects/Project_ARGUS/datasets/processed/LFW_subset/Arnoldo_Aleman/Arnoldo_Aleman_0002.jpg
Arnoldo_Aleman,Arnoldo_Aleman_0003.jpg,/home/varunaditya/Projects/Project_ARGUS/datasets/processed/LFW_subset/Arnoldo_Aleman/Arnoldo_Aleman_0003.jpg
Arnoldo_Aleman,Arnoldo_Aleman_0004.jpg,/home/varunaditya/Projects/Project_ARGUS/datasets/processed/LFW_subset/Arnoldo_Aleman/Arnoldo_Aleman_0004.jpg
Aron_Ralston,Aron_Ralston_0001.jpg,/home/varunaditya/Projects/Project_ARGUS/datasets/processed/LFW_subset/Aron_Ralston/Aron_Ralston_0001.jpg
Aron_Ralston,Aron_Ralston_0002.jpg,/home/varunaditya/Projects/Project_ARGUS/datasets/processed/LFW_subset/Aron_Ralston/Aron_Ralston_0002.jpg
Arsinee_Khanjian,Arsinee_Khanjian_0001.jpg,/home/varunaditya/Projects/Project_ARGUS/datasets/processed/LFW_subset/Arsinee_Khanjian/Arsinee_Khanjian_0001.jpg
Arsinee_Khanjian,Arsinee_Khanjian_0002.jpg,/home/varunaditya/Projects/Project_ARGUS/datasets/processed/LFW_subset/Arsinee_Khanjian/Arsinee_Khanjian_0002.jpg
Art_Hoffmann,Art_Hoffmann_0001.jpg,/home/varunaditya/Projects/Project_ARGUS/datasets/processed/LFW_subset/Art_Hoffmann/Art_Hoffmann_0001.jpg
Art_Hoffmann,Art_Hoffmann_0002.jpg,/home/varunaditya/Projects/Project_ARGUS/datasets/processed/LFW_subset/Art_Hoffmann/Art_Hoffmann_0002.jpg
Art_Howe,Art_Howe_0001.jpg,/home/varunaditya/Projects/Project_ARGUS/datasets/processed/LFW_subset/Art_Howe/Art_Howe_0001.jpg
Art_Howe,Art_Howe_0002.jpg,/home/varunaditya/Projects/Project_ARGUS/datasets/processed/LFW_subset/Art_Howe/Art_Howe_0002.jpg
Art_Howe,Art_Howe_0003.jpg,/home/varunaditya/Projects/Project_ARGUS/datasets/processed/LFW_subset/Art_Howe/Art_Howe_0003.jpg
Art_Howe,Art_Howe_0004.jpg,/home/varunaditya/Projects/Project_ARGUS/datasets/processed/LFW_subset/Art_Howe/Art_Howe_0004.jpg
Arturo_Gatti,Arturo_Gatti_0001.jpg,/home/varunaditya/Projects/Project_ARGUS/datasets/processed/LFW_subset/Arturo_Gatti/Arturo_Gatti_0001.jpg
Arturo_Gatti,Arturo_Gatti_0002.jpg,/home/varunaditya/Projects/Project_ARGUS/datasets/processed/LFW_subset/Arturo_Gatti/Arturo_Gatti_0002.jpg
Arturo_Gatti,Arturo_Gatti_0003.jpg,/home/varunaditya/Projects/Project_ARGUS/datasets/processed/LFW_subset/Arturo_Gatti/Arturo_Gatti_0003.jpg
Arye_Mekel,Arye_Mekel_0001.jpg,/home/varunaditya/Projects/Project_ARGUS/datasets/processed/LFW_subset/Arye_Mekel/Arye_Mekel_0001.jpg
Arye_Mekel,Arye_Mekel_0002.jpg,/home/varunaditya/Projects/Project_ARGUS/datasets/processed/LFW_subset/Arye_Mekel/Arye_Mekel_0002.jpg
Asa_Hutchinson,Asa_Hutchinson_0001.jpg,/home/varunaditya/Projects/Project_ARGUS/datasets/processed/LFW_subset/Asa_Hutchinson/Asa_Hutchinson_0001.jpg
Asa_Hutchinson,Asa_Hutchinson_0002.jpg,/home/varunaditya/Projects/Project_ARGUS/datasets/processed/LFW_subset/Asa_Hutchinson/Asa_Hutchinson_0002.jpg
Ashanti,Ashanti_0001.jpg,/home/varunaditya/Projects/Project_ARGUS/datasets/processed/LFW_subset/Ashanti/Ashanti_0001.jpg
Ashanti,Ashanti_0002.jpg,/home/varunaditya/Projects/Project_ARGUS/datasets/processed/LFW_subset/Ashanti/Ashanti_0002.jpg
Ashanti,Ashanti_0003.jpg,/home/varunaditya/Projects/Project_ARGUS/datasets/processed/LFW_subset/Ashanti/Ashanti_0003.jpg
Ashanti,Ashanti_0004.jpg,/home/varunaditya/Projects/Project_ARGUS/datasets/processed/LFW_subset/Ashanti/Ashanti_0004.jpg
Ashton_Kutcher,Ashton_Kutcher_0001.jpg,/home/varunaditya/Projects/Project_ARGUS/datasets/processed/LFW_subset/Ashton_Kutcher/Ashton_Kutcher_0001.jpg
Ashton_Kutcher,Ashton_Kutcher_0002.jpg,/home/varunaditya/Projects/Project_ARGUS/datasets/processed/LFW_subset/Ashton_Kutcher/Ashton_Kutcher_0002.jpg
Ashton_Kutcher,Ashton_Kutcher_0003.jpg,/home/varunaditya/Projects/Project_ARGUS/datasets/processed/LFW_subset/Ashton_Kutcher/Ashton_Kutcher_0003.jpg
Atal_Bihari_Vajpayee,Atal_Bihari_Vajpayee_0001.jpg,/home/varunaditya/Projects/Project_ARGUS/datasets/processed/LFW_subset/Atal_Bihari_Vajpayee/Atal_Bihari_Vajpayee_0001.jpg
Atal_Bihari_Vajpayee,Atal_Bihari_Vajpayee_0002.jpg,/home/varunaditya/Projects/Project_ARGUS/datasets/processed/LFW_subset/Atal_Bihari_Vajpayee/Atal_Bihari_Vajpayee_0002.jpg
Atal_Bihari_Vajpayee,Atal_Bihari_Vajpayee_0003.jpg,/home/varunaditya/Projects/Project_ARGUS/datasets/processed/LFW_subset/Atal_Bihari_Vajpayee/Atal_Bihari_Vajpayee_0003.jpg
Atal_Bihari_Vajpayee,Atal_Bihari_Vajpayee_0004.jpg,/home/varunaditya/Projects/Project_ARGUS/datasets/processed/LFW_subset/Atal_Bihari_Vajpayee/Atal_Bihari_Vajpayee_0004.jpg
Augustin_Calleri,Augustin_Calleri_0001.jpg,/home/varunaditya/Projects/Project_ARGUS/datasets/processed/LFW_subset/Augustin_Calleri/Augustin_Calleri_0001.jpg
Augustin_Calleri,Augustin_Calleri_0002.jpg,/home/varunaditya/Projects/Project_ARGUS/datasets/processed/LFW_subset/Augustin_Calleri/Augustin_Calleri_0002.jpg
Augustin_Calleri,Augustin_Calleri_0003.jpg,/home/varunaditya/Projects/Project_ARGUS/datasets/processed/LFW_subset/Augustin_Calleri/Augustin_Calleri_0003.jpg
Augustin_Calleri,Augustin_Calleri_0004.jpg,/home/varunaditya/Projects/Project_ARGUS/datasets/processed/LFW_subset/Augustin_Calleri/Augustin_Calleri_0004.jpg
Augusto_Pinochet,Augusto_Pinochet_0001.jpg,/home/varunaditya/Projects/Project_ARGUS/datasets/processed/LFW_subset/Augusto_Pinochet/Augusto_Pinochet_0001.jpg
Augusto_Pinochet,Augusto_Pinochet_0002.jpg,/home/varunaditya/Projects/Project_ARGUS/datasets/processed/LFW_subset/Augusto_Pinochet/Augusto_Pinochet_0002.jpg
Augusto_Roa_Bastos,Augusto_Roa_Bastos_0001.jpg,/home/varunaditya/Projects/Project_ARGUS/datasets/processed/LFW_subset/Augusto_Roa_Bastos/Augusto_Roa_Bastos_0001.jpg
Augusto_Roa_Bastos,Augusto_Roa_Bastos_0002.jpg,/home/varunaditya/Projects/Project_ARGUS/datasets/processed/LFW_subset/Augusto_Roa_Bastos/Augusto_Roa_Bastos_0002.jpg
Aung_San_Suu_Kyi,Aung_San_Suu_Kyi_0001.jpg,/home/varunaditya/Projects/Project_ARGUS/datasets/processed/LFW_subset/Aung_San_Suu_Kyi/Aung_San_Suu_Kyi_0001.jpg
Aung_San_Suu_Kyi,Aung_San_Suu_Kyi_0002.jpg,/home/varunaditya/Projects/Project_ARGUS/datasets/processed/LFW_subset/Aung_San_Suu_Kyi/Aung_San_Suu_Kyi_0002.jpg
Azra_Akin,Azra_Akin_0001.jpg,/home/varunaditya/Projects/Project_ARGUS/datasets/processed/LFW_subset/Azra_Akin/Azra_Akin_0001.jpg
Azra_Akin,Azra_Akin_0002.jpg,/home/varunaditya/Projects/Project_ARGUS/datasets/processed/LFW_subset/Azra_Akin/Azra_Akin_0002.jpg
Azra_Akin,Azra_Akin_0003.jpg,/home/varunaditya/Projects/Project_ARGUS/datasets/processed/LFW_subset/Azra_Akin/Azra_Akin_0003.jpg
Azra_Akin,Azra_Akin_0004.jpg,/home/varunaditya/Projects/Project_ARGUS/datasets/processed/LFW_subset/Azra_Akin/Azra_Akin_0004.jpg
Barbara_Brezigar,Barbara_Brezigar_0001.jpg,/home/varunaditya/Projects/Project_ARGUS/datasets/processed/LFW_subset/Barbara_Brezigar/Barbara_Brezigar_0001.jpg
Barbara_Brezigar,Barbara_Brezigar_0002.jpg,/home/varunaditya/Projects/Project_ARGUS/datasets/processed/LFW_subset/Barbara_Brezigar/Barbara_Brezigar_0002.jpg
Barbara_Walters,Barbara_Walters_0001.jpg,/home/varunaditya/Projects/Project_ARGUS/datasets/processed/LFW_subset/Barbara_Walters/Barbara_Walters_0001.jpg
Barbara_Walters,Barbara_Walters_0002.jpg,/home/varunaditya/Projects/Project_ARGUS/datasets/processed/LFW_subset/Barbara_Walters/Barbara_Walters_0002.jpg
Barbara_Walters,Barbara_Walters_0003.jpg,/home/varunaditya/Projects/Project_ARGUS/datasets/processed/LFW_subset/Barbara_Walters/Barbara_Walters_0003.jpg
Barbara_Walters,Barbara_Walters_0004.jpg,/home/varunaditya/Projects/Project_ARGUS/datasets/processed/LFW_subset/Barbara_Walters/Barbara_Walters_0004.jpg
Barbra_Streisand,Barbra_Streisand_0001.jpg,/home/varunaditya/Projects/Project_ARGUS/datasets/processed/LFW_subset/Barbra_Streisand/Barbra_Streisand_0001.jpg
Barbra_Streisand,Barbra_Streisand_0002.jpg,/home/varunaditya/Projects/Project_ARGUS/datasets/processed/LFW_subset/Barbra_Streisand/Barbra_Streisand_0002.jpg
Barbra_Streisand,Barbra_Streisand_0003.jpg,/home/varunaditya/Projects/Project_ARGUS/datasets/processed/LFW_subset/Barbra_Streisand/Barbra_Streisand_0003.jpg
Barrett_Jackman,Barrett_Jackman_0001.jpg,/home/varunaditya/Projects/Project_ARGUS/datasets/processed/LFW_subset/Barrett_Jackman/Barrett_Jackman_0001.jpg
Barrett_Jackman,Barrett_Jackman_0002.jpg,/home/varunaditya/Projects/Project_ARGUS/datasets/processed/LFW_subset/Barrett_Jackman/Barrett_Jackman_0002.jpg
Barry_Alvarez,Barry_Alvarez_0001.jpg,/home/varunaditya/Projects/Project_ARGUS/datasets/processed/LFW_subset/Barry_Alvarez/Barry_Alvarez_0001.jpg
Barry_Alvarez,Barry_Alvarez_0002.jpg,/home/varunaditya/Projects/Project_ARGUS/datasets/processed/LFW_subset/Barry_Alvarez/Barry_Alvarez_0002.jpg
Barry_Zito,Barry_Zito_0001.jpg,/home/varunaditya/Projects/Project_ARGUS/datasets/processed/LFW_subset/Barry_Zito/Barry_Zito_0001.jpg
Barry_Zito,Barry_Zito_0002.jpg,/home/varunaditya/Projects/Project_ARGUS/datasets/processed/LFW_subset/Barry_Zito/Barry_Zito_0002.jpg
Bashar_Assad,Bashar_Assad_0001.jpg,/home/varunaditya/Projects/Project_ARGUS/datasets/processed/LFW_subset/Bashar_Assad/Bashar_Assad_0001.jpg
Bashar_Assad,Bashar_Assad_0002.jpg,/home/varunaditya/Projects/Project_ARGUS/datasets/processed/LFW_subset/Bashar_Assad/Bashar_Assad_0002.jpg
Bashar_Assad,Bashar_Assad_0003.jpg,/home/varunaditya/Projects/Project_ARGUS/datasets/processed/LFW_subset/Bashar_Assad/Bashar_Assad_0003.jpg
Bashar_Assad,Bashar_Assad_0004.jpg,/home/varunaditya/Projects/Project_ARGUS/datasets/processed/LFW_subset/Bashar_Assad/Bashar_Assad_0004.jpg
Begum_Khaleda_Zia,Begum_Khaleda_Zia_0001.jpg,/home/varunaditya/Projects/Project_ARGUS/datasets/processed/LFW_subset/Begum_Khaleda_Zia/Begum_Khaleda_Zia_0001.jpg
Begum_Khaleda_Zia,Begum_Khaleda_Zia_0002.jpg,/home/varunaditya/Projects/Project_ARGUS/datasets/processed/LFW_subset/Begum_Khaleda_Zia/Begum_Khaleda_Zia_0002.jpg
Ben_Affleck,Ben_Affleck_0001.jpg,/home/varunaditya/Projects/Project_ARGUS/datasets/processed/LFW_subset/Ben_Affleck/Ben_Affleck_0001.jpg
Ben_Affleck,Ben_Affleck_0002.jpg,/home/varunaditya/Projects/Project_ARGUS/datasets/processed/LFW_subset/Ben_Affleck/Ben_Affleck_0002.jpg
Ben_Affleck,Ben_Affleck_0003.jpg,/home/varunaditya/Projects/Project_ARGUS/datasets/processed/LFW_subset/Ben_Affleck/Ben_Affleck_0003.jpg
Ben_Affleck,Ben_Affleck_0004.jpg,/home/varunaditya/Projects/Project_ARGUS/datasets/processed/LFW_subset/Ben_Affleck/Ben_Affleck_0004.jpg
Ben_Curtis,Ben_Curtis_0001.jpg,/home/varunaditya/Projects/Project_ARGUS/datasets/processed/LFW_subset/Ben_Curtis/Ben_Curtis_0001.jpg
Ben_Curtis,Ben_Curtis_0002.jpg,/home/varunaditya/Projects/Project_ARGUS/datasets/processed/LFW_subset/Ben_Curtis/Ben_Curtis_0002.jpg
Ben_Curtis,Ben_Curtis_0003.jpg,/home/varunaditya/Projects/Project_ARGUS/datasets/processed/LFW_subset/Ben_Curtis/Ben_Curtis_0003.jpg
Ben_Glisan,Ben_Glisan_0001.jpg,/home/varunaditya/Projects/Project_ARGUS/datasets/processed/LFW_subset/Ben_Glisan/Ben_Glisan_0001.jpg
Ben_Glisan,Ben_Glisan_0002.jpg,/home/varunaditya/Projects/Project_ARGUS/datasets/processed/LFW_subset/Ben_Glisan/Ben_Glisan_0002.jpg
Ben_Howland,Ben_Howland_0001.jpg,/home/varunaditya/Projects/Project_ARGUS/datasets/processed/LFW_subset/Ben_Howland/Ben_Howland_0001.jpg
Ben_Howland,Ben_Howland_0002.jpg,/home/varunaditya/Projects/Project_ARGUS/datasets/processed/LFW_subset/Ben_Howland/Ben_Howland_0002.jpg
Ben_Howland,Ben_Howland_0003.jpg,/home/varunaditya/Projects/Project_ARGUS/datasets/processed/LFW_subset/Ben_Howland/Ben_Howland_0003.jpg
Ben_Howland,Ben_Howland_0004.jpg,/home/varunaditya/Projects/Project_ARGUS/datasets/processed/LFW_subset/Ben_Howland/Ben_Howland_0004.jpg
Benazir_Bhutto,Benazir_Bhutto_0001.jpg,/home/varunaditya/Projects/Project_ARGUS/datasets/processed/LFW_subset/Benazir_Bhutto/Benazir_Bhutto_0001.jpg
Benazir_Bhutto,Benazir_Bhutto_0002.jpg,/home/varunaditya/Projects/Project_ARGUS/datasets/processed/LFW_subset/Benazir_Bhutto/Benazir_Bhutto_0002.jpg
Benazir_Bhutto,Benazir_Bhutto_0003.jpg,/home/varunaditya/Projects/Project_ARGUS/datasets/processed/LFW_subset/Benazir_Bhutto/Benazir_Bhutto_0003.jpg
Benazir_Bhutto,Benazir_Bhutto_0004.jpg,/home/varunaditya/Projects/Project_ARGUS/datasets/processed/LFW_subset/Benazir_Bhutto/Benazir_Bhutto_0004.jpg
Benjamin_Netanyahu,Benjamin_Netanyahu_0001.jpg,/home/varunaditya/Projects/Project_ARGUS/datasets/processed/LFW_subset/Benjamin_Netanyahu/Benjamin_Netanyahu_0001.jpg
Benjamin_Netanyahu,Benjamin_Netanyahu_0002.jpg,/home/varunaditya/Projects/Project_ARGUS/datasets/processed/LFW_subset/Benjamin_Netanyahu/Benjamin_Netanyahu_0002.jpg
Benjamin_Netanyahu,Benjamin_Netanyahu_0003.jpg,/home/varunaditya/Projects/Project_ARGUS/datasets/processed/LFW_subset/Benjamin_Netanyahu/Benjamin_Netanyahu_0003.jpg
Benjamin_Netanyahu,Benjamin_Netanyahu_0004.jpg,/home/varunaditya/Projects/Project_ARGUS/datasets/processed/LFW_subset/Benjamin_Netanyahu/Benjamin_Netanyahu_0004.jpg
Bernard_Landry,Bernard_Landry_0001.jpg,/home/varunaditya/Projects/Project_ARGUS/datasets/processed/LFW_subset/Bernard_Landry/Bernard_Landry_0001.jpg
Bernard_Landry,Bernard_Landry_0002.jpg,/home/varunaditya/Projects/Project_ARGUS/datasets/processed/LFW_subset/Bernard_Landry/Bernard_Landry_0002.jpg
Bernard_Landry,Bernard_Landry_0003.jpg,/home/varunaditya/Projects/Project_ARGUS/datasets/processed/LFW_subset/Bernard_Landry/Bernard_Landry_0003.jpg
Bernard_Landry,Bernard_Landry_0004.jpg,/home/varunaditya/Projects/Project_ARGUS/datasets/processed/LFW_subset/Bernard_Landry/Bernard_Landry_0004.jpg
Bernard_Law,Bernard_Law_0001.jpg,/home/varunaditya/Projects/Project_ARGUS/datasets/processed/LFW_subset/Bernard_Law/Bernard_Law_0001.jpg
Bernard_Law,Bernard_Law_0002.jpg,/home/varunaditya/Projects/Project_ARGUS/datasets/processed/LFW_subset/Bernard_Law/Bernard_Law_0002.jpg
Bernard_Law,Bernard_Law_0003.jpg,/home/varunaditya/Projects/Project_ARGUS/datasets/processed/LFW_subset/Bernard_Law/Bernard_Law_0003.jpg
Bernard_Law,Bernard_Law_0004.jpg,/home/varunaditya/Projects/Project_ARGUS/datasets/processed/LFW_subset/Bernard_Law/Bernard_Law_0004.jpg
Bernard_Lord,Bernard_Lord_0001.jpg,/home/varunaditya/Projects/Project_ARGUS/datasets/processed/LFW_subset/Bernard_Lord/Bernard_Lord_0001.jpg
Bernard_Lord,Bernard_Lord_0002.jpg,/home/varunaditya/Projects/Project_ARGUS/datasets/processed/LFW_subset/Bernard_Lord/Bernard_Lord_0002.jpg
Bernardo_Segura,Bernardo_Segura_0001.jpg,/home/varunaditya/Projects/Project_ARGUS/datasets/processed/LFW_subset/Bernardo_Segura/Bernardo_Segura_0001.jpg
Bernardo_Segura,Bernardo_Segura_0002.jpg,/home/varunaditya/Projects/Project_ARGUS/datasets/processed/LFW_subset/Bernardo_Segura/Bernardo_Segura_0002.jpg
Bertie_Ahern,Bertie_Ahern_0001.jpg,/home/varunaditya/Projects/Project_ARGUS/datasets/processed/LFW_subset/Bertie_Ahern/Bertie_Ahern_0001.jpg
Bertie_Ahern,Bertie_Ahern_0002.jpg,/home/varunaditya/Projects/Project_ARGUS/datasets/processed/LFW_subset/Bertie_Ahern/Bertie_Ahern_0002.jpg
Bertie_Ahern,Bertie_Ahern_0003.jpg,/home/varunaditya/Projects/Project_ARGUS/datasets/processed/LFW_subset/Bertie_Ahern/Bertie_Ahern_0003.jpg
Bertie_Ahern,Bertie_Ahern_0004.jpg,/home/varunaditya/Projects/Project_ARGUS/datasets/processed/LFW_subset/Bertie_Ahern/Bertie_Ahern_0004.jpg
Bertrand_Bonello,Bertrand_Bonello_0001.jpg,/home/varunaditya/Projects/Project_ARGUS/datasets/processed/LFW_subset/Bertrand_Bonello/Bertrand_Bonello_0001.jpg
Bertrand_Bonello,Bertrand_Bonello_0002.jpg,/home/varunaditya/Projects/Project_ARGUS/datasets/processed/LFW_subset/Bertrand_Bonello/Bertrand_Bonello_0002.jpg
Beth_Jones,Beth_Jones_0001.jpg,/home/varunaditya/Projects/Project_ARGUS/datasets/processed/LFW_subset/Beth_Jones/Beth_Jones_0001.jpg
Beth_Jones,Beth_Jones_0002.jpg,/home/varunaditya/Projects/Project_ARGUS/datasets/processed/LFW_subset/Beth_Jones/Beth_Jones_0002.jpg
Betsy_Smith,Betsy_Smith_0001.jpg,/home/varunaditya/Projects/Project_ARGUS/datasets/processed/LFW_subset/Betsy_Smith/Betsy_Smith_0001.jpg
Betsy_Smith,Betsy_Smith_0002.jpg,/home/varunaditya/Projects/Project_ARGUS/datasets/processed/LFW_subset/Betsy_Smith/Betsy_Smith_0002.jpg
Bijan_Darvish,Bijan_Darvish_0001.jpg,/home/varunaditya/Projects/Project_ARGUS/datasets/processed/LFW_subset/Bijan_Darvish/Bijan_Darvish_0001.jpg
Bijan_Darvish,Bijan_Darvish_0002.jpg,/home/varunaditya/Projects/Project_ARGUS/datasets/processed/LFW_subset/Bijan_Darvish/Bijan_Darvish_0002.jpg
Bijan_Darvish,Bijan_Darvish_0003.jpg,/home/varunaditya/Projects/Project_ARGUS/datasets/processed/LFW_subset/Bijan_Darvish/Bijan_Darvish_0003.jpg
Bijan_Namdar_Zangeneh,Bijan_Namdar_Zangeneh_0001.jpg,/home/varunaditya/Projects/Project_ARGUS/datasets/processed/LFW_subset/Bijan_Namdar_Zangeneh/Bijan_Namdar_Zangeneh_0001.jpg
Bijan_Namdar_Zangeneh,Bijan_Namdar_Zangeneh_0002.jpg,/home/varunaditya/Projects/Project_ARGUS/datasets/processed/LFW_subset/Bijan_Namdar_Zangeneh/Bijan_Namdar_Zangeneh_0002.jpg
Biljana_Plavsic,Biljana_Plavsic_0001.jpg,/home/varunaditya/Projects/Project_ARGUS/datasets/processed/LFW_subset/Biljana_Plavsic/Biljana_Plavsic_0001.jpg
Biljana_Plavsic,Biljana_Plavsic_0002.jpg,/home/varunaditya/Projects/Project_ARGUS/datasets/processed/LFW_subset/Biljana_Plavsic/Biljana_Plavsic_0002.jpg
Biljana_Plavsic,Biljana_Plavsic_0003.jpg,/home/varunaditya/Projects/Project_ARGUS/datasets/processed/LFW_subset/Biljana_Plavsic/Biljana_Plavsic_0003.jpg
Bill_Belichick,Bill_Belichick_0001.jpg,/home/varunaditya/Projects/Project_ARGUS/datasets/processed/LFW_subset/Bill_Belichick/Bill_Belichick_0001.jpg
Bill_Belichick,Bill_Belichick_0002.jpg,/home/varunaditya/Projects/Project_ARGUS/datasets/processed/LFW_subset/Bill_Belichick/Bill_Belichick_0002.jpg
Bill_Callahan,Bill_Callahan_0001.jpg,/home/varunaditya/Projects/Project_ARGUS/datasets/processed/LFW_subset/Bill_Callahan/Bill_Callahan_0001.jpg
Bill_Callahan,Bill_Callahan_0002.jpg,/home/varunaditya/Projects/Project_ARGUS/datasets/processed/LFW_subset/Bill_Callahan/Bill_Callahan_0002.jpg
Bill_Callahan,Bill_Callahan_0003.jpg,/home/varunaditya/Projects/Project_ARGUS/datasets/processed/LFW_subset/Bill_Callahan/Bill_Callahan_0003.jpg
Bill_Clinton,Bill_Clinton_0001.jpg,/home/varunaditya/Projects/Project_ARGUS/datasets/processed/LFW_subset/Bill_Clinton/Bill_Clinton_0001.jpg
Bill_Clinton,Bill_Clinton_0002.jpg,/home/varunaditya/Projects/Project_ARGUS/datasets/processed/LFW_subset/Bill_Clinton/Bill_Clinton_0002.jpg
Bill_Clinton,Bill_Clinton_0003.jpg,/home/varunaditya/Projects/Project_ARGUS/datasets/processed/LFW_subset/Bill_Clinton/Bill_Clinton_0003.jpg
Bill_Clinton,Bill_Clinton_0004.jpg,/home/varunaditya/Projects/Project_ARGUS/datasets/processed/LFW_subset/Bill_Clinton/Bill_Clinton_0004.jpg
Bill_Frist,Bill_Frist_0001.jpg,/home/varunaditya/Projects/Project_ARGUS/datasets/processed/LFW_subset/Bill_Frist/Bill_Frist_0001.jpg
Bill_Frist,Bill_Frist_0002.jpg,/home/varunaditya/Projects/Project_ARGUS/datasets/processed/LFW_subset/Bill_Frist/Bill_Frist_0002.jpg
Bill_Frist,Bill_Frist_0003.jpg,/home/varunaditya/Projects/Project_ARGUS/datasets/processed/LFW_subset/Bill_Frist/Bill_Frist_0003.jpg
Bill_Frist,Bill_Frist_0004.jpg,/home/varunaditya/Projects/Project_ARGUS/datasets/processed/LFW_subset/Bill_Frist/Bill_Frist_0004.jpg
Bill_Gates,Bill_Gates_0001.jpg,/home/varunaditya/Projects/Project_ARGUS/datasets/processed/LFW_subset/Bill_Gates/Bill_Gates_0001.jpg
Bill_Gates,Bill_Gates_0002.jpg,/home/varunaditya/Projects/Project_ARGUS/datasets/processed/LFW_subset/Bill_Gates/Bill_Gates_0002.jpg
Bill_Gates,Bill_Gates_0003.jpg,/home/varunaditya/Projects/Project_ARGUS/datasets/processed/LFW_subset/Bill_Gates/Bill_Gates_0003.jpg
Bill_Gates,Bill_Gates_0004.jpg,/home/varunaditya/Projects/Project_ARGUS/datasets/processed/LFW_subset/Bill_Gates/Bill_Gates_0004.jpg
Bill_Graham,Bill_Graham_0001.jpg,/home/varunaditya/Projects/Project_ARGUS/datasets/processed/LFW_subset/Bill_Graham/Bill_Graham_0001.jpg
Bill_Graham,Bill_Graham_0002.jpg,/home/varunaditya/Projects/Project_ARGUS/datasets/processed/LFW_subset/Bill_Graham/Bill_Graham_0002.jpg
Bill_Graham,Bill_Graham_0003.jpg,/home/varunaditya/Projects/Project_ARGUS/datasets/processed/LFW_subset/Bill_Graham/Bill_Graham_0003.jpg
Bill_Graham,Bill_Graham_0004.jpg,/home/varunaditya/Projects/Project_ARGUS/datasets/processed/LFW_subset/Bill_Graham/Bill_Graham_0004.jpg
Bill_McBride,Bill_McBride_0001.jpg,/home/varunaditya/Projects/Project_ARGUS/datasets/processed/LFW_subset/Bill_McBride/Bill_McBride_0001.jpg
Bill_McBride,Bill_McBride_0002.jpg,/home/varunaditya/Projects/Project_ARGUS/datasets/processed/LFW_subset/Bill_McBride/Bill_McBride_0002.jpg
Bill_McBride,Bill_McBride_0003.jpg,/home/varunaditya/Projects/Project_ARGUS/datasets/processed/LFW_subset/Bill_McBride/Bill_McBride_0003.jpg
Bill_McBride,Bill_McBride_0004.jpg,/home/varunaditya/Projects/Project_ARGUS/datasets/processed/LFW_subset/Bill_McBride/Bill_McBride_0004.jpg
Bill_Nelson,Bill_Nelson_0001.jpg,/home/varunaditya/Projects/Project_ARGUS/datasets/processed/LFW_subset/Bill_Nelson/Bill_Nelson_0001.jpg
Bill_Nelson,Bill_Nelson_0002.jpg,/home/varunaditya/Projects/Project_ARGUS/datasets/processed/LFW_subset/Bill_Nelson/Bill_Nelson_0002.jpg
Bill_Parcells,Bill_Parcells_0001.jpg,/home/varunaditya/Projects/Project_ARGUS/datasets/processed/LFW_subset/Bill_Parcells/Bill_Parcells_0001.jpg
Bill_Parcells,Bill_Parcells_0002.jpg,/home/varunaditya/Projects/Project_ARGUS/datasets/processed/LFW_subset/Bill_Parcells/Bill_Parcells_0002.jpg
Bill_Paxton,Bill_Paxton_0001.jpg,/home/varunaditya/Projects/Project_ARGUS/datasets/processed/LFW_subset/Bill_Paxton/Bill_Paxton_0001.jpg
Bill_Paxton,Bill_Paxton_0002.jpg,/home/varunaditya/Projects/Project_ARGUS/datasets/processed/LFW_subset/Bill_Paxton/Bill_Paxton_0002.jpg
Bill_Paxton,Bill_Paxton_0003.jpg,/home/varunaditya/Projects/Project_ARGUS/datasets/processed/LFW_subset/Bill_Paxton/Bill_Paxton_0003.jpg
Bill_Paxton,Bill_Paxton_0004.jpg,/home/varunaditya/Projects/Project_ARGUS/datasets/processed/LFW_subset/Bill_Paxton/Bill_Paxton_0004.jpg
Bill_Simon,Bill_Simon_0001.jpg,/home/varunaditya/Projects/Project_ARGUS/datasets/processed/LFW_subset/Bill_Simon/Bill_Simon_0001.jpg
Bill_Simon,Bill_Simon_0002.jpg,/home/varunaditya/Projects/Project_ARGUS/datasets/processed/LFW_subset/Bill_Simon/Bill_Simon_0002.jpg
Bill_Simon,Bill_Simon_0003.jpg,/home/varunaditya/Projects/Project_ARGUS/datasets/processed/LFW_subset/Bill_Simon/Bill_Simon_0003.jpg
Bill_Simon,Bill_Simon_0004.jpg,/home/varunaditya/Projects/Project_ARGUS/datasets/processed/LFW_subset/Bill_Simon/Bill_Simon_0004.jpg
Bill_Sizemore,Bill_Sizemore_0001.jpg,/home/varunaditya/Projects/Project_ARGUS/datasets/processed/LFW_subset/Bill_Sizemore/Bill_Sizemore_0001.jpg
Bill_Sizemore,Bill_Sizemore_0002.jpg,/home/varunaditya/Projects/Project_ARGUS/datasets/processed/LFW_subset/Bill_Sizemore/Bill_Sizemore_0002.jpg
Billy_Crystal,Billy_Crystal_0001.jpg,/home/varunaditya/Projects/Project_ARGUS/datasets/processed/LFW_subset/Billy_Crystal/Billy_Crystal_0001.jpg
Billy_Crystal,Billy_Crystal_0002.jpg,/home/varunaditya/Projects/Project_ARGUS/datasets/processed/LFW_subset/Billy_Crystal/Billy_Crystal_0002.jpg
Billy_Crystal,Billy_Crystal_0003.jpg,/home/varunaditya/Projects/Project_ARGUS/datasets/processed/LFW_subset/Billy_Crystal/Billy_Crystal_0003.jpg
Billy_Crystal,Billy_Crystal_0004.jpg,/home/varunaditya/Projects/Project_ARGUS/datasets/processed/LFW_subset/Billy_Crystal/Billy_Crystal_0004.jpg
Billy_Graham,Billy_Graham_0001.jpg,/home/varunaditya/Projects/Project_ARGUS/datasets/processed/LFW_subset/Billy_Graham/Billy_Graham_0001.jpg
Billy_Graham,Billy_Graham_0002.jpg,/home/varunaditya/Projects/Project_ARGUS/datasets/processed/LFW_subset/Billy_Graham/Billy_Graham_0002.jpg
Billy_Sollie,Billy_Sollie_0001.jpg,/home/varunaditya/Projects/Project_ARGUS/datasets/processed/LFW_subset/Billy_Sollie/Billy_Sollie_0001.jpg
Billy_Sollie,Billy_Sollie_0002.jpg,/home/varunaditya/Projects/Project_ARGUS/datasets/processed/LFW_subset/Billy_Sollie/Billy_Sollie_0002.jpg
Binyamin_Ben-Eliezer,Binyamin_Ben-Eliezer_0001.jpg,/home/varunaditya/Projects/Project_ARGUS/datasets/processed/LFW_subset/Binyamin_Ben-Eliezer/Binyamin_Ben-Eliezer_0001.jpg
Binyamin_Ben-Eliezer,Binyamin_Ben-Eliezer_0002.jpg,/home/varunaditya/Projects/Project_ARGUS/datasets/processed/LFW_subset/Binyamin_Ben-Eliezer/Binyamin_Ben-Eliezer_0002.jpg
Binyamin_Ben-Eliezer,Binyamin_Ben-Eliezer_0003.jpg,/home/varunaditya/Projects/Project_ARGUS/datasets/processed/LFW_subset/Binyamin_Ben-Eliezer/Binyamin_Ben-Eliezer_0003.jpg
Binyamin_Ben-Eliezer,Binyamin_Ben-Eliezer_0004.jpg,/home/varunaditya/Projects/Project_ARGUS/datasets/processed/LFW_subset/Binyamin_Ben-Eliezer/Binyamin_Ben-Eliezer_0004.jpg
Blythe_Danner,Blythe_Danner_0001.jpg,/home/varunaditya/Projects/Project_ARGUS/datasets/processed/LFW_subset/Blythe_Danner/Blythe_Danner_0001.jpg
Blythe_Danner,Blythe_Danner_0002.jpg,/home/varunaditya/Projects/Project_ARGUS/datasets/processed/LFW_subset/Blythe_Danner/Blythe_Danner_0002.jpg
Blythe_Hartley,Blythe_Hartley_0001.jpg,/home/varunaditya/Projects/Project_ARGUS/datasets/processed/LFW_subset/Blythe_Hartley/Blythe_Hartley_0001.jpg
Blythe_Hartley,Blythe_Hartley_0002.jpg,/home/varunaditya/Projects/Project_ARGUS/datasets/processed/LFW_subset/Blythe_Hartley/Blythe_Hartley_0002.jpg
Bo_Pelini,Bo_Pelini_0001.jpg,/home/varunaditya/Projects/Project_ARGUS/datasets/processed/LFW_subset/Bo_Pelini/Bo_Pelini_0001.jpg
Bo_Pelini,Bo_Pelini_0002.jpg,/home/varunaditya/Projects/Project_ARGUS/datasets/processed/LFW_subset/Bo_Pelini/Bo_Pelini_0002.jpg
Bo_Ryan,Bo_Ryan_0001.jpg,/home/varunaditya/Projects/Project_ARGUS/datasets/processed/LFW_subset/Bo_Ryan/Bo_Ryan_0001.jpg
Bo_Ryan,Bo_Ryan_0002.jpg,/home/varunaditya/Projects/Project_ARGUS/datasets/processed/LFW_subset/Bo_Ryan/Bo_Ryan_0002.jpg
Bob_Beauprez,Bob_Beauprez_0001.jpg,/home/varunaditya/Projects/Project_ARGUS/datasets/processed/LFW_subset/Bob_Beauprez/Bob_Beauprez_0001.jpg
Bob_Beauprez,Bob_Beauprez_0002.jpg,/home/varunaditya/Projects/Project_ARGUS/datasets/processed/LFW_subset/Bob_Beauprez/Bob_Beauprez_0002.jpg
Bob_Colvin,Bob_Colvin_0001.jpg,/home/varunaditya/Projects/Project_ARGUS/datasets/processed/LFW_subset/Bob_Colvin/Bob_Colvin_0001.jpg
Bob_Colvin,Bob_Colvin_0002.jpg,/home/varunaditya/Projects/Project_ARGUS/datasets/processed/LFW_subset/Bob_Colvin/Bob_Colvin_0002.jpg
Bob_Dole,Bob_Dole_0001.jpg,/home/varunaditya/Projects/Project_ARGUS/datasets/processed/LFW_subset/Bob_Dole/Bob_Dole_0001.jpg
Bob_Dole,Bob_Dole_0002.jpg,/home/varunaditya/Projects/Project_ARGUS/datasets/processed/LFW_subset/Bob_Dole/Bob_Dole_0002.jpg
Bob_Dole,Bob_Dole_0003.jpg,/home/varunaditya/Projects/Project_ARGUS/datasets/processed/LFW_subset/Bob_Dole/Bob_Dole_0003.jpg
Bob_Geldof,Bob_Geldof_0001.jpg,/home/varunaditya/Projects/Project_ARGUS/datasets/processed/LFW_subset/Bob_Geldof/Bob_Geldof_0001.jpg
Bob_Geldof,Bob_Geldof_0002.jpg,/home/varunaditya/Projects/Project_ARGUS/datasets/processed/LFW_subset/Bob_Geldof/Bob_Geldof_0002.jpg
Bob_Graham,Bob_Graham_0001.jpg,/home/varunaditya/Projects/Project_ARGUS/datasets/processed/LFW_subset/Bob_Graham/Bob_Graham_0001.jpg
Bob_Graham,Bob_Graham_0002.jpg,/home/varunaditya/Projects/Project_ARGUS/datasets/processed/LFW_subset/Bob_Graham/Bob_Graham_0002.jpg
Bob_Graham,Bob_Graham_0003.jpg,/home/varunaditya/Projects/Project_ARGUS/datasets/processed/LFW_subset/Bob_Graham/Bob_Graham_0003.jpg
Bob_Graham,Bob_Graham_0004.jpg,/home/varunaditya/Projects/Project_ARGUS/datasets/processed/LFW_subset/Bob_Graham/Bob_Graham_0004.jpg
Bob_Hope,Bob_Hope_0001.jpg,/home/varunaditya/Projects/Project_ARGUS/datasets/processed/LFW_subset/Bob_Hope/Bob_Hope_0001.jpg
Bob_Hope,Bob_Hope_0002.jpg,/home/varunaditya/Projects/Project_ARGUS/datasets/processed/LFW_subset/Bob_Hope/Bob_Hope_0002.jpg
Bob_Hope,Bob_Hope_0003.jpg,/home/varunaditya/Projects/Project_ARGUS/datasets/processed/LFW_subset/Bob_Hope/Bob_Hope_0003.jpg
Bob_Hope,Bob_Hope_0004.jpg,/home/varunaditya/Projects/Project_ARGUS/datasets/processed/LFW_subset/Bob_Hope/Bob_Hope_0004.jpg
Bob_Huggins,Bob_Huggins_0001.jpg,/home/varunaditya/Projects/Project_ARGUS/datasets/processed/LFW_subset/Bob_Huggins/Bob_Huggins_0001.jpg
Bob_Huggins,Bob_Huggins_0002.jpg,/home/varunaditya/Projects/Project_ARGUS/datasets/processed/LFW_subset/Bob_Huggins/Bob_Huggins_0002.jpg
Bob_Huggins,Bob_Huggins_0003.jpg,/home/varunaditya/Projects/Project_ARGUS/datasets/processed/LFW_subset/Bob_Huggins/Bob_Huggins_0003.jpg
Bob_Huggins,Bob_Huggins_0004.jpg,/home/varunaditya/Projects/Project_ARGUS/datasets/processed/LFW_subset/Bob_Huggins/Bob_Huggins_0004.jpg
Bob_Stoops,Bob_Stoops_0001.jpg,/home/varunaditya/Projects/Project_ARGUS/datasets/processed/LFW_subset/Bob_Stoops/Bob_Stoops_0001.jpg
Bob_Stoops,Bob_Stoops_0002.jpg,/home/varunaditya/Projects/Project_ARGUS/datasets/processed/LFW_subset/Bob_Stoops/Bob_Stoops_0002.jpg
Bob_Stoops,Bob_Stoops_0003.jpg,/home/varunaditya/Projects/Project_ARGUS/datasets/processed/LFW_subset/Bob_Stoops/Bob_Stoops_0003.jpg
Bob_Stoops,Bob_Stoops_0004.jpg,/home/varunaditya/Projects/Project_ARGUS/datasets/processed/LFW_subset/Bob_Stoops/Bob_Stoops_0004.jpg
Bobby_Goldwater,Bobby_Goldwater_0001.jpg,/home/varunaditya/Projects/Project_ARGUS/datasets/processed/LFW_subset/Bobby_Goldwater/Bobby_Goldwater_0001.jpg
Bobby_Goldwater,Bobby_Goldwater_0002.jpg,/home/varunaditya/Projects/Project_ARGUS/datasets/processed/LFW_subset/Bobby_Goldwater/Bobby_Goldwater_0002.jpg
Bobby_Robson,Bobby_Robson_0001.jpg,/home/varunaditya/Projects/Project_ARGUS/datasets/processed/LFW_subset/Bobby_Robson/Bobby_Robson_0001.jpg
Bobby_Robson,Bobby_Robson_0002.jpg,/home/varunaditya/Projects/Project_ARGUS/datasets/processed/LFW_subset/Bobby_Robson/Bobby_Robson_0002.jpg
Bode_Miller,Bode_Miller_0001.jpg,/home/varunaditya/Projects/Project_ARGUS/datasets/processed/LFW_subset/Bode_Miller/Bode_Miller_0001.jpg
Bode_Miller,Bode_Miller_0002.jpg,/home/varunaditya/Projects/Project_ARGUS/datasets/processed/LFW_subset/Bode_Miller/Bode_Miller_0002.jpg
Bono,Bono_0001.jpg,/home/varunaditya/Projects/Project_ARGUS/datasets/processed/LFW_subset/Bono/Bono_0001.jpg
Bono,Bono_0002.jpg,/home/varunaditya/Projects/Project_ARGUS/datasets/processed/LFW_subset/Bono/Bono_0002.jpg
Bono,Bono_0003.jpg,/home/varunaditya/Projects/Project_ARGUS/datasets/processed/LFW_subset/Bono/Bono_0003.jpg
Boris_Becker,Boris_Becker_0001.jpg,/home/varunaditya/Projects/Project_ARGUS/datasets/processed/LFW_subset/Boris_Becker/Boris_Becker_0001.jpg
Boris_Becker,Boris_Becker_0002.jpg,/home/varunaditya/Projects/Project_ARGUS/datasets/processed/LFW_subset/Boris_Becker/Boris_Becker_0002.jpg
Boris_Becker,Boris_Becker_0003.jpg,/home/varunaditya/Projects/Project_ARGUS/datasets/processed/LFW_subset/Boris_Becker/Boris_Becker_0003.jpg
Boris_Becker,Boris_Becker_0004.jpg,/home/varunaditya/Projects/Project_ARGUS/datasets/processed/LFW_subset/Boris_Becker/Boris_Becker_0004.jpg
Boris_Berezovsky,Boris_Berezovsky_0001.jpg,/home/varunaditya/Projects/Project_ARGUS/datasets/processed/LFW_subset/Boris_Berezovsky/Boris_Berezovsky_0001.jpg
Boris_Berezovsky,Boris_Berezovsky_0002.jpg,/home/varunaditya/Projects/Project_ARGUS/datasets/processed/LFW_subset/Boris_Berezovsky/Boris_Berezovsky_0002.jpg
Boris_Yeltsin,Boris_Yeltsin_0001.jpg,/home/varunaditya/Projects/Project_ARGUS/datasets/processed/LFW_subset/Boris_Yeltsin/Boris_Yeltsin_0001.jpg
Boris_Yeltsin,Boris_Yeltsin_0002.jpg,/home/varunaditya/Projects/Project_ARGUS/datasets/processed/LFW_subset/Boris_Yeltsin/Boris_Yeltsin_0002.jpg
Brad_Garrett,Brad_Garrett_0001.jpg,/home/varunaditya/Projects/Project_ARGUS/datasets/processed/LFW_subset/Brad_Garrett/Brad_Garrett_0001.jpg
Brad_Garrett,Brad_Garrett_0002.jpg,/home/varunaditya/Projects/Project_ARGUS/datasets/processed/LFW_subset/Brad_Garrett/Brad_Garrett_0002.jpg
Brad_Garrett,Brad_Garrett_0003.jpg,/home/varunaditya/Projects/Project_ARGUS/datasets/processed/LFW_subset/Brad_Garrett/Brad_Garrett_0003.jpg
Brad_Garrett,Brad_Garrett_0004.jpg,/home/varunaditya/Projects/Project_ARGUS/datasets/processed/LFW_subset/Brad_Garrett/Brad_Garrett_0004.jpg
Brad_Johnson,Brad_Johnson_0001.jpg,/home/varunaditya/Projects/Project_ARGUS/datasets/processed/LFW_subset/Brad_Johnson/Brad_Johnson_0001.jpg
Brad_Johnson,Brad_Johnson_0002.jpg,/home/varunaditya/Projects/Project_ARGUS/datasets/processed/LFW_subset/Brad_Johnson/Brad_Johnson_0002.jpg
Brad_Johnson,Brad_Johnson_0003.jpg,/home/varunaditya/Projects/Project_ARGUS/datasets/processed/LFW_subset/Brad_Johnson/Brad_Johnson_0003.jpg
Brad_Johnson,Brad_Johnson_0004.jpg,/home/varunaditya/Projects/Project_ARGUS/datasets/processed/LFW_subset/Brad_Johnson/Brad_Johnson_0004.jpg
Branko_Crvenkovski,Branko_Crvenkovski_0001.jpg,/home/varunaditya/Projects/Project_ARGUS/datasets/processed/LFW_subset/Branko_Crvenkovski/Branko_Crvenkovski_0001.jpg
Branko_Crvenkovski,Branko_Crvenkovski_0002.jpg,/home/varunaditya/Projects/Project_ARGUS/datasets/processed/LFW_subset/Branko_Crvenkovski/Branko_Crvenkovski_0002.jpg
Branko_Crvenkovski,Branko_Crvenkovski_0003.jpg,/home/varunaditya/Projects/Project_ARGUS/datasets/processed/LFW_subset/Branko_Crvenkovski/Branko_Crvenkovski_0003.jpg
Brendan_Hansen,Brendan_Hansen_0001.jpg,/home/varunaditya/Projects/Project_ARGUS/datasets/processed/LFW_subset/Brendan_Hansen/Brendan_Hansen_0001.jpg
Brendan_Hansen,Brendan_Hansen_0002.jpg,/home/varunaditya/Projects/Project_ARGUS/datasets/processed/LFW_subset/Brendan_Hansen/Brendan_Hansen_0002.jpg
Brian_Cowen,Brian_Cowen_0001.jpg,/home/varunaditya/Projects/Project_ARGUS/datasets/processed/LFW_subset/Brian_Cowen/Brian_Cowen_0001.jpg
Brian_Cowen,Brian_Cowen_0002.jpg,/home/varunaditya/Projects/Project_ARGUS/datasets/processed/LFW_subset/Brian_Cowen/Brian_Cowen_0002.jpg
Brian_Griese,Brian_Griese_0001.jpg,/home/varunaditya/Projects/Project_ARGUS/datasets/processed/LFW_subset/Brian_Griese/Brian_Griese_0001.jpg
Brian_Griese,Brian_Griese_0002.jpg,/home/varunaditya/Projects/Project_ARGUS/datasets/processed/LFW_subset/Brian_Griese/Brian_Griese_0002.jpg
Brian_Heidik,Brian_Heidik_0001.jpg,/home/varunaditya/Projects/Project_ARGUS/datasets/processed/LFW_subset/Brian_Heidik/Brian_Heidik_0001.jpg
Brian_Heidik,Brian_Heidik_0002.jpg,/home/varunaditya/Projects/Project_ARGUS/datasets/processed/LFW_subset/Brian_Heidik/Brian_Heidik_0002.jpg
Brian_Mulroney,Brian_Mulroney_0001.jpg,/home/varunaditya/Projects/Project_ARGUS/datasets/processed/LFW_subset/Brian_Mulroney/Brian_Mulroney_0001.jpg
Brian_Mulroney,Brian_Mulroney_0002.jpg,/home/varunaditya/Projects/Project_ARGUS/datasets/processed/LFW_subset/Brian_Mulroney/Brian_Mulroney_0002.jpg
Brian_Wells,Brian_Wells_0001.jpg,/home/varunaditya/Projects/Project_ARGUS/datasets/processed/LFW_subset/Brian_Wells/Brian_Wells_0001.jpg
Brian_Wells,Brian_Wells_0002.jpg,/home/varunaditya/Projects/Project_ARGUS/datasets/processed/LFW_subset/Brian_Wells/Brian_Wells_0002.jpg
Bridget_Fonda,Bridget_Fonda_0001.jpg,/home/varunaditya/Projects/Project_ARGUS/datasets/processed/LFW_subset/Bridget_Fonda/Bridget_Fonda_0001.jpg
Bridget_Fonda,Bridget_Fonda_0002.jpg,/home/varunaditya/Projects/Project_ARGUS/datasets/processed/LFW_subset/Bridget_Fonda/Bridget_Fonda_0002.jpg
Bridget_Fonda,Bridget_Fonda_0003.jpg,/home/varunaditya/Projects/Project_ARGUS/datasets/processed/LFW_subset/Bridget_Fonda/Bridget_Fonda_0003.jpg
Bridgette_Wilson-Sampras,Bridgette_Wilson-Sampras_0001.jpg,/home/varunaditya/Projects/Project_ARGUS/datasets/processed/LFW_subset/Bridgette_Wilson-Sampras/Bridgette_Wilson-Sampras_0001.jpg
Bridgette_Wilson-Sampras,Bridgette_Wilson-Sampras_0002.jpg,/home/varunaditya/Projects/Project_ARGUS/datasets/processed/LFW_subset/Bridgette_Wilson-Sampras/Bridgette_Wilson-Sampras_0002.jpg
Bridgette_Wilson-Sampras,Bridgette_Wilson-Sampras_0003.jpg,/home/varunaditya/Projects/Project_ARGUS/datasets/processed/LFW_subset/Bridgette_Wilson-Sampras/Bridgette_Wilson-Sampras_0003.jpg
Brigitte_Boisselier,Brigitte_Boisselier_0001.jpg,/home/varunaditya/Projects/Project_ARGUS/datasets/processed/LFW_subset/Brigitte_Boisselier/Brigitte_Boisselier_0001.jpg
Brigitte_Boisselier,Brigitte_Boisselier_0002.jpg,/home/varunaditya/Projects/Project_ARGUS/datasets/processed/LFW_subset/Brigitte_Boisselier/Brigitte_Boisselier_0002.jpg
Britney_Spears,Britney_Spears_0001.jpg,/home/varunaditya/Projects/Project_ARGUS/datasets/processed/LFW_subset/Britney_Spears/Britney_Spears_0001.jpg
Britney_Spears,Britney_Spears_0002.jpg,/home/varunaditya/Projects/Project_ARGUS/datasets/processed/LFW_subset/Britney_Spears/Britney_Spears_0002.jpg
Britney_Spears,Britney_Spears_0003.jpg,/home/varunaditya/Projects/Project_ARGUS/datasets/processed/LFW_subset/Britney_Spears/Britney_Spears_0003.jpg
Britney_Spears,Britney_Spears_0004.jpg,/home/varunaditya/Projects/Project_ARGUS/datasets/processed/LFW_subset/Britney_Spears/Britney_Spears_0004.jpg
Brooke_Shields,Brooke_Shields_0001.jpg,/home/varunaditya/Projects/Project_ARGUS/datasets/processed/LFW_subset/Brooke_Shields/Brooke_Shields_0001.jpg
Brooke_Shields,Brooke_Shields_0002.jpg,/home/varunaditya/Projects/Project_ARGUS/datasets/processed/LFW_subset/Brooke_Shields/Brooke_Shields_0002.jpg
Bruce_Springsteen,Bruce_Springsteen_0001.jpg,/home/varunaditya/Projects/Project_ARGUS/datasets/processed/LFW_subset/Bruce_Springsteen/Bruce_Springsteen_0001.jpg
Bruce_Springsteen,Bruce_Springsteen_0002.jpg,/home/varunaditya/Projects/Project_ARGUS/datasets/processed/LFW_subset/Bruce_Springsteen/Bruce_Springsteen_0002.jpg
Bruce_Springsteen,Bruce_Springsteen_0003.jpg,/home/varunaditya/Projects/Project_ARGUS/datasets/processed/LFW_subset/Bruce_Springsteen/Bruce_Springsteen_0003.jpg
Bruce_Springsteen,Bruce_Springsteen_0004.jpg,/home/varunaditya/Projects/Project_ARGUS/datasets/processed/LFW_subset/Bruce_Springsteen/Bruce_Springsteen_0004.jpg
Bruce_Van_De_Velde,Bruce_Van_De_Velde_0001.jpg,/home/varunaditya/Projects/Project_ARGUS/datasets/processed/LFW_subset/Bruce_Van_De_Velde/Bruce_Van_De_Velde_0001.jpg
Bruce_Van_De_Velde,Bruce_Van_De_Velde_0002.jpg,/home/varunaditya/Projects/Project_ARGUS/datasets/processed/LFW_subset/Bruce_Van_De_Velde/Bruce_Van_De_Velde_0002.jpg
Bruce_Weber,Bruce_Weber_0001.jpg,/home/varunaditya/Projects/Project_ARGUS/datasets/processed/LFW_subset/Bruce_Weber/Bruce_Weber_0001.jpg
Bruce_Weber,Bruce_Weber_0002.jpg,/home/varunaditya/Projects/Project_ARGUS/datasets/processed/LFW_subset/Bruce_Weber/Bruce_Weber_0002.jpg
Bud_Selig,Bud_Selig_0001.jpg,/home/varunaditya/Projects/Project_ARGUS/datasets/processed/LFW_subset/Bud_Selig/Bud_Selig_0001.jpg
Bud_Selig,Bud_Selig_0002.jpg,/home/varunaditya/Projects/Project_ARGUS/datasets/processed/LFW_subset/Bud_Selig/Bud_Selig_0002.jpg
Bud_Selig,Bud_Selig_0003.jpg,/home/varunaditya/Projects/Project_ARGUS/datasets/processed/LFW_subset/Bud_Selig/Bud_Selig_0003.jpg
Bud_Selig,Bud_Selig_0004.jpg,/home/varunaditya/Projects/Project_ARGUS/datasets/processed/LFW_subset/Bud_Selig/Bud_Selig_0004.jpg
Bulent_Ecevit,Bulent_Ecevit_0001.jpg,/home/varunaditya/Projects/Project_ARGUS/datasets/processed/LFW_subset/Bulent_Ecevit/Bulent_Ecevit_0001.jpg
Bulent_Ecevit,Bulent_Ecevit_0002.jpg,/home/varunaditya/Projects/Project_ARGUS/datasets/processed/LFW_subset/Bulent_Ecevit/Bulent_Ecevit_0002.jpg
Bulent_Ecevit,Bulent_Ecevit_0003.jpg,/home/varunaditya/Projects/Project_ARGUS/datasets/processed/LFW_subset/Bulent_Ecevit/Bulent_Ecevit_0003.jpg
Bulent_Ecevit,Bulent_Ecevit_0004.jpg,/home/varunaditya/Projects/Project_ARGUS/datasets/processed/LFW_subset/Bulent_Ecevit/Bulent_Ecevit_0004.jpg
Butch_Davis,Butch_Davis_0001.jpg,/home/varunaditya/Projects/Project_ARGUS/datasets/processed/LFW_subset/Butch_Davis/Butch_Davis_0001.jpg
Butch_Davis,Butch_Davis_0002.jpg,/home/varunaditya/Projects/Project_ARGUS/datasets/processed/LFW_subset/Butch_Davis/Butch_Davis_0002.jpg
Byron_Scott,Byron_Scott_0001.jpg,/home/varunaditya/Projects/Project_ARGUS/datasets/processed/LFW_subset/Byron_Scott/Byron_Scott_0001.jpg
Byron_Scott,Byron_Scott_0002.jpg,/home/varunaditya/Projects/Project_ARGUS/datasets/processed/LFW_subset/Byron_Scott/Byron_Scott_0002.jpg
Calista_Flockhart,Calista_Flockhart_0001.jpg,/home/varunaditya/Projects/Project_ARGUS/datasets/processed/LFW_subset/Calista_Flockhart/Calista_Flockhart_0001.jpg
Calista_Flockhart,Calista_Flockhart_0002.jpg,/home/varunaditya/Projects/Project_ARGUS/datasets/processed/LFW_subset/Calista_Flockhart/Calista_Flockhart_0002.jpg
Calista_Flockhart,Calista_Flockhart_0003.jpg,/home/varunaditya/Projects/Project_ARGUS/datasets/processed/LFW_subset/Calista_Flockhart/Calista_Flockhart_0003.jpg
Calista_Flockhart,Calista_Flockhart_0004.jpg,/home/varunaditya/Projects/Project_ARGUS/datasets/processed/LFW_subset/Calista_Flockhart/Calista_Flockhart_0004.jpg
Cameron_Diaz,Cameron_Diaz_0001.jpg,/home/varunaditya/Projects/Project_ARGUS/datasets/processed/LFW_subset/Cameron_Diaz/Cameron_Diaz_0001.jpg
Cameron_Diaz,Cameron_Diaz_0002.jpg,/home/varunaditya/Projects/Project_ARGUS/datasets/processed/LFW_subset/Cameron_Diaz/Cameron_Diaz_0002.jpg
Cameron_Diaz,Cameron_Diaz_0003.jpg,/home/varunaditya/Projects/Project_ARGUS/datasets/processed/LFW_subset/Cameron_Diaz/Cameron_Diaz_0003.jpg
Cameron_Diaz,Cameron_Diaz_0004.jpg,/home/varunaditya/Projects/Project_ARGUS/datasets/processed/LFW_subset/Cameron_Diaz/Cameron_Diaz_0004.jpg
Camilla_Parker_Bowles,Camilla_Parker_Bowles_0001.jpg,/home/varunaditya/Projects/Project_ARGUS/datasets/processed/LFW_subset/Camilla_Parker_Bowles/Camilla_Parker_Bowles_0001.jpg
Camilla_Parker_Bowles,Camilla_Parker_Bowles_0002.jpg,/home/varunaditya/Projects/Project_ARGUS/datasets/processed/LFW_subset/Camilla_Parker_Bowles/Camilla_Parker_Bowles_0002.jpg
Candice_Bergen,Candice_Bergen_0001.jpg,/home/varunaditya/Projects/Project_ARGUS/datasets/processed/LFW_subset/Candice_Bergen/Candice_Bergen_0001.jpg
Candice_Bergen,Candice_Bergen_0002.jpg,/home/varunaditya/Projects/Project_ARGUS/datasets/processed/LFW_subset/Candice_Bergen/Candice_Bergen_0002.jpg
Candice_Bergen,Candice_Bergen_0003.jpg,/home/varunaditya/Projects/Project_ARGUS/datasets/processed/LFW_subset/Candice_Bergen/Candice_Bergen_0003.jpg
Candie_Kung,Candie_Kung_0001.jpg,/home/varunaditya/Projects/Project_ARGUS/datasets/processed/LFW_subset/Candie_Kung/Candie_Kung_0001.jpg
Candie_Kung,Candie_Kung_0002.jpg,/home/varunaditya/Projects/Project_ARGUS/datasets/processed/LFW_subset/Candie_Kung/Candie_Kung_0002.jpg
Candie_Kung,Candie_Kung_0003.jpg,/home/varunaditya/Projects/Project_ARGUS/datasets/processed/LFW_subset/Candie_Kung/Candie_Kung_0003.jpg
Candie_Kung,Candie_Kung_0004.jpg,/home/varunaditya/Projects/Project_ARGUS/datasets/processed/LFW_subset/Candie_Kung/Candie_Kung_0004.jpg
Carl_Reiner,Carl_Reiner_0001.jpg,/home/varunaditya/Projects/Project_ARGUS/datasets/processed/LFW_subset/Carl_Reiner/Carl_Reiner_0001.jpg
Carl_Reiner,Carl_Reiner_0002.jpg,/home/varunaditya/Projects/Project_ARGUS/datasets/processed/LFW_subset/Carl_Reiner/Carl_Reiner_0002.jpg
Carla_Del_Ponte,Carla_Del_Ponte_0001.jpg,/home/varunaditya/Projects/Project_ARGUS/datasets/processed/LFW_subset/Carla_Del_Ponte/Carla_Del_Ponte_0001.jpg
Carla_Del_Ponte,Carla_Del_Ponte_0002.jpg,/home/varunaditya/Projects/Project_ARGUS/datasets/processed/LFW_subset/Carla_Del_Ponte/Carla_Del_Ponte_0002.jpg
Carla_Del_Ponte,Carla_Del_Ponte_0003.jpg,/home/varunaditya/Projects/Project_ARGUS/datasets/processed/LFW_subset/Carla_Del_Ponte/Carla_Del_Ponte_0003.jpg
Carla_Del_Ponte,Carla_Del_Ponte_0004.jpg,/home/varunaditya/Projects/Project_ARGUS/datasets/processed/LFW_subset/Carla_Del_Ponte/Carla_Del_Ponte_0004.jpg
Carla_Myers,Carla_Myers_0001.jpg,/home/varunaditya/Projects/Project_ARGUS/datasets/processed/LFW_subset/Carla_Myers/Carla_Myers_0001.jpg
Carla_Myers,Carla_Myers_0002.jpg,/home/varunaditya/Projects/Project_ARGUS/datasets/processed/LFW_subset/Carla_Myers/Carla_Myers_0002.jpg
Carlo_Ancelotti,Carlo_Ancelotti_0001.jpg,/home/varunaditya/Projects/Project_ARGUS/datasets/processed/LFW_subset/Carlo_Ancelotti/Carlo_Ancelotti_0001.jpg
Carlo_Ancelotti,Carlo_Ancelotti_0002.jpg,/home/varunaditya/Projects/Project_ARGUS/datasets/processed/LFW_subset/Carlo_Ancelotti/Carlo_Ancelotti_0002.jpg
Carlo_Ancelotti,Carlo_Ancelotti_0003.jpg,/home/varunaditya/Projects/Project_ARGUS/datasets/processed/LFW_subset/Carlo_Ancelotti/Carlo_Ancelotti_0003.jpg
Carlos_Bianchi,Carlos_Bianchi_0001.jpg,/home/varunaditya/Projects/Project_ARGUS/datasets/processed/LFW_subset/Carlos_Bianchi/Carlos_Bianchi_0001.jpg
Carlos_Bianchi,Carlos_Bianchi_0002.jpg,/home/varunaditya/Projects/Project_ARGUS/datasets/processed/LFW_subset/Carlos_Bianchi/Carlos_Bianchi_0002.jpg
Carlos_Ghosn,Carlos_Ghosn_0001.jpg,/home/varunaditya/Projects/Project_ARGUS/datasets/processed/LFW_subset/Carlos_Ghosn/Carlos_Ghosn_0001.jpg
Carlos_Ghosn,Carlos_Ghosn_0002.jpg,/home/varunaditya/Projects/Project_ARGUS/datasets/processed/LFW_subset/Carlos_Ghosn/Carlos_Ghosn_0002.jpg
Carlos_Manuel_Pruneda,Carlos_Manuel_Pruneda_0001.jpg,/home/varunaditya/Projects/Project_ARGUS/datasets/processed/LFW_subset/Carlos_Manuel_Pruneda/Carlos_Manuel_Pruneda_0001.jpg
Carlos_Manuel_Pruneda,Carlos_Manuel_Pruneda_0002.jpg,/home/varunaditya/Projects/Project_ARGUS/datasets/processed/LFW_subset/Carlos_Manuel_Pruneda/Carlos_Manuel_Pruneda_0002.jpg
Carlos_Manuel_Pruneda,Carlos_Manuel_Pruneda_0003.jpg,/home/varunaditya/Projects/Project_ARGUS/datasets/processed/LFW_subset/Carlos_Manuel_Pruneda/Carlos_Manuel_Pruneda_0003.jpg
Carlos_Menem,Carlos_Menem_0001.jpg,/home/varunaditya/Projects/Project_ARGUS/datasets/processed/LFW_subset/Carlos_Menem/Carlos_Menem_0001.jpg
Carlos_Menem,Carlos_Menem_0002.jpg,/home/varunaditya/Projects/Project_ARGUS/datasets/processed/LFW_subset/Carlos_Menem/Carlos_Menem_0002.jpg
Carlos_Menem,Carlos_Menem_0003.jpg,/home/varunaditya/Projects/Project_ARGUS/datasets/processed/LFW_subset/Carlos_Menem/Carlos_Menem_0003.jpg
Carlos_Menem,Carlos_Menem_0004.jpg,/home/varunaditya/Projects/Project_ARGUS/datasets/processed/LFW_subset/Carlos_Menem/Carlos_Menem_0004.jpg
Carlos_Mesa,Carlos_Mesa_0001.jpg,/home/varunaditya/Projects/Project_ARGUS/datasets/processed/LFW_subset/Carlos_Mesa/Carlos_Mesa_0001.jpg
Carlos_Mesa,Carlos_Mesa_0002.jpg,/home/varunaditya/Projects/Project_ARGUS/datasets/processed/LFW_subset/Carlos_Mesa/Carlos_Mesa_0002.jpg
Carlos_Moya,Carlos_Moya_0001.jpg,/home/varunaditya/Projects/Project_ARGUS/datasets/processed/LFW_subset/Carlos_Moya/Carlos_Moya_0001.jpg
Carlos_Moya,Carlos_Moya_0002.jpg,/home/varunaditya/Projects/Project_ARGUS/datasets/processed/LFW_subset/Carlos_Moya/Carlos_Moya_0002.jpg
Carlos_Moya,Carlos_Moya_0003.jpg,/home/varunaditya/Projects/Project_ARGUS/datasets/processed/LFW_subset/Carlos_Moya/Carlos_Moya_0003.jpg
Carlos_Moya,Carlos_Moya_0004.jpg,/home/varunaditya/Projects/Project_ARGUS/datasets/processed/LFW_subset/Carlos_Moya/Carlos_Moya_0004.jpg
Carlos_Ortega,Carlos_Ortega_0001.jpg,/home/varunaditya/Projects/Project_ARGUS/datasets/processed/LFW_subset/Carlos_Ortega/Carlos_Ortega_0001.jpg
Carlos_Ortega,Carlos_Ortega_0002.jpg,/home/varunaditya/Projects/Project_ARGUS/datasets/processed/LFW_subset/Carlos_Ortega/Carlos_Ortega_0002.jpg
Carlos_Ortega,Carlos_Ortega_0003.jpg,/home/varunaditya/Projects/Project_ARGUS/datasets/processed/LFW_subset/Carlos_Ortega/Carlos_Ortega_0003.jpg
Carlos_Quintanilla_Schmidt,Carlos_Quintanilla_Schmidt_0001.jpg,/home/varunaditya/Projects/Project_ARGUS/datasets/processed/LFW_subset/Carlos_Quintanilla_Schmidt/Carlos_Quintanilla_Schmidt_0001.jpg
Carlos_Quintanilla_Schmidt,Carlos_Quintanilla_Schmidt_0002.jpg,/home/varunaditya/Projects/Project_ARGUS/datasets/processed/LFW_subset/Carlos_Quintanilla_Schmidt/Carlos_Quintanilla_Schmidt_0002.jpg
Carlos_Ruiz,Carlos_Ruiz_0001.jpg,/home/varunaditya/Projects/Project_ARGUS/datasets/processed/LFW_subset/Carlos_Ruiz/Carlos_Ruiz_0001.jpg
Carlos_Ruiz,Carlos_Ruiz_0002.jpg,/home/varunaditya/Projects/Project_ARGUS/datasets/processed/LFW_subset/Carlos_Ruiz/Carlos_Ruiz_0002.jpg
Carlos_Ruiz,Carlos_Ruiz_0003.jpg,/home/varunaditya/Projects/Project_ARGUS/datasets/processed/LFW_subset/Carlos_Ruiz/Carlos_Ruiz_0003.jpg
Carlos_Vives,Carlos_Vives_0001.jpg,/home/varunaditya/Projects/Project_ARGUS/datasets/processed/LFW_subset/Carlos_Vives/Carlos_Vives_0001.jpg
Carlos_Vives,Carlos_Vives_0002.jpg,/home/varunaditya/Projects/Project_ARGUS/datasets/processed/LFW_subset/Carlos_Vives/Carlos_Vives_0002.jpg
Carlos_Vives,Carlos_Vives_0003.jpg,/home/varunaditya/Projects/Project_ARGUS/datasets/processed/LFW_subset/Carlos_Vives/Carlos_Vives_0003.jpg
Carlos_Vives,Carlos_Vives_0004.jpg,/home/varunaditya/Projects/Project_ARGUS/datasets/processed/LFW_subset/Carlos_Vives/Carlos_Vives_0004.jpg
Carly_Fiorina,Carly_Fiorina_0001.jpg,/home/varunaditya/Projects/Project_ARGUS/datasets/processed/LFW_subset/Carly_Fiorina/Carly_Fiorina_0001.jpg
Carly_Fiorina,Carly_Fiorina_0002.jpg,/home/varunaditya/Projects/Project_ARGUS/datasets/processed/LFW_subset/Carly_Fiorina/Carly_Fiorina_0002.jpg
Carly_Fiorina,Carly_Fiorina_0003.jpg,/home/varunaditya/Projects/Project_ARGUS/datasets/processed/LFW_subset/Carly_Fiorina/Carly_Fiorina_0003.jpg
Carmen_Electra,Carmen_Electra_0001.jpg,/home/varunaditya/Projects/Project_ARGUS/datasets/processed/LFW_subset/Carmen_Electra/Carmen_Electra_0001.jpg
Carmen_Electra,Carmen_Electra_0002.jpg,/home/varunaditya/Projects/Project_ARGUS/datasets/processed/LFW_subset/Carmen_Electra/Carmen_Electra_0002.jpg
Carmen_Electra,Carmen_Electra_0003.jpg,/home/varunaditya/Projects/Project_ARGUS/datasets/processed/LFW_subset/Carmen_Electra/Carmen_Electra_0003.jpg
Carmen_Electra,Carmen_Electra_0004.jpg,/home/varunaditya/Projects/Project_ARGUS/datasets/processed/LFW_subset/Carmen_Electra/Carmen_Electra_0004.jpg
Carol_Burnett,Carol_Burnett_0001.jpg,/home/varunaditya/Projects/Project_ARGUS/datasets/processed/LFW_subset/Carol_Burnett/Carol_Burnett_0001.jpg
Carol_Burnett,Carol_Burnett_0002.jpg,/home/varunaditya/Projects/Project_ARGUS/datasets/processed/LFW_subset/Carol_Burnett/Carol_Burnett_0002.jpg
Carol_Moseley_Braun,Carol_Moseley_Braun_0001.jpg,/home/varunaditya/Projects/Project_ARGUS/datasets/processed/LFW_subset/Carol_Moseley_Braun/Carol_Moseley_Braun_0001.jpg
Carol_Moseley_Braun,Carol_Moseley_Braun_0002.jpg,/home/varunaditya/Projects/Project_ARGUS/datasets/processed/LFW_subset/Carol_Moseley_Braun/Carol_Moseley_Braun_0002.jpg
Carolina_Kluft,Carolina_Kluft_0001.jpg,/home/varunaditya/Projects/Project_ARGUS/datasets/processed/LFW_subset/Carolina_Kluft/Carolina_Kluft_0001.jpg
Carolina_Kluft,Carolina_Kluft_0002.jpg,/home/varunaditya/Projects/Project_ARGUS/datasets/processed/LFW_subset/Carolina_Kluft/Carolina_Kluft_0002.jpg
Carolina_Kluft,Carolina_Kluft_0003.jpg,/home/varunaditya/Projects/Project_ARGUS/datasets/processed/LFW_subset/Carolina_Kluft/Carolina_Kluft_0003.jpg
Carolina_Moraes,Carolina_Moraes_0001.jpg,/home/varunaditya/Projects/Project_ARGUS/datasets/processed/LFW_subset/Carolina_Moraes/Carolina_Moraes_0001.jpg
Carolina_Moraes,Carolina_Moraes_0002.jpg,/home/varunaditya/Projects/Project_ARGUS/datasets/processed/LFW_subset/Carolina_Moraes/Carolina_Moraes_0002.jpg
Caroline_Kennedy,Caroline_Kennedy_0001.jpg,/home/varunaditya/Projects/Project_ARGUS/datasets/processed/LFW_subset/Caroline_Kennedy/Caroline_Kennedy_0001.jpg
Caroline_Kennedy,Caroline_Kennedy_0002.jpg,/home/varunaditya/Projects/Project_ARGUS/datasets/processed/LFW_subset/Caroline_Kennedy/Caroline_Kennedy_0002.jpg
Caroline_Kennedy,Caroline_Kennedy_0003.jpg,/home/varunaditya/Projects/Project_ARGUS/datasets/processed/LFW_subset/Caroline_Kennedy/Caroline_Kennedy_0003.jpg
Carolyn_Dawn_Johnson,Carolyn_Dawn_Johnson_0001.jpg,/home/varunaditya/Projects/Project_ARGUS/datasets/processed/LFW_subset/Carolyn_Dawn_Johnson/Carolyn_Dawn_Johnson_0001.jpg
Carolyn_Dawn_Johnson,Carolyn_Dawn_Johnson_0002.jpg,/home/varunaditya/Projects/Project_ARGUS/datasets/processed/LFW_subset/Carolyn_Dawn_Johnson/Carolyn_Dawn_Johnson_0002.jpg
Carolyn_Dawn_Johnson,Carolyn_Dawn_Johnson_0003.jpg,/home/varunaditya/Projects/Project_ARGUS/datasets/processed/LFW_subset/Carolyn_Dawn_Johnson/Carolyn_Dawn_Johnson_0003.jpg
Carrie-Anne_Moss,Carrie-Anne_Moss_0001.jpg,/home/varunaditya/Projects/Project_ARGUS/datasets/processed/LFW_subset/Carrie-Anne_Moss/Carrie-Anne_Moss_0001.jpg
Carrie-Anne_Moss,Carrie-Anne_Moss_0002.jpg,/home/varunaditya/Projects/Project_ARGUS/datasets/processed/LFW_subset/Carrie-Anne_Moss/Carrie-Anne_Moss_0002.jpg
Carrie-Anne_Moss,Carrie-Anne_Moss_0003.jpg,/home/varunaditya/Projects/Project_ARGUS/datasets/processed/LFW_subset/Carrie-Anne_Moss/Carrie-Anne_Moss_0003.jpg
Carrie-Anne_Moss,Carrie-Anne_Moss_0004.jpg,/home/varunaditya/Projects/Project_ARGUS/datasets/processed/LFW_subset/Carrie-Anne_Moss/Carrie-Anne_Moss_0004.jpg
Carson_Daly,Carson_Daly_0001.jpg,/home/varunaditya/Projects/Project_ARGUS/datasets/processed/LFW_subset/Carson_Daly/Carson_Daly_0001.jpg
Carson_Daly,Carson_Daly_0002.jpg,/home/varunaditya/Projects/Project_ARGUS/datasets/processed/LFW_subset/Carson_Daly/Carson_Daly_0002.jpg
Carson_Palmer,Carson_Palmer_0001.jpg,/home/varunaditya/Projects/Project_ARGUS/datasets/processed/LFW_subset/Carson_Palmer/Carson_Palmer_0001.jpg
Carson_Palmer,Carson_Palmer_0002.jpg,/home/varunaditya/Projects/Project_ARGUS/datasets/processed/LFW_subset/Carson_Palmer/Carson_Palmer_0002.jpg
Carson_Palmer,Carson_Palmer_0003.jpg,/home/varunaditya/Projects/Project_ARGUS/datasets/processed/LFW_subset/Carson_Palmer/Carson_Palmer_0003.jpg
Carson_Palmer,Carson_Palmer_0004.jpg,/home/varunaditya/Projects/Project_ARGUS/datasets/processed/LFW_subset/Carson_Palmer/Carson_Palmer_0004.jpg
Cate_Blanchett,Cate_Blanchett_0001.jpg,/home/varunaditya/Projects/Project_ARGUS/datasets/processed/LFW_subset/Cate_Blanchett/Cate_Blanchett_0001.jpg
Cate_Blanchett,Cate_Blanchett_0002.jpg,/home/varunaditya/Projects/Project_ARGUS/datasets/processed/LFW_subset/Cate_Blanchett/Cate_Blanchett_0002.jpg
Cate_Blanchett,Cate_Blanchett_0003.jpg,/home/varunaditya/Projects/Project_ARGUS/datasets/processed/LFW_subset/Cate_Blanchett/Cate_Blanchett_0003.jpg
Cate_Blanchett,Cate_Blanchett_0004.jpg,/home/varunaditya/Projects/Project_ARGUS/datasets/processed/LFW_subset/Cate_Blanchett/Cate_Blanchett_0004.jpg
Catherine_Deneuve,Catherine_Deneuve_0001.jpg,/home/varunaditya/Projects/Project_ARGUS/datasets/processed/LFW_subset/Catherine_Deneuve/Catherine_Deneuve_0001.jpg
Catherine_Deneuve,Catherine_Deneuve_0002.jpg,/home/varunaditya/Projects/Project_ARGUS/datasets/processed/LFW_subset/Catherine_Deneuve/Catherine_Deneuve_0002.jpg
Catherine_Deneuve,Catherine_Deneuve_0003.jpg,/home/varunaditya/Projects/Project_ARGUS/datasets/processed/LFW_subset/Catherine_Deneuve/Catherine_Deneuve_0003.jpg
Catherine_Deneuve,Catherine_Deneuve_0004.jpg,/home/varunaditya/Projects/Project_ARGUS/datasets/processed/LFW_subset/Catherine_Deneuve/Catherine_Deneuve_0004.jpg
Catherine_Zeta-Jones,Catherine_Zeta-Jones_0001.jpg,/home/varunaditya/Projects/Project_ARGUS/datasets/processed/LFW_subset/Catherine_Zeta-Jones/Catherine_Zeta-Jones_0001.jpg
Catherine_Zeta-Jones,Catherine_Zeta-Jones_0002.jpg,/home/varunaditya/Projects/Project_ARGUS/datasets/processed/LFW_subset/Catherine_Zeta-Jones/Catherine_Zeta-Jones_0002.jpg
Catherine_Zeta-Jones,Catherine_Zeta-Jones_0003.jpg,/home/varunaditya/Projects/Project_ARGUS/datasets/processed/LFW_subset/Catherine_Zeta-Jones/Catherine_Zeta-Jones_0003.jpg
Catherine_Zeta-Jones,Catherine_Zeta-Jones_0004.jpg,/home/varunaditya/Projects/Project_ARGUS/datasets/processed/LFW_subset/Catherine_Zeta-Jones/Catherine_Zeta-Jones_0004.jpg
Cathy_Freeman,Cathy_Freeman_0001.jpg,/home/varunaditya/Projects/Project_ARGUS/datasets/processed/LFW_subset/Cathy_Freeman/Cathy_Freeman_0001.jpg
Cathy_Freeman,Cathy_Freeman_0002.jpg,/home/varunaditya/Projects/Project_ARGUS/datasets/processed/LFW_subset/Cathy_Freeman/Cathy_Freeman_0002.jpg
Cecilia_Bolocco,Cecilia_Bolocco_0001.jpg,/home/varunaditya/Projects/Project_ARGUS/datasets/processed/LFW_subset/Cecilia_Bolocco/Cecilia_Bolocco_0001.jpg
Cecilia_Bolocco,Cecilia_Bolocco_0002.jpg,/home/varunaditya/Projects/Project_ARGUS/datasets/processed/LFW_subset/Cecilia_Bolocco/Cecilia_Bolocco_0002.jpg
Cecilia_Bolocco,Cecilia_Bolocco_0003.jpg,/home/varunaditya/Projects/Project_ARGUS/datasets/processed/LFW_subset/Cecilia_Bolocco/Cecilia_Bolocco_0003.jpg
Celine_Dion,Celine_Dion_0001.jpg,/home/varunaditya/Projects/Project_ARGUS/datasets/processed/LFW_subset/Celine_Dion/Celine_Dion_0001.jpg
Celine_Dion,Celine_Dion_0002.jpg,/home/varunaditya/Projects/Project_ARGUS/datasets/processed/LFW_subset/Celine_Dion/Celine_Dion_0002.jpg
Celine_Dion,Celine_Dion_0003.jpg,/home/varunaditya/Projects/Project_ARGUS/datasets/processed/LFW_subset/Celine_Dion/Celine_Dion_0003.jpg
Celine_Dion,Celine_Dion_0004.jpg,/home/varunaditya/Projects/Project_ARGUS/datasets/processed/LFW_subset/Celine_Dion/Celine_Dion_0004.jpg
Celso_Amorim,Celso_Amorim_0001.jpg,/home/varunaditya/Projects/Project_ARGUS/datasets/processed/LFW_subset/Celso_Amorim/Celso_Amorim_0001.jpg
Celso_Amorim,Celso_Amorim_0002.jpg,/home/varunaditya/Projects/Project_ARGUS/datasets/processed/LFW_subset/Celso_Amorim/Celso_Amorim_0002.jpg
Cesar_Gaviria,Cesar_Gaviria_0001.jpg,/home/varunaditya/Projects/Project_ARGUS/datasets/processed/LFW_subset/Cesar_Gaviria/Cesar_Gaviria_0001.jpg
Cesar_Gaviria,Cesar_Gaviria_0002.jpg,/home/varunaditya/Projects/Project_ARGUS/datasets/processed/LFW_subset/Cesar_Gaviria/Cesar_Gaviria_0002.jpg
Cesar_Gaviria,Cesar_Gaviria_0003.jpg,/home/varunaditya/Projects/Project_ARGUS/datasets/processed/LFW_subset/Cesar_Gaviria/Cesar_Gaviria_0003.jpg
Cesar_Gaviria,Cesar_Gaviria_0004.jpg,/home/varunaditya/Projects/Project_ARGUS/datasets/processed/LFW_subset/Cesar_Gaviria/Cesar_Gaviria_0004.jpg
Cesar_Maia,Cesar_Maia_0001.jpg,/home/varunaditya/Projects/Project_ARGUS/datasets/processed/LFW_subset/Cesar_Maia/Cesar_Maia_0001.jpg
Cesar_Maia,Cesar_Maia_0002.jpg,/home/varunaditya/Projects/Project_ARGUS/datasets/processed/LFW_subset/Cesar_Maia/Cesar_Maia_0002.jpg
Chakib_Khelil,Chakib_Khelil_0001.jpg,/home/varunaditya/Projects/Project_ARGUS/datasets/processed/LFW_subset/Chakib_Khelil/Chakib_Khelil_0001.jpg
Chakib_Khelil,Chakib_Khelil_0002.jpg,/home/varunaditya/Projects/Project_ARGUS/datasets/processed/LFW_subset/Chakib_Khelil/Chakib_Khelil_0002.jpg
Chan_Gailey,Chan_Gailey_0001.jpg,/home/varunaditya/Projects/Project_ARGUS/datasets/processed/LFW_subset/Chan_Gailey/Chan_Gailey_0001.jpg
Chan_Gailey,Chan_Gailey_0002.jpg,/home/varunaditya/Projects/Project_ARGUS/datasets/processed/LFW_subset/Chan_Gailey/Chan_Gailey_0002.jpg
Chan_Gailey,Chan_Gailey_0003.jpg,/home/varunaditya/Projects/Project_ARGUS/datasets/processed/LFW_subset/Chan_Gailey/Chan_Gailey_0003.jpg
Chanda_Rubin,Chanda_Rubin_0001.jpg,/home/varunaditya/Projects/Project_ARGUS/datasets/processed/LFW_subset/Chanda_Rubin/Chanda_Rubin_0001.jpg
Chanda_Rubin,Chanda_Rubin_0002.jpg,/home/varunaditya/Projects/Project_ARGUS/datasets/processed/LFW_subset/Chanda_Rubin/Chanda_Rubin_0002.jpg
Chanda_Rubin,Chanda_Rubin_0003.jpg,/home/varunaditya/Projects/Project_ARGUS/datasets/processed/LFW_subset/Chanda_Rubin/Chanda_Rubin_0003.jpg
Chanda_Rubin,Chanda_Rubin_0004.jpg,/home/varunaditya/Projects/Project_ARGUS/datasets/processed/LFW_subset/Chanda_Rubin/Chanda_Rubin_0004.jpg
Chang_Dae-whan,Chang_Dae-whan_0001.jpg,/home/varunaditya/Projects/Project_ARGUS/datasets/processed/LFW_subset/Chang_Dae-whan/Chang_Dae-whan_0001.jpg
Chang_Dae-whan,Chang_Dae-whan_0002.jpg,/home/varunaditya/Projects/Project_ARGUS/datasets/processed/LFW_subset/Chang_Dae-whan/Chang_Dae-whan_0002.jpg
Charles_Bronson,Charles_Bronson_0001.jpg,/home/varunaditya/Projects/Project_ARGUS/datasets/processed/LFW_subset/Charles_Bronson/Charles_Bronson_0001.jpg
Charles_Bronson,Charles_Bronson_0002.jpg,/home/varunaditya/Projects/Project_ARGUS/datasets/processed/LFW_subset/Charles_Bronson/Charles_Bronson_0002.jpg
Charles_Bronson,Charles_Bronson_0003.jpg,/home/varunaditya/Projects/Project_ARGUS/datasets/processed/LFW_subset/Charles_Bronson/Charles_Bronson_0003.jpg
Charles_Grassley,Charles_Grassley_0001.jpg,/home/varunaditya/Projects/Project_ARGUS/datasets/processed/LFW_subset/Charles_Grassley/Charles_Grassley_0001.jpg
Charles_Grassley,Charles_Grassley_0002.jpg,/home/varunaditya/Projects/Project_ARGUS/datasets/processed/LFW_subset/Charles_Grassley/Charles_Grassley_0002.jpg
Charles_Kartman,Charles_Kartman_0001.jpg,/home/varunaditya/Projects/Project_ARGUS/datasets/processed/LFW_subset/Charles_Kartman/Charles_Kartman_0001.jpg
Charles_Kartman,Charles_Kartman_0002.jpg,/home/varunaditya/Projects/Project_ARGUS/datasets/processed/LFW_subset/Charles_Kartman/Charles_Kartman_0002.jpg
Charles_Mathews,Charles_Mathews_0001.jpg,/home/varunaditya/Projects/Project_ARGUS/datasets/processed/LFW_subset/Charles_Mathews/Charles_Mathews_0001.jpg
Charles_Mathews,Charles_Mathews_0002.jpg,/home/varunaditya/Projects/Project_ARGUS/datasets/processed/LFW_subset/Charles_Mathews/Charles_Mathews_0002.jpg
Charles_Moose,Charles_Moose_0001.jpg,/home/varunaditya/Projects/Project_ARGUS/datasets/processed/LFW_subset/Charles_Moose/Charles_Moose_0001.jpg
Charles_Moose,Charles_Moose_0002.jpg,/home/varunaditya/Projects/Project_ARGUS/datasets/processed/LFW_subset/Charles_Moose/Charles_Moose_0002.jpg
Charles_Moose,Charles_Moose_0003.jpg,/home/varunaditya/Projects/Project_ARGUS/datasets/processed/LFW_subset/Charles_Moose/Charles_Moose_0003.jpg
Charles_Moose,Charles_Moose_0004.jpg,/home/varunaditya/Projects/Project_ARGUS/datasets/processed/LFW_subset/Charles_Moose/Charles_Moose_0004.jpg
Charles_Schumer,Charles_Schumer_0001.jpg,/home/varunaditya/Projects/Project_ARGUS/datasets/processed/LFW_subset/Charles_Schumer/Charles_Schumer_0001.jpg
Charles_Schumer,Charles_Schumer_0002.jpg,/home/varunaditya/Projects/Project_ARGUS/datasets/processed/LFW_subset/Charles_Schumer/Charles_Schumer_0002.jpg
Charles_Taylor,Charles_Taylor_0001.jpg,/home/varunaditya/Projects/Project_ARGUS/datasets/processed/LFW_subset/Charles_Taylor/Charles_Taylor_0001.jpg
Charles_Taylor,Charles_Taylor_0002.jpg,/home/varunaditya/Projects/Project_ARGUS/datasets/processed/LFW_subset/Charles_Taylor/Charles_Taylor_0002.jpg
Charles_Taylor,Charles_Taylor_0003.jpg,/home/varunaditya/Projects/Project_ARGUS/datasets/processed/LFW_subset/Charles_Taylor/Charles_Taylor_0003.jpg
Charles_Taylor,Charles_Taylor_0004.jpg,/home/varunaditya/Projects/Project_ARGUS/datasets/processed/LFW_subset/Charles_Taylor/Charles_Taylor_0004.jpg
Charlie_Zaa,Charlie_Zaa_0001.jpg,/home/varunaditya/Projects/Project_ARGUS/datasets/processed/LFW_subset/Charlie_Zaa/Charlie_Zaa_0001.jpg
Charlie_Zaa,Charlie_Zaa_0002.jpg,/home/varunaditya/Projects/Project_ARGUS/datasets/processed/LFW_subset/Charlie_Zaa/Charlie_Zaa_0002.jpg
Charlotte_Rampling,Charlotte_Rampling_0001.jpg,/home/varunaditya/Projects/Project_ARGUS/datasets/processed/LFW_subset/Charlotte_Rampling/Charlotte_Rampling_0001.jpg
Charlotte_Rampling,Charlotte_Rampling_0002.jpg,/home/varunaditya/Projects/Project_ARGUS/datasets/processed/LFW_subset/Charlotte_Rampling/Charlotte_Rampling_0002.jpg
Charlton_Heston,Charlton_Heston_0001.jpg,/home/varunaditya/Projects/Project_ARGUS/datasets/processed/LFW_subset/Charlton_Heston/Charlton_Heston_0001.jpg
Charlton_Heston,Charlton_Heston_0002.jpg,/home/varunaditya/Projects/Project_ARGUS/datasets/processed/LFW_subset/Charlton_Heston/Charlton_Heston_0002.jpg
Charlton_Heston,Charlton_Heston_0003.jpg,/home/varunaditya/Projects/Project_ARGUS/datasets/processed/LFW_subset/Charlton_Heston/Charlton_Heston_0003.jpg
Charlton_Heston,Charlton_Heston_0004.jpg,/home/varunaditya/Projects/Project_ARGUS/datasets/processed/LFW_subset/Charlton_Heston/Charlton_Heston_0004.jpg
Chen_Liang_Yu,Chen_Liang_Yu_0001.jpg,/home/varunaditya/Projects/Project_ARGUS/datasets/processed/LFW_subset/Chen_Liang_Yu/Chen_Liang_Yu_0001.jpg
Chen_Liang_Yu,Chen_Liang_Yu_0002.jpg,/home/varunaditya/Projects/Project_ARGUS/datasets/processed/LFW_subset/Chen_Liang_Yu/Chen_Liang_Yu_0002.jpg
Chen_Shui-bian,Chen_Shui-bian_0001.jpg,/home/varunaditya/Projects/Project_ARGUS/datasets/processed/LFW_subset/Chen_Shui-bian/Chen_Shui-bian_0001.jpg
Chen_Shui-bian,Chen_Shui-bian_0002.jpg,/home/varunaditya/Projects/Project_ARGUS/datasets/processed/LFW_subset/Chen_Shui-bian/Chen_Shui-bian_0002.jpg
Chen_Shui-bian,Chen_Shui-bian_0003.jpg,/home/varunaditya/Projects/Project_ARGUS/datasets/processed/LFW_subset/Chen_Shui-bian/Chen_Shui-bian_0003.jpg
Chen_Shui-bian,Chen_Shui-bian_0004.jpg,/home/varunaditya/Projects/Project_ARGUS/datasets/processed/LFW_subset/Chen_Shui-bian/Chen_Shui-bian_0004.jpg
Cherie_Blair,Cherie_Blair_0001.jpg,/home/varunaditya/Projects/Project_ARGUS/datasets/processed/LFW_subset/Cherie_Blair/Cherie_Blair_0001.jpg
Cherie_Blair,Cherie_Blair_0002.jpg,/home/varunaditya/Projects/Project_ARGUS/datasets/processed/LFW_subset/Cherie_Blair/Cherie_Blair_0002.jpg
Cherie_Blair,Cherie_Blair_0003.jpg,/home/varunaditya/Projects/Project_ARGUS/datasets/processed/LFW_subset/Cherie_Blair/Cherie_Blair_0003.jpg
Cherie_Blair,Cherie_Blair_0004.jpg,/home/varunaditya/Projects/Project_ARGUS/datasets/processed/LFW_subset/Cherie_Blair/Cherie_Blair_0004.jpg
Chick_Hearn,Chick_Hearn_0001.jpg,/home/varunaditya/Projects/Project_ARGUS/datasets/processed/LFW_subset/Chick_Hearn/Chick_Hearn_0001.jpg
Chick_Hearn,Chick_Hearn_0002.jpg,/home/varunaditya/Projects/Project_ARGUS/datasets/processed/LFW_subset/Chick_Hearn/Chick_Hearn_0002.jpg
Chick_Hearn,Chick_Hearn_0003.jpg,/home/varunaditya/Projects/Project_ARGUS/datasets/processed/LFW_subset/Chick_Hearn/Chick_Hearn_0003.jpg
Chita_Rivera,Chita_Rivera_0001.jpg,/home/varunaditya/Projects/Project_ARGUS/datasets/processed/LFW_subset/Chita_Rivera/Chita_Rivera_0001.jpg
Chita_Rivera,Chita_Rivera_0002.jpg,/home/varunaditya/Projects/Project_ARGUS/datasets/processed/LFW_subset/Chita_Rivera/Chita_Rivera_0002.jpg
Choi_Sung-hong,Choi_Sung-hong_0001.jpg,/home/varunaditya/Projects/Project_ARGUS/datasets/processed/LFW_subset/Choi_Sung-hong/Choi_Sung-hong_0001.jpg
Choi_Sung-hong,Choi_Sung-hong_0002.jpg,/home/varunaditya/Projects/Project_ARGUS/datasets/processed/LFW_subset/Choi_Sung-hong/Choi_Sung-hong_0002.jpg
Choi_Sung-hong,Choi_Sung-hong_0003.jpg,/home/varunaditya/Projects/Project_ARGUS/datasets/processed/LFW_subset/Choi_Sung-hong/Choi_Sung-hong_0003.jpg
Choi_Sung-hong,Choi_Sung-hong_0004.jpg,/home/varunaditya/Projects/Project_ARGUS/datasets/processed/LFW_subset/Choi_Sung-hong/Choi_Sung-hong_0004.jpg
Chok_Tong_Goh,Chok_Tong_Goh_0001.jpg,/home/varunaditya/Projects/Project_ARGUS/datasets/processed/LFW_subset/Chok_Tong_Goh/Chok_Tong_Goh_0001.jpg
Chok_Tong_Goh,Chok_Tong_Goh_0002.jpg,/home/varunaditya/Projects/Project_ARGUS/datasets/processed/LFW_subset/Chok_Tong_Goh/Chok_Tong_Goh_0002.jpg
Chris_Bell,Chris_Bell_0001.jpg,/home/varunaditya/Projects/Project_ARGUS/datasets/processed/LFW_subset/Chris_Bell/Chris_Bell_0001.jpg
Chris_Bell,Chris_Bell_0002.jpg,/home/varunaditya/Projects/Project_ARGUS/datasets/processed/LFW_subset/Chris_Bell/Chris_Bell_0002.jpg
Chris_Byrd,Chris_Byrd_0001.jpg,/home/varunaditya/Projects/Project_ARGUS/datasets/processed/LFW_subset/Chris_Byrd/Chris_Byrd_0001.jpg
Chris_Byrd,Chris_Byrd_0002.jpg,/home/varunaditya/Projects/Project_ARGUS/datasets/processed/LFW_subset/Chris_Byrd/Chris_Byrd_0002.jpg
Chris_Cooper,Chris_Cooper_0001.jpg,/home/varunaditya/Projects/Project_ARGUS/datasets/processed/LFW_subset/Chris_Cooper/Chris_Cooper_0001.jpg
Chris_Cooper,Chris_Cooper_0002.jpg,/home/varunaditya/Projects/Project_ARGUS/datasets/processed/LFW_subset/Chris_Cooper/Chris_Cooper_0002.jpg
Chris_Rock,Chris_Rock_0001.jpg,/home/varunaditya/Projects/Project_ARGUS/datasets/processed/LFW_subset/Chris_Rock/Chris_Rock_0001.jpg
Chris_Rock,Chris_Rock_0002.jpg,/home/varunaditya/Projects/Project_ARGUS/datasets/processed/LFW_subset/Chris_Rock/Chris_Rock_0002.jpg
Chris_Tucker,Chris_Tucker_0001.jpg,/home/varunaditya/Projects/Project_ARGUS/datasets/processed/LFW_subset/Chris_Tucker/Chris_Tucker_0001.jpg
Chris_Tucker,Chris_Tucker_0002.jpg,/home/varunaditya/Projects/Project_ARGUS/datasets/processed/LFW_subset/Chris_Tucker/Chris_Tucker_0002.jpg
Christian_Fittipaldi,Christian_Fittipaldi_0001.jpg,/home/varunaditya/Projects/Project_ARGUS/datasets/processed/LFW_subset/Christian_Fittipaldi/Christian_Fittipaldi_0001.jpg
Christian_Fittipaldi,Christian_Fittipaldi_0002.jpg,/home/varunaditya/Projects/Project_ARGUS/datasets/processed/LFW_subset/Christian_Fittipaldi/Christian_Fittipaldi_0002.jpg
Christian_Longo,Christian_Longo_0001.jpg,/home/varunaditya/Projects/Project_ARGUS/datasets/processed/LFW_subset/Christian_Longo/Christian_Longo_0001.jpg
Christian_Longo,Christian_Longo_0002.jpg,/home/varunaditya/Projects/Project_ARGUS/datasets/processed/LFW_subset/Christian_Longo/Christian_Longo_0002.jpg
Christian_Longo,Christian_Longo_0003.jpg,/home/varunaditya/Projects/Project_ARGUS/datasets/processed/LFW_subset/Christian_Longo/Christian_Longo_0003.jpg
Christian_Wulff,Christian_Wulff_0001.jpg,/home/varunaditya/Projects/Project_ARGUS/datasets/processed/LFW_subset/Christian_Wulff/Christian_Wulff_0001.jpg
Christian_Wulff,Christian_Wulff_0002.jpg,/home/varunaditya/Projects/Project_ARGUS/datasets/processed/LFW_subset/Christian_Wulff/Christian_Wulff_0002.jpg
Christina_Aguilera,Christina_Aguilera_0001.jpg,/home/varunaditya/Projects/Project_ARGUS/datasets/processed/LFW_subset/Christina_Aguilera/Christina_Aguilera_0001.jpg
Christina_Aguilera,Christina_Aguilera_0002.jpg,/home/varunaditya/Projects/Project_ARGUS/datasets/processed/LFW_subset/Christina_Aguilera/Christina_Aguilera_0002.jpg
Christina_Aguilera,Christina_Aguilera_0003.jpg,/home/varunaditya/Projects/Project_ARGUS/datasets/processed/LFW_subset/Christina_Aguilera/Christina_Aguilera_0003.jpg
Christina_Aguilera,Christina_Aguilera_0004.jpg,/home/varunaditya/Projects/Project_ARGUS/datasets/processed/LFW_subset/Christina_Aguilera/Christina_Aguilera_0004.jpg
Christine_Baumgartner,Christine_Baumgartner_0001.jpg,/home/varunaditya/Projects/Project_ARGUS/datasets/processed/LFW_subset/Christine_Baumgartner/Christine_Baumgartner_0001.jpg
Christine_Baumgartner,Christine_Baumgartner_0002.jpg,/home/varunaditya/Projects/Project_ARGUS/datasets/processed/LFW_subset/Christine_Baumgartner/Christine_Baumgartner_0002.jpg
Christine_Baumgartner,Christine_Baumgartner_0003.jpg,/home/varunaditya/Projects/Project_ARGUS/datasets/processed/LFW_subset/Christine_Baumgartner/Christine_Baumgartner_0003.jpg
Christine_Baumgartner,Christine_Baumgartner_0004.jpg,/home/varunaditya/Projects/Project_ARGUS/datasets/processed/LFW_subset/Christine_Baumgartner/Christine_Baumgartner_0004.jpg
Christine_Ebersole,Christine_Ebersole_0001.jpg,/home/varunaditya/Projects/Project_ARGUS/datasets/processed/LFW_subset/Christine_Ebersole/Christine_Ebersole_0001.jpg
Christine_Ebersole,Christine_Ebersole_0002.jpg,/home/varunaditya/Projects/Project_ARGUS/datasets/processed/LFW_subset/Christine_Ebersole/Christine_Ebersole_0002.jpg
Christine_Gregoire,Christine_Gregoire_0001.jpg,/home/varunaditya/Projects/Project_ARGUS/datasets/processed/LFW_subset/Christine_Gregoire/Christine_Gregoire_0001.jpg
Christine_Gregoire,Christine_Gregoire_0002.jpg,/home/varunaditya/Projects/Project_ARGUS/datasets/processed/LFW_subset/Christine_Gregoire/Christine_Gregoire_0002.jpg
Christine_Gregoire,Christine_Gregoire_0003.jpg,/home/varunaditya/Projects/Project_ARGUS/datasets/processed/LFW_subset/Christine_Gregoire/Christine_Gregoire_0003.jpg
Christine_Gregoire,Christine_Gregoire_0004.jpg,/home/varunaditya/Projects/Project_ARGUS/datasets/processed/LFW_subset/Christine_Gregoire/Christine_Gregoire_0004.jpg
Christine_Todd_Whitman,Christine_Todd_Whitman_0001.jpg,/home/varunaditya/Projects/Project_ARGUS/datasets/processed/LFW_subset/Christine_Todd_Whitman/Christine_Todd_Whitman_0001.jpg
Christine_Todd_Whitman,Christine_Todd_Whitman_0002.jpg,/home/varunaditya/Projects/Project_ARGUS/datasets/processed/LFW_subset/Christine_Todd_Whitman/Christine_Todd_Whitman_0002.jpg
Christine_Todd_Whitman,Christine_Todd_Whitman_0003.jpg,/home/varunaditya/Projects/Project_ARGUS/datasets/processed/LFW_subset/Christine_Todd_Whitman/Christine_Todd_Whitman_0003.jpg
Christine_Todd_Whitman,Christine_Todd_Whitman_0004.jpg,/home/varunaditya/Projects/Project_ARGUS/datasets/processed/LFW_subset/Christine_Todd_Whitman/Christine_Todd_Whitman_0004.jpg
Christopher_Patten,Christopher_Patten_0001.jpg,/home/varunaditya/Projects/Project_ARGUS/datasets/processed/LFW_subset/Christopher_Patten/Christopher_Patten_0001.jpg
Christopher_Patten,Christopher_Patten_0002.jpg,/home/varunaditya/Projects/Project_ARGUS/datasets/processed/LFW_subset/Christopher_Patten/Christopher_Patten_0002.jpg
Christopher_Reeve,Christopher_Reeve_0001.jpg,/home/varunaditya/Projects/Project_ARGUS/datasets/processed/LFW_subset/Christopher_Reeve/Christopher_Reeve_0001.jpg
Christopher_Reeve,Christopher_Reeve_0002.jpg,/home/varunaditya/Projects/Project_ARGUS/datasets/processed/LFW_subset/Christopher_Reeve/Christopher_Reeve_0002.jpg
Christopher_Reeve,Christopher_Reeve_0003.jpg,/home/varunaditya/Projects/Project_ARGUS/datasets/processed/LFW_subset/Christopher_Reeve/Christopher_Reeve_0003.jpg
Christopher_Reeve,Christopher_Reeve_0004.jpg,/home/varunaditya/Projects/Project_ARGUS/datasets/processed/LFW_subset/Christopher_Reeve/Christopher_Reeve_0004.jpg
Christopher_Walken,Christopher_Walken_0001.jpg,/home/varunaditya/Projects/Project_ARGUS/datasets/processed/LFW_subset/Christopher_Walken/Christopher_Walken_0001.jpg
Christopher_Walken,Christopher_Walken_0002.jpg,/home/varunaditya/Projects/Project_ARGUS/datasets/processed/LFW_subset/Christopher_Walken/Christopher_Walken_0002.jpg
Christopher_Walken,Christopher_Walken_0003.jpg,/home/varunaditya/Projects/Project_ARGUS/datasets/processed/LFW_subset/Christopher_Walken/Christopher_Walken_0003.jpg
Christopher_Walken,Christopher_Walken_0004.jpg,/home/varunaditya/Projects/Project_ARGUS/datasets/processed/LFW_subset/Christopher_Walken/Christopher_Walken_0004.jpg
Chuck_Amato,Chuck_Amato_0001.jpg,/home/varunaditya/Projects/Project_ARGUS/datasets/processed/LFW_subset/Chuck_Amato/Chuck_Amato_0001.jpg
Chuck_Amato,Chuck_Amato_0002.jpg,/home/varunaditya/Projects/Project_ARGUS/datasets/processed/LFW_subset/Chuck_Amato/Chuck_Amato_0002.jpg
Chuck_Yeager,Chuck_Yeager_0001.jpg,/home/varunaditya/Projects/Project_ARGUS/datasets/processed/LFW_subset/Chuck_Yeager/Chuck_Yeager_0001.jpg
Chuck_Yeager,Chuck_Yeager_0002.jpg,/home/varunaditya/Projects/Project_ARGUS/datasets/processed/LFW_subset/Chuck_Yeager/Chuck_Yeager_0002.jpg
Chung_Mong-hun,Chung_Mong-hun_0001.jpg,/home/varunaditya/Projects/Project_ARGUS/datasets/processed/LFW_subset/Chung_Mong-hun/Chung_Mong-hun_0001.jpg
Chung_Mong-hun,Chung_Mong-hun_0002.jpg,/home/varunaditya/Projects/Project_ARGUS/datasets/processed/LFW_subset/Chung_Mong-hun/Chung_Mong-hun_0002.jpg
Chung_Mong-joon,Chung_Mong-joon_0001.jpg,/home/varunaditya/Projects/Project_ARGUS/datasets/processed/LFW_subset/Chung_Mong-joon/Chung_Mong-joon_0001.jpg
Chung_Mong-joon,Chung_Mong-joon_0002.jpg,/home/varunaditya/Projects/Project_ARGUS/datasets/processed/LFW_subset/Chung_Mong-joon/Chung_Mong-joon_0002.jpg
Cindy_Crawford,Cindy_Crawford_0001.jpg,/home/varunaditya/Projects/Project_ARGUS/datasets/processed/LFW_subset/Cindy_Crawford/Cindy_Crawford_0001.jpg
Cindy_Crawford,Cindy_Crawford_0002.jpg,/home/varunaditya/Projects/Project_ARGUS/datasets/processed/LFW_subset/Cindy_Crawford/Cindy_Crawford_0002.jpg
Cindy_Crawford,Cindy_Crawford_0003.jpg,/home/varunaditya/Projects/Project_ARGUS/datasets/processed/LFW_subset/Cindy_Crawford/Cindy_Crawford_0003.jpg
Cindy_Margolis,Cindy_Margolis_0001.jpg,/home/varunaditya/Projects/Project_ARGUS/datasets/processed/LFW_subset/Cindy_Margolis/Cindy_Margolis_0001.jpg
Cindy_Margolis,Cindy_Margolis_0002.jpg,/home/varunaditya/Projects/Project_ARGUS/datasets/processed/LFW_subset/Cindy_Margolis/Cindy_Margolis_0002.jpg
Ciro_Gomes,Ciro_Gomes_0001.jpg,/home/varunaditya/Projects/Project_ARGUS/datasets/processed/LFW_subset/Ciro_Gomes/Ciro_Gomes_0001.jpg
Ciro_Gomes,Ciro_Gomes_0002.jpg,/home/varunaditya/Projects/Project_ARGUS/datasets/processed/LFW_subset/Ciro_Gomes/Ciro_Gomes_0002.jpg
Ciro_Gomes,Ciro_Gomes_0003.jpg,/home/varunaditya/Projects/Project_ARGUS/datasets/processed/LFW_subset/Ciro_Gomes/Ciro_Gomes_0003.jpg
Ciro_Gomes,Ciro_Gomes_0004.jpg,/home/varunaditya/Projects/Project_ARGUS/datasets/processed/LFW_subset/Ciro_Gomes/Ciro_Gomes_0004.jpg
Claire_Danes,Claire_Danes_0001.jpg,/home/varunaditya/Projects/Project_ARGUS/datasets/processed/LFW_subset/Claire_Danes/Claire_Danes_0001.jpg
Claire_Danes,Claire_Danes_0002.jpg,/home/varunaditya/Projects/Project_ARGUS/datasets/processed/LFW_subset/Claire_Danes/Claire_Danes_0002.jpg
Claire_Danes,Claire_Danes_0003.jpg,/home/varunaditya/Projects/Project_ARGUS/datasets/processed/LFW_subset/Claire_Danes/Claire_Danes_0003.jpg
Claire_Hentzen,Claire_Hentzen_0001.jpg,/home/varunaditya/Projects/Project_ARGUS/datasets/processed/LFW_subset/Claire_Hentzen/Claire_Hentzen_0001.jpg
Claire_Hentzen,Claire_Hentzen_0002.jpg,/home/varunaditya/Projects/Project_ARGUS/datasets/processed/LFW_subset/Claire_Hentzen/Claire_Hentzen_0002.jpg
Claire_Leger,Claire_Leger_0001.jpg,/home/varunaditya/Projects/Project_ARGUS/datasets/processed/LFW_subset/Claire_Leger/Claire_Leger_0001.jpg
Claire_Leger,Claire_Leger_0002.jpg,/home/varunaditya/Projects/Project_ARGUS/datasets/processed/LFW_subset/Claire_Leger/Claire_Leger_0002.jpg
Clara_Harris,Clara_Harris_0001.jpg,/home/varunaditya/Projects/Project_ARGUS/datasets/processed/LFW_subset/Clara_Harris/Clara_Harris_0001.jpg
Clara_Harris,Clara_Harris_0002.jpg,/home/varunaditya/Projects/Project_ARGUS/datasets/processed/LFW_subset/Clara_Harris/Clara_Harris_0002.jpg
Clara_Harris,Clara_Harris_0003.jpg,/home/varunaditya/Projects/Project_ARGUS/datasets/processed/LFW_subset/Clara_Harris/Clara_Harris_0003.jpg
Clara_Harris,Clara_Harris_0004.jpg,/home/varunaditya/Projects/Project_ARGUS/datasets/processed/LFW_subset/Clara_Harris/Clara_Harris_0004.jpg
Clare_Short,Clare_Short_0001.jpg,/home/varunaditya/Projects/Project_ARGUS/datasets/processed/LFW_subset/Clare_Short/Clare_Short_0001.jpg
Clare_Short,Clare_Short_0002.jpg,/home/varunaditya/Projects/Project_ARGUS/datasets/processed/LFW_subset/Clare_Short/Clare_Short_0002.jpg
Clare_Short,Clare_Short_0003.jpg,/home/varunaditya/Projects/Project_ARGUS/datasets/processed/LFW_subset/Clare_Short/Clare_Short_0003.jpg
Clare_Short,Clare_Short_0004.jpg,/home/varunaditya/Projects/Project_ARGUS/datasets/processed/LFW_subset/Clare_Short/Clare_Short_0004.jpg
Claudia_Pechstein,Claudia_Pechstein_0001.jpg,/home/varunaditya/Projects/Project_ARGUS/datasets/processed/LFW_subset/Claudia_Pechstein/Claudia_Pechstein_0001.jpg
Claudia_Pechstein,Claudia_Pechstein_0002.jpg,/home/varunaditya/Projects/Project_ARGUS/datasets/processed/LFW_subset/Claudia_Pechstein/Claudia_Pechstein_0002.jpg
Claudia_Pechstein,Claudia_Pechstein_0003.jpg,/home/varunaditya/Projects/Project_ARGUS/datasets/processed/LFW_subset/Claudia_Pechstein/Claudia_Pechstein_0003.jpg
Claudia_Pechstein,Claudia_Pechstein_0004.jpg,/home/varunaditya/Projects/Project_ARGUS/datasets/processed/LFW_subset/Claudia_Pechstein/Claudia_Pechstein_0004.jpg
Claudia_Schiffer,Claudia_Schiffer_0001.jpg,/home/varunaditya/Projects/Project_ARGUS/datasets/processed/LFW_subset/Claudia_Schiffer/Claudia_Schiffer_0001.jpg
Claudia_Schiffer,Claudia_Schiffer_0002.jpg,/home/varunaditya/Projects/Project_ARGUS/datasets/processed/LFW_subset/Claudia_Schiffer/Claudia_Schiffer_0002.jpg
Claudia_Schiffer,Claudia_Schiffer_0003.jpg,/home/varunaditya/Projects/Project_ARGUS/datasets/processed/LFW_subset/Claudia_Schiffer/Claudia_Schiffer_0003.jpg
Clay_Aiken,Clay_Aiken_0001.jpg,/home/varunaditya/Projects/Project_ARGUS/datasets/processed/LFW_subset/Clay_Aiken/Clay_Aiken_0001.jpg
Clay_Aiken,Clay_Aiken_0002.jpg,/home/varunaditya/Projects/Project_ARGUS/datasets/processed/LFW_subset/Clay_Aiken/Clay_Aiken_0002.jpg
Clay_Aiken,Clay_Aiken_0003.jpg,/home/varunaditya/Projects/Project_ARGUS/datasets/processed/LFW_subset/Clay_Aiken/Clay_Aiken_0003.jpg
Clay_Aiken,Clay_Aiken_0004.jpg,/home/varunaditya/Projects/Project_ARGUS/datasets/processed/LFW_subset/Clay_Aiken/Clay_Aiken_0004.jpg
Clint_Eastwood,Clint_Eastwood_0001.jpg,/home/varunaditya/Projects/Project_ARGUS/datasets/processed/LFW_subset/Clint_Eastwood/Clint_Eastwood_0001.jpg
Clint_Eastwood,Clint_Eastwood_0002.jpg,/home/varunaditya/Projects/Project_ARGUS/datasets/processed/LFW_subset/Clint_Eastwood/Clint_Eastwood_0002.jpg
Clint_Eastwood,Clint_Eastwood_0003.jpg,/home/varunaditya/Projects/Project_ARGUS/datasets/processed/LFW_subset/Clint_Eastwood/Clint_Eastwood_0003.jpg
Clint_Eastwood,Clint_Eastwood_0004.jpg,/home/varunaditya/Projects/Project_ARGUS/datasets/processed/LFW_subset/Clint_Eastwood/Clint_Eastwood_0004.jpg
Colin_Farrell,Colin_Farrell_0001.jpg,/home/varunaditya/Projects/Project_ARGUS/datasets/processed/LFW_subset/Colin_Farrell/Colin_Farrell_0001.jpg
Colin_Farrell,Colin_Farrell_0002.jpg,/home/varunaditya/Projects/Project_ARGUS/datasets/processed/LFW_subset/Colin_Farrell/Colin_Farrell_0002.jpg
Colin_Farrell,Colin_Farrell_0003.jpg,/home/varunaditya/Projects/Project_ARGUS/datasets/processed/LFW_subset/Colin_Farrell/Colin_Farrell_0003.jpg
Colin_Farrell,Colin_Farrell_0004.jpg,/home/varunaditya/Projects/Project_ARGUS/datasets/processed/LFW_subset/Colin_Farrell/Colin_Farrell_0004.jpg
Colin_Jackson,Colin_Jackson_0001.jpg,/home/varunaditya/Projects/Project_ARGUS/datasets/processed/LFW_subset/Colin_Jackson/Colin_Jackson_0001.jpg
Colin_Jackson,Colin_Jackson_0002.jpg,/home/varunaditya/Projects/Project_ARGUS/datasets/processed/LFW_subset/Colin_Jackson/Colin_Jackson_0002.jpg
Colin_Montgomerie,Colin_Montgomerie_0001.jpg,/home/varunaditya/Projects/Project_ARGUS/datasets/processed/LFW_subset/Colin_Montgomerie/Colin_Montgomerie_0001.jpg
Colin_Montgomerie,Colin_Montgomerie_0002.jpg,/home/varunaditya/Projects/Project_ARGUS/datasets/processed/LFW_subset/Colin_Montgomerie/Colin_Montgomerie_0002.jpg
Colin_Montgomerie,Colin_Montgomerie_0003.jpg,/home/varunaditya/Projects/Project_ARGUS/datasets/processed/LFW_subset/Colin_Montgomerie/Colin_Montgomerie_0003.jpg
Colin_Montgomerie,Colin_Montgomerie_0004.jpg,/home/varunaditya/Projects/Project_ARGUS/datasets/processed/LFW_subset/Colin_Montgomerie/Colin_Montgomerie_0004.jpg
Colin_Powell,Colin_Powell_0001.jpg,/home/varunaditya/Projects/Project_ARGUS/datasets/processed/LFW_subset/Colin_Powell/Colin_Powell_0001.jpg
Colin_Powell,Colin_Powell_0002.jpg,/home/varunaditya/Projects/Project_ARGUS/datasets/processed/LFW_subset/Colin_Powell/Colin_Powell_0002.jpg
Colin_Powell,Colin_Powell_0003.jpg,/home/varunaditya/Projects/Project_ARGUS/datasets/processed/LFW_subset/Colin_Powell/Colin_Powell_0003.jpg
Colin_Powell,Colin_Powell_0004.jpg,/home/varunaditya/Projects/Project_ARGUS/datasets/processed/LFW_subset/Colin_Powell/Colin_Powell_0004.jpg
Conan_OBrien,Conan_OBrien_0001.jpg,/home/varunaditya/Projects/Project_ARGUS/datasets/processed/LFW_subset/Conan_OBrien/Conan_OBrien_0001.jpg
Conan_OBrien,Conan_OBrien_0002.jpg,/home/varunaditya/Projects/Project_ARGUS/datasets/processed/LFW_subset/Conan_OBrien/Conan_OBrien_0002.jpg
Conan_OBrien,Conan_OBrien_0003.jpg,/home/varunaditya/Projects/Project_ARGUS/datasets/processed/LFW_subset/Conan_OBrien/Conan_OBrien_0003.jpg
Conan_OBrien,Conan_OBrien_0004.jpg,/home/varunaditya/Projects/Project_ARGUS/datasets/processed/LFW_subset/Conan_OBrien/Conan_OBrien_0004.jpg
Conchita_Martinez,Conchita_Martinez_0001.jpg,/home/varunaditya/Projects/Project_ARGUS/datasets/processed/LFW_subset/Conchita_Martinez/Conchita_Martinez_0001.jpg
Conchita_Martinez,Conchita_Martinez_0002.jpg,/home/varunaditya/Projects/Project_ARGUS/datasets/processed/LFW_subset/Conchita_Martinez/Conchita_Martinez_0002.jpg
Conchita_Martinez,Conchita_Martinez_0003.jpg,/home/varunaditya/Projects/Project_ARGUS/datasets/processed/LFW_subset/Conchita_Martinez/Conchita_Martinez_0003.jpg
Condoleezza_Rice,Condoleezza_Rice_0001.jpg,/home/varunaditya/Projects/Project_ARGUS/datasets/processed/LFW_subset/Condoleezza_Rice/Condoleezza_Rice_0001.jpg
Condoleezza_Rice,Condoleezza_Rice_0002.jpg,/home/varunaditya/Projects/Project_ARGUS/datasets/processed/LFW_subset/Condoleezza_Rice/Condoleezza_Rice_0002.jpg
Condoleezza_Rice,Condoleezza_Rice_0003.jpg,/home/varunaditya/Projects/Project_ARGUS/datasets/processed/LFW_subset/Condoleezza_Rice/Condoleezza_Rice_0003.jpg
Condoleezza_Rice,Condoleezza_Rice_0004.jpg,/home/varunaditya/Projects/Project_ARGUS/datasets/processed/LFW_subset/Condoleezza_Rice/Condoleezza_Rice_0004.jpg
Constance_Marie,Constance_Marie_0001.jpg,/home/varunaditya/Projects/Project_ARGUS/datasets/processed/LFW_subset/Constance_Marie/Constance_Marie_0001.jpg
Constance_Marie,Constance_Marie_0002.jpg,/home/varunaditya/Projects/Project_ARGUS/datasets/processed/LFW_subset/Constance_Marie/Constance_Marie_0002.jpg
Constance_Marie,Constance_Marie_0003.jpg,/home/varunaditya/Projects/Project_ARGUS/datasets/processed/LFW_subset/Constance_Marie/Constance_Marie_0003.jpg
Coretta_Scott_King,Coretta_Scott_King_0001.jpg,/home/varunaditya/Projects/Project_ARGUS/datasets/processed/LFW_subset/Coretta_Scott_King/Coretta_Scott_King_0001.jpg
Coretta_Scott_King,Coretta_Scott_King_0002.jpg,/home/varunaditya/Projects/Project_ARGUS/datasets/processed/LFW_subset/Coretta_Scott_King/Coretta_Scott_King_0002.jpg
Coretta_Scott_King,Coretta_Scott_King_0003.jpg,/home/varunaditya/Projects/Project_ARGUS/datasets/processed/LFW_subset/Coretta_Scott_King/Coretta_Scott_King_0003.jpg
Corinne_Coman,Corinne_Coman_0001.jpg,/home/varunaditya/Projects/Project_ARGUS/datasets/processed/LFW_subset/Corinne_Coman/Corinne_Coman_0001.jpg
Corinne_Coman,Corinne_Coman_0002.jpg,/home/varunaditya/Projects/Project_ARGUS/datasets/processed/LFW_subset/Corinne_Coman/Corinne_Coman_0002.jpg
Costas_Simitis,Costas_Simitis_0001.jpg,/home/varunaditya/Projects/Project_ARGUS/datasets/processed/LFW_subset/Costas_Simitis/Costas_Simitis_0001.jpg
Costas_Simitis,Costas_Simitis_0002.jpg,/home/varunaditya/Projects/Project_ARGUS/datasets/processed/LFW_subset/Costas_Simitis/Costas_Simitis_0002.jpg
Costas_Simitis,Costas_Simitis_0003.jpg,/home/varunaditya/Projects/Project_ARGUS/datasets/processed/LFW_subset/Costas_Simitis/Costas_Simitis_0003.jpg
Costas_Simitis,Costas_Simitis_0004.jpg,/home/varunaditya/Projects/Project_ARGUS/datasets/processed/LFW_subset/Costas_Simitis/Costas_Simitis_0004.jpg
Courtney_Love,Courtney_Love_0001.jpg,/home/varunaditya/Projects/Project_ARGUS/datasets/processed/LFW_subset/Courtney_Love/Courtney_Love_0001.jpg
Courtney_Love,Courtney_Love_0002.jpg,/home/varunaditya/Projects/Project_ARGUS/datasets/processed/LFW_subset/Courtney_Love/Courtney_Love_0002.jpg
Cristina_Fernandez,Cristina_Fernandez_0001.jpg,/home/varunaditya/Projects/Project_ARGUS/datasets/processed/LFW_subset/Cristina_Fernandez/Cristina_Fernandez_0001.jpg
Cristina_Fernandez,Cristina_Fernandez_0002.jpg,/home/varunaditya/Projects/Project_ARGUS/datasets/processed/LFW_subset/Cristina_Fernandez/Cristina_Fernandez_0002.jpg
Cristina_Saralegui,Cristina_Saralegui_0001.jpg,/home/varunaditya/Projects/Project_ARGUS/datasets/processed/LFW_subset/Cristina_Saralegui/Cristina_Saralegui_0001.jpg
Cristina_Saralegui,Cristina_Saralegui_0002.jpg,/home/varunaditya/Projects/Project_ARGUS/datasets/processed/LFW_subset/Cristina_Saralegui/Cristina_Saralegui_0002.jpg
Cruz_Bustamante,Cruz_Bustamante_0001.jpg,/home/varunaditya/Projects/Project_ARGUS/datasets/processed/LFW_subset/Cruz_Bustamante/Cruz_Bustamante_0001.jpg
Cruz_Bustamante,Cruz_Bustamante_0002.jpg,/home/varunaditya/Projects/Project_ARGUS/datasets/processed/LFW_subset/Cruz_Bustamante/Cruz_Bustamante_0002.jpg
Cruz_Bustamante,Cruz_Bustamante_0003.jpg,/home/varunaditya/Projects/Project_ARGUS/datasets/processed/LFW_subset/Cruz_Bustamante/Cruz_Bustamante_0003.jpg
Cruz_Bustamante,Cruz_Bustamante_0004.jpg,/home/varunaditya/Projects/Project_ARGUS/datasets/processed/LFW_subset/Cruz_Bustamante/Cruz_Bustamante_0004.jpg
Cyndi_Thompson,Cyndi_Thompson_0001.jpg,/home/varunaditya/Projects/Project_ARGUS/datasets/processed/LFW_subset/Cyndi_Thompson/Cyndi_Thompson_0001.jpg
Cyndi_Thompson,Cyndi_Thompson_0002.jpg,/home/varunaditya/Projects/Project_ARGUS/datasets/processed/LFW_subset/Cyndi_Thompson/Cyndi_Thompson_0002.jpg
Dai_Bachtiar,Dai_Bachtiar_0001.jpg,/home/varunaditya/Projects/Project_ARGUS/datasets/processed/LFW_subset/Dai_Bachtiar/Dai_Bachtiar_0001.jpg
Dai_Bachtiar,Dai_Bachtiar_0002.jpg,/home/varunaditya/Projects/Project_ARGUS/datasets/processed/LFW_subset/Dai_Bachtiar/Dai_Bachtiar_0002.jpg
Daisy_Fuentes,Daisy_Fuentes_0001.jpg,/home/varunaditya/Projects/Project_ARGUS/datasets/processed/LFW_subset/Daisy_Fuentes/Daisy_Fuentes_0001.jpg
Daisy_Fuentes,Daisy_Fuentes_0002.jpg,/home/varunaditya/Projects/Project_ARGUS/datasets/processed/LFW_subset/Daisy_Fuentes/Daisy_Fuentes_0002.jpg
Daisy_Fuentes,Daisy_Fuentes_0003.jpg,/home/varunaditya/Projects/Project_ARGUS/datasets/processed/LFW_subset/Daisy_Fuentes/Daisy_Fuentes_0003.jpg
Daisy_Fuentes,Daisy_Fuentes_0004.jpg,/home/varunaditya/Projects/Project_ARGUS/datasets/processed/LFW_subset/Daisy_Fuentes/Daisy_Fuentes_0004.jpg
Dalai_Lama,Dalai_Lama_0001.jpg,/home/varunaditya/Projects/Project_ARGUS/datasets/processed/LFW_subset/Dalai_Lama/Dalai_Lama_0001.jpg
Dalai_Lama,Dalai_Lama_0002.jpg,/home/varunaditya/Projects/Project_ARGUS/datasets/processed/LFW_subset/Dalai_Lama/Dalai_Lama_0002.jpg
Dale_Earnhardt_Jr,Dale_Earnhardt_Jr_0001.jpg,/home/varunaditya/Projects/Project_ARGUS/datasets/processed/LFW_subset/Dale_Earnhardt_Jr/Dale_Earnhardt_Jr_0001.jpg
Dale_Earnhardt_Jr,Dale_Earnhardt_Jr_0002.jpg,/home/varunaditya/Projects/Project_ARGUS/datasets/processed/LFW_subset/Dale_Earnhardt_Jr/Dale_Earnhardt_Jr_0002.jpg
Dale_Earnhardt_Jr,Dale_Earnhardt_Jr_0003.jpg,/home/varunaditya/Projects/Project_ARGUS/datasets/processed/LFW_subset/Dale_Earnhardt_Jr/Dale_Earnhardt_Jr_0003.jpg
Dale_Earnhardt_Jr,Dale_Earnhardt_Jr_0004.jpg,/home/varunaditya/Projects/Project_ARGUS/datasets/processed/LFW_subset/Dale_Earnhardt_Jr/Dale_Earnhardt_Jr_0004.jpg
Damon_van_Dam,Damon_van_Dam_0001.jpg,/home/varunaditya/Projects/Project_ARGUS/datasets/processed/LFW_subset/Damon_van_Dam/Damon_van_Dam_0001.jpg
Damon_van_Dam,Damon_van_Dam_0002.jpg,/home/varunaditya/Projects/Project_ARGUS/datasets/processed/LFW_subset/Damon_van_Dam/Damon_van_Dam_0002.jpg
Dan_Morales,Dan_Morales_0001.jpg,/home/varunaditya/Projects/Project_ARGUS/datasets/processed/LFW_subset/Dan_Morales/Dan_Morales_0001.jpg
Dan_Morales,Dan_Morales_0002.jpg,/home/varunaditya/Projects/Project_ARGUS/datasets/processed/LFW_subset/Dan_Morales/Dan_Morales_0002.jpg
Dan_Morales,Dan_Morales_0003.jpg,/home/varunaditya/Projects/Project_ARGUS/datasets/processed/LFW_subset/Dan_Morales/Dan_Morales_0003.jpg
Dan_Wheldon,Dan_Wheldon_0001.jpg,/home/varunaditya/Projects/Project_ARGUS/datasets/processed/LFW_subset/Dan_Wheldon/Dan_Wheldon_0001.jpg
Dan_Wheldon,Dan_Wheldon_0002.jpg,/home/varunaditya/Projects/Project_ARGUS/datasets/processed/LFW_subset/Dan_Wheldon/Dan_Wheldon_0002.jpg
Daniel_Day-Lewis,Daniel_Day-Lewis_0001.jpg,/home/varunaditya/Projects/Project_ARGUS/datasets/processed/LFW_subset/Daniel_Day-Lewis/Daniel_Day-Lewis_0001.jpg
Daniel_Day-Lewis,Daniel_Day-Lewis_0002.jpg,/home/varunaditya/Projects/Project_ARGUS/datasets/processed/LFW_subset/Daniel_Day-Lewis/Daniel_Day-Lewis_0002.jpg
Daniel_Day-Lewis,Daniel_Day-Lewis_0003.jpg,/home/varunaditya/Projects/Project_ARGUS/datasets/processed/LFW_subset/Daniel_Day-Lewis/Daniel_Day-Lewis_0003.jpg
Daniel_Radcliffe,Daniel_Radcliffe_0001.jpg,/home/varunaditya/Projects/Project_ARGUS/datasets/processed/LFW_subset/Daniel_Radcliffe/Daniel_Radcliffe_0001.jpg
Daniel_Radcliffe,Daniel_Radcliffe_0002.jpg,/home/varunaditya/Projects/Project_ARGUS/datasets/processed/LFW_subset/Daniel_Radcliffe/Daniel_Radcliffe_0002.jpg
Daniel_Radcliffe,Daniel_Radcliffe_0003.jpg,/home/varunaditya/Projects/Project_ARGUS/datasets/processed/LFW_subset/Daniel_Radcliffe/Daniel_Radcliffe_0003.jpg
Daniel_Radcliffe,Daniel_Radcliffe_0004.jpg,/home/varunaditya/Projects/Project_ARGUS/datasets/processed/LFW_subset/Daniel_Radcliffe/Daniel_Radcliffe_0004.jpg
Daniela_Hantuchova,Daniela_Hantuchova_0001.jpg,/home/varunaditya/Projects/Project_ARGUS/datasets/processed/LFW_subset/Daniela_Hantuchova/Daniela_Hantuchova_0001.jpg
Daniela_Hantuchova,Daniela_Hantuchova_0002.jpg,/home/varunaditya/Projects/Project_ARGUS/datasets/processed/LFW_subset/Daniela_Hantuchova/Daniela_Hantuchova_0002.jpg
Darrell_Issa,Darrell_Issa_0001.jpg,/home/varunaditya/Projects/Project_ARGUS/datasets/processed/LFW_subset/Darrell_Issa/Darrell_Issa_0001.jpg
Darrell_Issa,Darrell_Issa_0002.jpg,/home/varunaditya/Projects/Project_ARGUS/datasets/processed/LFW_subset/Darrell_Issa/Darrell_Issa_0002.jpg
Darrell_Porter,Darrell_Porter_0001.jpg,/home/varunaditya/Projects/Project_ARGUS/datasets/processed/LFW_subset/Darrell_Porter/Darrell_Porter_0001.jpg
Darrell_Porter,Darrell_Porter_0002.jpg,/home/varunaditya/Projects/Project_ARGUS/datasets/processed/LFW_subset/Darrell_Porter/Darrell_Porter_0002.jpg
Darren_Clarke,Darren_Clarke_0001.jpg,/home/varunaditya/Projects/Project_ARGUS/datasets/processed/LFW_subset/Darren_Clarke/Darren_Clarke_0001.jpg
Darren_Clarke,Darren_Clarke_0002.jpg,/home/varunaditya/Projects/Project_ARGUS/datasets/processed/LFW_subset/Darren_Clarke/Darren_Clarke_0002.jpg
Daryl_Hannah,Daryl_Hannah_0001.jpg,/home/varunaditya/Projects/Project_ARGUS/datasets/processed/LFW_subset/Daryl_Hannah/Daryl_Hannah_0001.jpg
Daryl_Hannah,Daryl_Hannah_0002.jpg,/home/varunaditya/Projects/Project_ARGUS/datasets/processed/LFW_subset/Daryl_Hannah/Daryl_Hannah_0002.jpg
Dave_Campo,Dave_Campo_0001.jpg,/home/varunaditya/Projects/Project_ARGUS/datasets/processed/LFW_subset/Dave_Campo/Dave_Campo_0001.jpg
Dave_Campo,Dave_Campo_0002.jpg,/home/varunaditya/Projects/Project_ARGUS/datasets/processed/LFW_subset/Dave_Campo/Dave_Campo_0002.jpg
Dave_Campo,Dave_Campo_0003.jpg,/home/varunaditya/Projects/Project_ARGUS/datasets/processed/LFW_subset/Dave_Campo/Dave_Campo_0003.jpg
David_Anderson,David_Anderson_0001.jpg,/home/varunaditya/Projects/Project_ARGUS/datasets/processed/LFW_subset/David_Anderson/David_Anderson_0001.jpg
David_Anderson,David_Anderson_0002.jpg,/home/varunaditya/Projects/Project_ARGUS/datasets/processed/LFW_subset/David_Anderson/David_Anderson_0002.jpg
David_Anderson,David_Anderson_0003.jpg,/home/varunaditya/Projects/Project_ARGUS/datasets/processed/LFW_subset/David_Anderson/David_Anderson_0003.jpg
David_Anderson,David_Anderson_0004.jpg,/home/varunaditya/Projects/Project_ARGUS/datasets/processed/LFW_subset/David_Anderson/David_Anderson_0004.jpg
David_Beckham,David_Beckham_0001.jpg,/home/varunaditya/Projects/Project_ARGUS/datasets/processed/LFW_subset/David_Beckham/David_Beckham_0001.jpg
David_Beckham,David_Beckham_0002.jpg,/home/varunaditya/Projects/Project_ARGUS/datasets/processed/LFW_subset/David_Beckham/David_Beckham_0002.jpg
David_Beckham,David_Beckham_0003.jpg,/home/varunaditya/Projects/Project_ARGUS/datasets/processed/LFW_subset/David_Beckham/David_Beckham_0003.jpg
David_Beckham,David_Beckham_0004.jpg,/home/varunaditya/Projects/Project_ARGUS/datasets/processed/LFW_subset/David_Beckham/David_Beckham_0004.jpg
David_Bell,David_Bell_0001.jpg,/home/varunaditya/Projects/Project_ARGUS/datasets/processed/LFW_subset/David_Bell/David_Bell_0001.jpg
David_Bell,David_Bell_0002.jpg,/home/varunaditya/Projects/Project_ARGUS/datasets/processed/LFW_subset/David_Bell/David_Bell_0002.jpg
David_Caraway,David_Caraway_0001.jpg,/home/varunaditya/Projects/Project_ARGUS/datasets/processed/LFW_subset/David_Caraway/David_Caraway_0001.jpg
David_Caraway,David_Caraway_0002.jpg,/home/varunaditya/Projects/Project_ARGUS/datasets/processed/LFW_subset/David_Caraway/David_Caraway_0002.jpg
David_Caruso,David_Caruso_0001.jpg,/home/varunaditya/Projects/Project_ARGUS/datasets/processed/LFW_subset/David_Caruso/David_Caruso_0001.jpg
David_Caruso,David_Caruso_0002.jpg,/home/varunaditya/Projects/Project_ARGUS/datasets/processed/LFW_subset/David_Caruso/David_Caruso_0002.jpg
David_Caruso,David_Caruso_0003.jpg,/home/varunaditya/Projects/Project_ARGUS/datasets/processed/LFW_subset/David_Caruso/David_Caruso_0003.jpg
David_Coulthard,David_Coulthard_0001.jpg,/home/varunaditya/Projects/Project_ARGUS/datasets/processed/LFW_subset/David_Coulthard/David_Coulthard_0001.jpg
David_Coulthard,David_Coulthard_0002.jpg,/home/varunaditya/Projects/Project_ARGUS/datasets/processed/LFW_subset/David_Coulthard/David_Coulthard_0002.jpg
David_Dodge,David_Dodge_0001.jpg,/home/varunaditya/Projects/Project_ARGUS/datasets/processed/LFW_subset/David_Dodge/David_Dodge_0001.jpg
David_Dodge,David_Dodge_0002.jpg,/home/varunaditya/Projects/Project_ARGUS/datasets/processed/LFW_subset/David_Dodge/David_Dodge_0002.jpg
David_Heyman,David_Heyman_0001.jpg,/home/varunaditya/Projects/Project_ARGUS/datasets/processed/LFW_subset/David_Heyman/David_Heyman_0001.jpg
David_Heyman,David_Heyman_0002.jpg,/home/varunaditya/Projects/Project_ARGUS/datasets/processed/LFW_subset/David_Heyman/David_Heyman_0002.jpg
David_Heymann,David_Heymann_0001.jpg,/home/varunaditya/Projects/Project_ARGUS/datasets/processed/LFW_subset/David_Heymann/David_Heymann_0001.jpg
David_Heymann,David_Heymann_0002.jpg,/home/varunaditya/Projects/Project_ARGUS/datasets/processed/LFW_subset/David_Heymann/David_Heymann_0002.jpg
David_Heymann,David_Heymann_0003.jpg,/home/varunaditya/Projects/Project_ARGUS/datasets/processed/LFW_subset/David_Heymann/David_Heymann_0003.jpg
David_Heymann,David_Heymann_0004.jpg,/home/varunaditya/Projects/Project_ARGUS/datasets/processed/LFW_subset/David_Heymann/David_Heymann_0004.jpg
David_Hyde_Pierce,David_Hyde_Pierce_0001.jpg,/home/varunaditya/Projects/Project_ARGUS/datasets/processed/LFW_subset/David_Hyde_Pierce/David_Hyde_Pierce_0001.jpg
David_Hyde_Pierce,David_Hyde_Pierce_0002.jpg,/home/varunaditya/Projects/Project_ARGUS/datasets/processed/LFW_subset/David_Hyde_Pierce/David_Hyde_Pierce_0002.jpg
David_Hyde_Pierce,David_Hyde_Pierce_0003.jpg,/home/varunaditya/Projects/Project_ARGUS/datasets/processed/LFW_subset/David_Hyde_Pierce/David_Hyde_Pierce_0003.jpg
David_Hyde_Pierce,David_Hyde_Pierce_0004.jpg,/home/varunaditya/Projects/Project_ARGUS/datasets/processed/LFW_subset/David_Hyde_Pierce/David_Hyde_Pierce_0004.jpg
David_Kelley,David_Kelley_0001.jpg,/home/varunaditya/Projects/Project_ARGUS/datasets/processed/LFW_subset/David_Kelley/David_Kelley_0001.jpg
David_Kelley,David_Kelley_0002.jpg,/home/varunaditya/Projects/Project_ARGUS/datasets/processed/LFW_subset/David_Kelley/David_Kelley_0002.jpg
David_Leahy,David_Leahy_0001.jpg,/home/varunaditya/Projects/Project_ARGUS/datasets/processed/LFW_subset/David_Leahy/David_Leahy_0001.jpg
David_Leahy,David_Leahy_0002.jpg,/home/varunaditya/Projects/Project_ARGUS/datasets/processed/LFW_subset/David_Leahy/David_Leahy_0002.jpg
David_Myers,David_Myers_0001.jpg,/home/varunaditya/Projects/Project_ARGUS/datasets/processed/LFW_subset/David_Myers/David_Myers_0001.jpg
David_Myers,David_Myers_0002.jpg,/home/varunaditya/Projects/Project_ARGUS/datasets/processed/LFW_subset/David_Myers/David_Myers_0002.jpg
David_Nalbandian,David_Nalbandian_0001.jpg,/home/varunaditya/Projects/Project_ARGUS/datasets/processed/LFW_subset/David_Nalbandian/David_Nalbandian_0001.jpg
David_Nalbandian,David_Nalbandian_0002.jpg,/home/varunaditya/Projects/Project_ARGUS/datasets/processed/LFW_subset/David_Nalbandian/David_Nalbandian_0002.jpg
David_Nalbandian,David_Nalbandian_0003.jpg,/home/varunaditya/Projects/Project_ARGUS/datasets/processed/LFW_subset/David_Nalbandian/David_Nalbandian_0003.jpg
David_Nalbandian,David_Nalbandian_0004.jpg,/home/varunaditya/Projects/Project_ARGUS/datasets/processed/LFW_subset/David_Nalbandian/David_Nalbandian_0004.jpg
David_Spade,David_Spade_0001.jpg,/home/varunaditya/Projects/Project_ARGUS/datasets/processed/LFW_subset/David_Spade/David_Spade_0001.jpg
David_Spade,David_Spade_0002.jpg,/home/varunaditya/Projects/Project_ARGUS/datasets/processed/LFW_subset/David_Spade/David_Spade_0002.jpg
David_Stern,David_Stern_0001.jpg,/home/varunaditya/Projects/Project_ARGUS/datasets/processed/LFW_subset/David_Stern/David_Stern_0001.jpg
David_Stern,David_Stern_0002.jpg,/home/varunaditya/Projects/Project_ARGUS/datasets/processed/LFW_subset/David_Stern/David_Stern_0002.jpg
David_Stern,David_Stern_0003.jpg,/home/varunaditya/Projects/Project_ARGUS/datasets/processed/LFW_subset/David_Stern/David_Stern_0003.jpg
David_Stern,David_Stern_0004.jpg,/home/varunaditya/Projects/Project_ARGUS/datasets/processed/LFW_subset/David_Stern/David_Stern_0004.jpg
David_Trimble,David_Trimble_0001.jpg,/home/varunaditya/Projects/Project_ARGUS/datasets/processed/LFW_subset/David_Trimble/David_Trimble_0001.jpg
David_Trimble,David_Trimble_0002.jpg,/home/varunaditya/Projects/Project_ARGUS/datasets/processed/LFW_subset/David_Trimble/David_Trimble_0002.jpg
David_Trimble,David_Trimble_0003.jpg,/home/varunaditya/Projects/Project_ARGUS/datasets/processed/LFW_subset/David_Trimble/David_Trimble_0003.jpg
David_Trimble,David_Trimble_0004.jpg,/home/varunaditya/Projects/Project_ARGUS/datasets/processed/LFW_subset/David_Trimble/David_Trimble_0004.jpg
David_Wells,David_Wells_0001.jpg,/home/varunaditya/Projects/Project_ARGUS/datasets/processed/LFW_subset/David_Wells/David_Wells_0001.jpg
David_Wells,David_Wells_0002.jpg,/home/varunaditya/Projects/Project_ARGUS/datasets/processed/LFW_subset/David_Wells/David_Wells_0002.jpg
David_Wells,David_Wells_0003.jpg,/home/varunaditya/Projects/Project_ARGUS/datasets/processed/LFW_subset/David_Wells/David_Wells_0003.jpg
David_Wells,David_Wells_0004.jpg,/home/varunaditya/Projects/Project_ARGUS/datasets/processed/LFW_subset/David_Wells/David_Wells_0004.jpg
David_Wolf,David_Wolf_0001.jpg,/home/varunaditya/Projects/Project_ARGUS/datasets/processed/LFW_subset/David_Wolf/David_Wolf_0001.jpg
David_Wolf,David_Wolf_0002.jpg,/home/varunaditya/Projects/Project_ARGUS/datasets/processed/LFW_subset/David_Wolf/David_Wolf_0002.jpg
Dean_Barkley,Dean_Barkley_0001.jpg,/home/varunaditya/Projects/Project_ARGUS/datasets/processed/LFW_subset/Dean_Barkley/Dean_Barkley_0001.jpg
Dean_Barkley,Dean_Barkley_0002.jpg,/home/varunaditya/Projects/Project_ARGUS/datasets/processed/LFW_subset/Dean_Barkley/Dean_Barkley_0002.jpg
Dean_Barkley,Dean_Barkley_0003.jpg,/home/varunaditya/Projects/Project_ARGUS/datasets/processed/LFW_subset/Dean_Barkley/Dean_Barkley_0003.jpg
Dean_Barkley,Dean_Barkley_0004.jpg,/home/varunaditya/Projects/Project_ARGUS/datasets/processed/LFW_subset/Dean_Barkley/Dean_Barkley_0004.jpg
Debbie_Reynolds,Debbie_Reynolds_0001.jpg,/home/varunaditya/Projects/Project_ARGUS/datasets/processed/LFW_subset/Debbie_Reynolds/Debbie_Reynolds_0001.jpg
Debbie_Reynolds,Debbie_Reynolds_0002.jpg,/home/varunaditya/Projects/Project_ARGUS/datasets/processed/LFW_subset/Debbie_Reynolds/Debbie_Reynolds_0002.jpg
Debbie_Reynolds,Debbie_Reynolds_0003.jpg,/home/varunaditya/Projects/Project_ARGUS/datasets/processed/LFW_subset/Debbie_Reynolds/Debbie_Reynolds_0003.jpg
Debbie_Reynolds,Debbie_Reynolds_0004.jpg,/home/varunaditya/Projects/Project_ARGUS/datasets/processed/LFW_subset/Debbie_Reynolds/Debbie_Reynolds_0004.jpg
Debra_Brown,Debra_Brown_0001.jpg,/home/varunaditya/Projects/Project_ARGUS/datasets/processed/LFW_subset/Debra_Brown/Debra_Brown_0001.jpg
Debra_Brown,Debra_Brown_0002.jpg,/home/varunaditya/Projects/Project_ARGUS/datasets/processed/LFW_subset/Debra_Brown/Debra_Brown_0002.jpg
Debra_Messing,Debra_Messing_0001.jpg,/home/varunaditya/Projects/Project_ARGUS/datasets/processed/LFW_subset/Debra_Messing/Debra_Messing_0001.jpg
Debra_Messing,Debra_Messing_0002.jpg,/home/varunaditya/Projects/Project_ARGUS/datasets/processed/LFW_subset/Debra_Messing/Debra_Messing_0002.jpg
Debra_Messing,Debra_Messing_0003.jpg,/home/varunaditya/Projects/Project_ARGUS/datasets/processed/LFW_subset/Debra_Messing/Debra_Messing_0003.jpg
Demetrius_Ferraciu,Demetrius_Ferraciu_0001.jpg,/home/varunaditya/Projects/Project_ARGUS/datasets/processed/LFW_subset/Demetrius_Ferraciu/Demetrius_Ferraciu_0001.jpg
Demetrius_Ferraciu,Demetrius_Ferraciu_0002.jpg,/home/varunaditya/Projects/Project_ARGUS/datasets/processed/LFW_subset/Demetrius_Ferraciu/Demetrius_Ferraciu_0002.jpg
Demi_Moore,Demi_Moore_0001.jpg,/home/varunaditya/Projects/Project_ARGUS/datasets/processed/LFW_subset/Demi_Moore/Demi_Moore_0001.jpg
Demi_Moore,Demi_Moore_0002.jpg,/home/varunaditya/Projects/Project_ARGUS/datasets/processed/LFW_subset/Demi_Moore/Demi_Moore_0002.jpg
Demi_Moore,Demi_Moore_0003.jpg,/home/varunaditya/Projects/Project_ARGUS/datasets/processed/LFW_subset/Demi_Moore/Demi_Moore_0003.jpg
Demi_Moore,Demi_Moore_0004.jpg,/home/varunaditya/Projects/Project_ARGUS/datasets/processed/LFW_subset/Demi_Moore/Demi_Moore_0004.jpg
Denise_Johnson,Denise_Johnson_0001.jpg,/home/varunaditya/Projects/Project_ARGUS/datasets/processed/LFW_subset/Denise_Johnson/Denise_Johnson_0001.jpg
Denise_Johnson,Denise_Johnson_0002.jpg,/home/varunaditya/Projects/Project_ARGUS/datasets/processed/LFW_subset/Denise_Johnson/Denise_Johnson_0002.jpg
Dennis_Erickson,Dennis_Erickson_0001.jpg,/home/varunaditya/Projects/Project_ARGUS/datasets/processed/LFW_subset/Dennis_Erickson/Dennis_Erickson_0001.jpg
Dennis_Erickson,Dennis_Erickson_0002.jpg,/home/varunaditya/Projects/Project_ARGUS/datasets/processed/LFW_subset/Dennis_Erickson/Dennis_Erickson_0002.jpg
Dennis_Hastert,Dennis_Hastert_0001.jpg,/home/varunaditya/Projects/Project_ARGUS/datasets/processed/LFW_subset/Dennis_Hastert/Dennis_Hastert_0001.jpg
Dennis_Hastert,Dennis_Hastert_0002.jpg,/home/varunaditya/Projects/Project_ARGUS/datasets/processed/LFW_subset/Dennis_Hastert/Dennis_Hastert_0002.jpg
Dennis_Hastert,Dennis_Hastert_0003.jpg,/home/varunaditya/Projects/Project_ARGUS/datasets/processed/LFW_subset/Dennis_Hastert/Dennis_Hastert_0003.jpg
Dennis_Hastert,Dennis_Hastert_0004.jpg,/home/varunaditya/Projects/Project_ARGUS/datasets/processed/LFW_subset/Dennis_Hastert/Dennis_Hastert_0004.jpg
Dennis_Kozlowski,Dennis_Kozlowski_0001.jpg,/home/varunaditya/Projects/Project_ARGUS/datasets/processed/LFW_subset/Dennis_Kozlowski/Dennis_Kozlowski_0001.jpg
Dennis_Kozlowski,Dennis_Kozlowski_0002.jpg,/home/varunaditya/Projects/Project_ARGUS/datasets/processed/LFW_subset/Dennis_Kozlowski/Dennis_Kozlowski_0002.jpg
Dennis_Kucinich,Dennis_Kucinich_0001.jpg,/home/varunaditya/Projects/Project_ARGUS/datasets/processed/LFW_subset/Dennis_Kucinich/Dennis_Kucinich_0001.jpg
Dennis_Kucinich,Dennis_Kucinich_0002.jpg,/home/varunaditya/Projects/Project_ARGUS/datasets/processed/LFW_subset/Dennis_Kucinich/Dennis_Kucinich_0002.jpg
Dennis_Kucinich,Dennis_Kucinich_0003.jpg,/home/varunaditya/Projects/Project_ARGUS/datasets/processed/LFW_subset/Dennis_Kucinich/Dennis_Kucinich_0003.jpg
Dennis_Kucinich,Dennis_Kucinich_0004.jpg,/home/varunaditya/Projects/Project_ARGUS/datasets/processed/LFW_subset/Dennis_Kucinich/Dennis_Kucinich_0004.jpg
Dennis_Powell,Dennis_Powell_0001.jpg,/home/varunaditya/Projects/Project_ARGUS/datasets/processed/LFW_subset/Dennis_Powell/Dennis_Powell_0001.jpg
Dennis_Powell,Dennis_Powell_0002.jpg,/home/varunaditya/Projects/Project_ARGUS/datasets/processed/LFW_subset/Dennis_Powell/Dennis_Powell_0002.jpg
Denzel_Washington,Denzel_Washington_0001.jpg,/home/varunaditya/Projects/Project_ARGUS/datasets/processed/LFW_subset/Denzel_Washington/Denzel_Washington_0001.jpg
Denzel_Washington,Denzel_Washington_0002.jpg,/home/varunaditya/Projects/Project_ARGUS/datasets/processed/LFW_subset/Denzel_Washington/Denzel_Washington_0002.jpg
Denzel_Washington,Denzel_Washington_0003.jpg,/home/varunaditya/Projects/Project_ARGUS/datasets/processed/LFW_subset/Denzel_Washington/Denzel_Washington_0003.jpg
Denzel_Washington,Denzel_Washington_0004.jpg,/home/varunaditya/Projects/Project_ARGUS/datasets/processed/LFW_subset/Denzel_Washington/Denzel_Washington_0004.jpg
Derek_Jeter,Derek_Jeter_0001.jpg,/home/varunaditya/Projects/Project_ARGUS/datasets/processed/LFW_subset/Derek_Jeter/Derek_Jeter_0001.jpg
Derek_Jeter,Derek_Jeter_0002.jpg,/home/varunaditya/Projects/Project_ARGUS/datasets/processed/LFW_subset/Derek_Jeter/Derek_Jeter_0002.jpg
Derek_Jeter,Derek_Jeter_0003.jpg,/home/varunaditya/Projects/Project_ARGUS/datasets/processed/LFW_subset/Derek_Jeter/Derek_Jeter_0003.jpg
Derek_Jeter,Derek_Jeter_0004.jpg,/home/varunaditya/Projects/Project_ARGUS/datasets/processed/LFW_subset/Derek_Jeter/Derek_Jeter_0004.jpg
Derek_Lowe,Derek_Lowe_0001.jpg,/home/varunaditya/Projects/Project_ARGUS/datasets/processed/LFW_subset/Derek_Lowe/Derek_Lowe_0001.jpg
Derek_Lowe,Derek_Lowe_0002.jpg,/home/varunaditya/Projects/Project_ARGUS/datasets/processed/LFW_subset/Derek_Lowe/Derek_Lowe_0002.jpg
Desiree_Lemosi,Desiree_Lemosi_0001.jpg,/home/varunaditya/Projects/Project_ARGUS/datasets/processed/LFW_subset/Desiree_Lemosi/Desiree_Lemosi_0001.jpg
Desiree_Lemosi,Desiree_Lemosi_0002.jpg,/home/varunaditya/Projects/Project_ARGUS/datasets/processed/LFW_subset/Desiree_Lemosi/Desiree_Lemosi_0002.jpg
Dexter_Jackson,Dexter_Jackson_0001.jpg,/home/varunaditya/Projects/Project_ARGUS/datasets/processed/LFW_subset/Dexter_Jackson/Dexter_Jackson_0001.jpg
Dexter_Jackson,Dexter_Jackson_0002.jpg,/home/varunaditya/Projects/Project_ARGUS/datasets/processed/LFW_subset/Dexter_Jackson/Dexter_Jackson_0002.jpg
Diana_Krall,Diana_Krall_0001.jpg,/home/varunaditya/Projects/Project_ARGUS/datasets/processed/LFW_subset/Diana_Krall/Diana_Krall_0001.jpg
Diana_Krall,Diana_Krall_0002.jpg,/home/varunaditya/Projects/Project_ARGUS/datasets/processed/LFW_subset/Diana_Krall/Diana_Krall_0002.jpg
Diana_Krall,Diana_Krall_0003.jpg,/home/varunaditya/Projects/Project_ARGUS/datasets/processed/LFW_subset/Diana_Krall/Diana_Krall_0003.jpg
Diana_Krall,Diana_Krall_0004.jpg,/home/varunaditya/Projects/Project_ARGUS/datasets/processed/LFW_subset/Diana_Krall/Diana_Krall_0004.jpg
Diana_Munz,Diana_Munz_0001.jpg,/home/varunaditya/Projects/Project_ARGUS/datasets/processed/LFW_subset/Diana_Munz/Diana_Munz_0001.jpg
Diana_Munz,Diana_Munz_0002.jpg,/home/varunaditya/Projects/Project_ARGUS/datasets/processed/LFW_subset/Diana_Munz/Diana_Munz_0002.jpg
Diana_Munz,Diana_Munz_0003.jpg,/home/varunaditya/Projects/Project_ARGUS/datasets/processed/LFW_subset/Diana_Munz/Diana_Munz_0003.jpg
Diana_Taurasi,Diana_Taurasi_0001.jpg,/home/varunaditya/Projects/Project_ARGUS/datasets/processed/LFW_subset/Diana_Taurasi/Diana_Taurasi_0001.jpg
Diana_Taurasi,Diana_Taurasi_0002.jpg,/home/varunaditya/Projects/Project_ARGUS/datasets/processed/LFW_subset/Diana_Taurasi/Diana_Taurasi_0002.jpg
Diane_Green,Diane_Green_0001.jpg,/home/varunaditya/Projects/Project_ARGUS/datasets/processed/LFW_subset/Diane_Green/Diane_Green_0001.jpg
Diane_Green,Diane_Green_0002.jpg,/home/varunaditya/Projects/Project_ARGUS/datasets/processed/LFW_subset/Diane_Green/Diane_Green_0002.jpg
Dianne_Feinstein,Dianne_Feinstein_0001.jpg,/home/varunaditya/Projects/Project_ARGUS/datasets/processed/LFW_subset/Dianne_Feinstein/Dianne_Feinstein_0001.jpg
Dianne_Feinstein,Dianne_Feinstein_0002.jpg,/home/varunaditya/Projects/Project_ARGUS/datasets/processed/LFW_subset/Dianne_Feinstein/Dianne_Feinstein_0002.jpg
Dianne_Feinstein,Dianne_Feinstein_0003.jpg,/home/varunaditya/Projects/Project_ARGUS/datasets/processed/LFW_subset/Dianne_Feinstein/Dianne_Feinstein_0003.jpg
Dick_Cheney,Dick_Cheney_0001.jpg,/home/varunaditya/Projects/Project_ARGUS/datasets/processed/LFW_subset/Dick_Cheney/Dick_Cheney_0001.jpg
Dick_Cheney,Dick_Cheney_0002.jpg,/home/varunaditya/Projects/Project_ARGUS/datasets/processed/LFW_subset/Dick_Cheney/Dick_Cheney_0002.jpg
Dick_Cheney,Dick_Cheney_0003.jpg,/home/varunaditya/Projects/Project_ARGUS/datasets/processed/LFW_subset/Dick_Cheney/Dick_Cheney_0003.jpg
Dick_Cheney,Dick_Cheney_0004.jpg,/home/varunaditya/Projects/Project_ARGUS/datasets/processed/LFW_subset/Dick_Cheney/Dick_Cheney_0004.jpg
Dick_Clark,Dick_Clark_0001.jpg,/home/varunaditya/Projects/Project_ARGUS/datasets/processed/LFW_subset/Dick_Clark/Dick_Clark_0001.jpg
Dick_Clark,Dick_Clark_0002.jpg,/home/varunaditya/Projects/Project_ARGUS/datasets/processed/LFW_subset/Dick_Clark/Dick_Clark_0002.jpg
Dick_Clark,Dick_Clark_0003.jpg,/home/varunaditya/Projects/Project_ARGUS/datasets/processed/LFW_subset/Dick_Clark/Dick_Clark_0003.jpg
Dick_Latessa,Dick_Latessa_0001.jpg,/home/varunaditya/Projects/Project_ARGUS/datasets/processed/LFW_subset/Dick_Latessa/Dick_Latessa_0001.jpg
Dick_Latessa,Dick_Latessa_0002.jpg,/home/varunaditya/Projects/Project_ARGUS/datasets/processed/LFW_subset/Dick_Latessa/Dick_Latessa_0002.jpg
Dick_Vermeil,Dick_Vermeil_0001.jpg,/home/varunaditya/Projects/Project_ARGUS/datasets/processed/LFW_subset/Dick_Vermeil/Dick_Vermeil_0001.jpg
Dick_Vermeil,Dick_Vermeil_0002.jpg,/home/varunaditya/Projects/Project_ARGUS/datasets/processed/LFW_subset/Dick_Vermeil/Dick_Vermeil_0002.jpg
Dino_de_Laurentis,Dino_de_Laurentis_0001.jpg,/home/varunaditya/Projects/Project_ARGUS/datasets/processed/LFW_subset/Dino_de_Laurentis/Dino_de_Laurentis_0001.jpg
Dino_de_Laurentis,Dino_de_Laurentis_0002.jpg,/home/varunaditya/Projects/Project_ARGUS/datasets/processed/LFW_subset/Dino_de_Laurentis/Dino_de_Laurentis_0002.jpg
Dolly_Parton,Dolly_Parton_0001.jpg,/home/varunaditya/Projects/Project_ARGUS/datasets/processed/LFW_subset/Dolly_Parton/Dolly_Parton_0001.jpg
Dolly_Parton,Dolly_Parton_0002.jpg,/home/varunaditya/Projects/Project_ARGUS/datasets/processed/LFW_subset/Dolly_Parton/Dolly_Parton_0002.jpg
Dolma_Tsering,Dolma_Tsering_0001.jpg,/home/varunaditya/Projects/Project_ARGUS/datasets/processed/LFW_subset/Dolma_Tsering/Dolma_Tsering_0001.jpg
Dolma_Tsering,Dolma_Tsering_0002.jpg,/home/varunaditya/Projects/Project_ARGUS/datasets/processed/LFW_subset/Dolma_Tsering/Dolma_Tsering_0002.jpg
Dominik_Garcia-Lorido,Dominik_Garcia-Lorido_0001.jpg,/home/varunaditya/Projects/Project_ARGUS/datasets/processed/LFW_subset/Dominik_Garcia-Lorido/Dominik_Garcia-Lorido_0001.jpg
Dominik_Garcia-Lorido,Dominik_Garcia-Lorido_0002.jpg,/home/varunaditya/Projects/Project_ARGUS/datasets/processed/LFW_subset/Dominik_Garcia-Lorido/Dominik_Garcia-Lorido_0002.jpg
Dominique_de_Villepin,Dominique_de_Villepin_0001.jpg,/home/varunaditya/Projects/Project_ARGUS/datasets/processed/LFW_subset/Dominique_de_Villepin/Dominique_de_Villepin_0001.jpg
Dominique_de_Villepin,Dominique_de_Villepin_0002.jpg,/home/varunaditya/Projects/Project_ARGUS/datasets/processed/LFW_subset/Dominique_de_Villepin/Dominique_de_Villepin_0002.jpg
Dominique_de_Villepin,Dominique_de_Villepin_0003.jpg,/home/varunaditya/Projects/Project_ARGUS/datasets/processed/LFW_subset/Dominique_de_Villepin/Dominique_de_Villepin_0003.jpg
Dominique_de_Villepin,Dominique_de_Villepin_0004.jpg,/home/varunaditya/Projects/Project_ARGUS/datasets/processed/LFW_subset/Dominique_de_Villepin/Dominique_de_Villepin_0004.jpg
Don_Nickles,Don_Nickles_0001.jpg,/home/varunaditya/Projects/Project_ARGUS/datasets/processed/LFW_subset/Don_Nickles/Don_Nickles_0001.jpg
Don_Nickles,Don_Nickles_0002.jpg,/home/varunaditya/Projects/Project_ARGUS/datasets/processed/LFW_subset/Don_Nickles/Don_Nickles_0002.jpg
Don_Siegelman,Don_Siegelman_0001.jpg,/home/varunaditya/Projects/Project_ARGUS/datasets/processed/LFW_subset/Don_Siegelman/Don_Siegelman_0001.jpg
Don_Siegelman,Don_Siegelman_0002.jpg,/home/varunaditya/Projects/Project_ARGUS/datasets/processed/LFW_subset/Don_Siegelman/Don_Siegelman_0002.jpg
Don_Siegelman,Don_Siegelman_0003.jpg,/home/varunaditya/Projects/Project_ARGUS/datasets/processed/LFW_subset/Don_Siegelman/Don_Siegelman_0003.jpg
Don_Siegelman,Don_Siegelman_0004.jpg,/home/varunaditya/Projects/Project_ARGUS/datasets/processed/LFW_subset/Don_Siegelman/Don_Siegelman_0004.jpg
Donald_Evans,Donald_Evans_0001.jpg,/home/varunaditya/Projects/Project_ARGUS/datasets/processed/LFW_subset/Donald_Evans/Donald_Evans_0001.jpg
Donald_Evans,Donald_Evans_0002.jpg,/home/varunaditya/Projects/Project_ARGUS/datasets/processed/LFW_subset/Donald_Evans/Donald_Evans_0002.jpg
Donald_Fehr,Donald_Fehr_0001.jpg,/home/varunaditya/Projects/Project_ARGUS/datasets/processed/LFW_subset/Donald_Fehr/Donald_Fehr_0001.jpg
Donald_Fehr,Donald_Fehr_0002.jpg,/home/varunaditya/Projects/Project_ARGUS/datasets/processed/LFW_subset/Donald_Fehr/Donald_Fehr_0002.jpg
Donald_Fehr,Donald_Fehr_0003.jpg,/home/varunaditya/Projects/Project_ARGUS/datasets/processed/LFW_subset/Donald_Fehr/Donald_Fehr_0003.jpg
Donald_Fehr,Donald_Fehr_0004.jpg,/home/varunaditya/Projects/Project_ARGUS/datasets/processed/LFW_subset/Donald_Fehr/Donald_Fehr_0004.jpg
Donald_Pettit,Donald_Pettit_0001.jpg,/home/varunaditya/Projects/Project_ARGUS/datasets/processed/LFW_subset/Donald_Pettit/Donald_Pettit_0001.jpg
Donald_Pettit,Donald_Pettit_0002.jpg,/home/varunaditya/Projects/Project_ARGUS/datasets/processed/LFW_subset/Donald_Pettit/Donald_Pettit_0002.jpg
Donald_Pettit,Donald_Pettit_0003.jpg,/home/varunaditya/Projects/Project_ARGUS/datasets/processed/LFW_subset/Donald_Pettit/Donald_Pettit_0003.jpg
Donald_Rumsfeld,Donald_Rumsfeld_0001.jpg,/home/varunaditya/Projects/Project_ARGUS/datasets/processed/LFW_subset/Donald_Rumsfeld/Donald_Rumsfeld_0001.jpg
Donald_Rumsfeld,Donald_Rumsfeld_0002.jpg,/home/varunaditya/Projects/Project_ARGUS/datasets/processed/LFW_subset/Donald_Rumsfeld/Donald_Rumsfeld_0002.jpg
Donald_Rumsfeld,Donald_Rumsfeld_0003.jpg,/home/varunaditya/Projects/Project_ARGUS/datasets/processed/LFW_subset/Donald_Rumsfeld/Donald_Rumsfeld_0003.jpg
Donald_Rumsfeld,Donald_Rumsfeld_0004.jpg,/home/varunaditya/Projects/Project_ARGUS/datasets/processed/LFW_subset/Donald_Rumsfeld/Donald_Rumsfeld_0004.jpg
Donatella_Versace,Donatella_Versace_0001.jpg,/home/varunaditya/Projects/Project_ARGUS/datasets/processed/LFW_subset/Donatella_Versace/Donatella_Versace_0001.jpg
Donatella_Versace,Donatella_Versace_0002.jpg,/home/varunaditya/Projects/Project_ARGUS/datasets/processed/LFW_subset/Donatella_Versace/Donatella_Versace_0002.jpg
Donatella_Versace,Donatella_Versace_0003.jpg,/home/varunaditya/Projects/Project_ARGUS/datasets/processed/LFW_subset/Donatella_Versace/Donatella_Versace_0003.jpg
Donna_Shalala,Donna_Shalala_0001.jpg,/home/varunaditya/Projects/Project_ARGUS/datasets/processed/LFW_subset/Donna_Shalala/Donna_Shalala_0001.jpg
Donna_Shalala,Donna_Shalala_0002.jpg,/home/varunaditya/Projects/Project_ARGUS/datasets/processed/LFW_subset/Donna_Shalala/Donna_Shalala_0002.jpg
Doris_Roberts,Doris_Roberts_0001.jpg,/home/varunaditya/Projects/Project_ARGUS/datasets/processed/LFW_subset/Doris_Roberts/Doris_Roberts_0001.jpg
Doris_Roberts,Doris_Roberts_0002.jpg,/home/varunaditya/Projects/Project_ARGUS/datasets/processed/LFW_subset/Doris_Roberts/Doris_Roberts_0002.jpg
Doris_Roberts,Doris_Roberts_0003.jpg,/home/varunaditya/Projects/Project_ARGUS/datasets/processed/LFW_subset/Doris_Roberts/Doris_Roberts_0003.jpg
Doris_Schroeder,Doris_Schroeder_0001.jpg,/home/varunaditya/Projects/Project_ARGUS/datasets/processed/LFW_subset/Doris_Schroeder/Doris_Schroeder_0001.jpg
Doris_Schroeder,Doris_Schroeder_0002.jpg,/home/varunaditya/Projects/Project_ARGUS/datasets/processed/LFW_subset/Doris_Schroeder/Doris_Schroeder_0002.jpg
Doris_Schroeder,Doris_Schroeder_0003.jpg,/home/varunaditya/Projects/Project_ARGUS/datasets/processed/LFW_subset/Doris_Schroeder/Doris_Schroeder_0003.jpg
Doris_Schroeder,Doris_Schroeder_0004.jpg,/home/varunaditya/Projects/Project_ARGUS/datasets/processed/LFW_subset/Doris_Schroeder/Doris_Schroeder_0004.jpg
Dorthy_Moxley,Dorthy_Moxley_0001.jpg,/home/varunaditya/Projects/Project_ARGUS/datasets/processed/LFW_subset/Dorthy_Moxley/Dorthy_Moxley_0001.jpg
Dorthy_Moxley,Dorthy_Moxley_0002.jpg,/home/varunaditya/Projects/Project_ARGUS/datasets/processed/LFW_subset/Dorthy_Moxley/Dorthy_Moxley_0002.jpg
Doug_Collins,Doug_Collins_0001.jpg,/home/varunaditya/Projects/Project_ARGUS/datasets/processed/LFW_subset/Doug_Collins/Doug_Collins_0001.jpg
Doug_Collins,Doug_Collins_0002.jpg,/home/varunaditya/Projects/Project_ARGUS/datasets/processed/LFW_subset/Doug_Collins/Doug_Collins_0002.jpg
Doug_Duncan,Doug_Duncan_0001.jpg,/home/varunaditya/Projects/Project_ARGUS/datasets/processed/LFW_subset/Doug_Duncan/Doug_Duncan_0001.jpg
Doug_Duncan,Doug_Duncan_0002.jpg,/home/varunaditya/Projects/Project_ARGUS/datasets/processed/LFW_subset/Doug_Duncan/Doug_Duncan_0002.jpg
