student_id,dataset,identity
00021172-e51c-51f2-81eb-ba9df963bfe4,lfw,Rafiq_Hariri
0025aacc-4d16-5140-baf7-93a464b7132e,lfw,Ana_Isabel_Sanchez
002bb898-b953-5b40-9aa0-ed156450ce61,lfw,Chang_Dae-whan
00352c1c-b4e7-5ae5-a0fb-410c6ef5ff57,lfw,Tommy_Shane_Steiner
00438abe-9817-5333-a8fd-78a136ed2c6c,lfw,Paula_Zahn
00492dea-9bb7-57d0-9b3e-ded9aa497bb0,lfw,Chance_Mock
004f457f-1335-59fd-abc9-423708cad726,lfw,Russell_Simmons
00508324-c388-5d83-a781-33b4e1b2ce83,lfw,Jean-Claude_Juncker
00544b5a-576c-5e97-bac9-66f4093763ea,lfw,Natalie_Williams
005f3172-3c3e-5e1d-9ef0-22e4966e9562,lfw,Supachai_Panitchpakdi
0062091f-30be-5d86-9b29-e65fa00f0f51,lfw,Carol_Burnett
00635152-7bb1-5361-a3ca-74d6b66cdc74,lfw,Jade_Jagger
0075e659-9b7c-5475-af06-5b407c92b553,lfw,Rob_Marshall
0078c7a1-3704-5966-92fd-094628a4aba3,lfw,Chick_Hearn
008bd33f-dcb1-5364-a6ec-440f66827c90,lfw,John_Sweeney
00949047-9659-5968-8b75-cacd9c090b2b,lfw,Keith_Fotta
00a07728-2053-5e1d-a6c7-41e0c335bb3d,lfw,Ricky_Ponting
00b24d1e-770a-5715-99bd-64720082db34,lfw,Ernie_Els
00b953d0-b347-589c-8895-1763e9e63e2f,lfw,Vince_Carter
00c04f2f-4c8c-51e5-a742-4ca5a9d10cbf,lfw,JJ_Redick
00c3ef4d-8da9-54dd-986e-1a20b00055d0,lfw,Humberto_Espinoza
00d4db97-998f-59da-a493-c5f12b23aa11,lfw,Rick_Perry
00e14809-9cd7-5e47-adee-e9ab41f42fd9,lfw,Leon_Lai
00f41c29-ca6b-5807-b0f3-c433db0a038b,lfw,Kimora_Lee
0100eccd-bef2-55d9-b4e4-aae8658dd994,lfw,Casey_Crowder
011540e5-6704-5285-b233-2f0d07626630,lfw,Tocker_Pudwill
01178626-6a6a-5b97-a69a-ac84ff8f72f7,lfw,Chris_Simon
0129b44d-1e45-5b90-b975-68b8ab38d283,lfw,Hannah_Stockbauer
012e0b3b-94a6-5618-adc2-9c904ba81f90,lfw,Ellen_Barkin
0146bd1c-6839-5b9d-8cab-2a1bcc3adabd,lfw,Curtis_Strange
0154175a-bc40-517d-a1ec-b6614adcbd5c,lfw,Wolfgang_Becker
015ae609-6811-5e84-95cf-5fbd4486076a,lfw,Nathirah_Hussein
01616206-66de-598c-aaf5-144d446aea9c,lfw,Marcos_Milinkovic
016e6f9e-4dce-58b5-bfc9-e702555b5889,lfw,Pablo_Latras
01a2e102-ad02-53e1-9cb1-f4c16fef92e9,lfw,Steve_Nesbitt
01b1cfa5-36c6-5229-9939-efb2eb49ba19,lfw,David_Siegel
01b9d9e2-937c-5abe-adbe-71800793b383,lfw,Mohammed_Mehdi_Saleh
01bb14af-e4db-518d-b2ed-4194f8358c0d,lfw,Joey_Mantia
01bc8967-faea-5f85-9956-d25bbb721341,lfw,Clay_Aiken
01bfb101-22dc-5b19-abc5-aafbda4d4f9b,lfw,Billy_Donovan
01d9e24e-6468-5136-8c77-947df2309ec6,lfw,Juergen_Chrobog
01e13cd3-0c53-5e0d-bc8a-08812af54d3c,lfw,Nathan_Powell
01f0e6bb-0950-5afd-aff6-6172b5acc283,lfw,Aldo_Paredes
02062c9b-8f5f-5693-8951-e2bd7bf8472d,lfw,Jessica_Capshaw
020a6404-6dbc-5e8b-9792-c7e18b71afa3,lfw,Tom_DeLay
0210f289-f1d3-5cbe-bc9e-57f48cca8719,lfw,Boris_Jordan
021288fe-bff8-5bd4-9bc2-8fca191c20d7,lfw,Sam_Torrance
021ac866-f196-5706-8157-36c5a1786708,lfw,Eli_Stutsman
0221f85a-29f0-5f70-b97a-e4868c394e6f,lfw,Natasa_Micic
02347f7a-142d-515c-adcd-5ceb2fd99779,lfw,Arnaud_Lagardere
024270c8-cd18-5e5c-bb83-fd1ded13f38e,lfw,Micah_Knorr
0248baa1-8c2c-5ed1-a7e5-8659a5f4c45d,lfw,Tom_Coverdale
0251c1a6-2b9f-5511-9cd6-acc1af79f5ed,lfw,Candie_Kung
025e180d-ad47-5019-845d-f89b13eb0f4d,lfw,Hideki_Sato
026241f7-c023-57ad-a25b-42111c2e0e76,lfw,Carson_Palmer
0276a121-d17c-5d36-9459-1f0c27a5738b,lfw,Flavia_Pennetta
0279d75e-5123-56f7-ad01-52bedb520a26,lfw,Qian_Qichen
027d04e2-27df-5b66-ba19-b769a3ebdefe,lfw,Steve_Phillips
028153eb-2985-5d7b-8423-1a11f6cb439e,lfw,Daryl_Hannah
02826cef-52c4-54c0-b1c4-30d8b2549473,lfw,Takeo_Fukui
02831675-c23b-5654-910e-b78eb7d6b461,lfw,Pat_Summerall
028791d3-ea76-5418-aa23-3de2ba7dec84,lfw,Oscar_DLeon
0293cb07-f697-5ab9-898f-c3497f0cd4c3,lfw,Tammy_Helm
029bc207-d0b0-57e1-9203-84d47c09c06c,lfw,Lynne_Cheney
02a91748-5d4b-5047-aabc-02b631a6f189,lfw,Charles_Moose
02ab10ef-3f56-5ef6-b69c-4f79f4c0a76e,lfw,Mark_Butcher
02bb037c-f757-50f3-b062-fd97e23ccf8a,lfw,Robert_Mueller
02d76499-062d-5457-a6ca-4c2e9f4f039e,lfw,Tim_Conway
02ecc474-058f-557a-8527-dc966a4d2bfc,lfw,Darrell_Dickey
030d0d56-956c-50ec-8da8-64c12f01ccf3,lfw,Tali_Imani
0313ef93-0d71-57e4-b6ae-1d301f3e9d21,lfw,Rick_Caruso
031a3d45-ac82-514c-967a-e9bd62e4b594,lfw,Bernard_Lord
031b016b-6773-5864-a033-568ed78515a1,lfw,Ian_Knop
031ec6be-a7cb-510c-95c3-3d378c755f1b,lfw,Efrain_Rios_Montt
031f773b-82dd-5a80-9f13-f5a0cca69cfd,lfw,Armando_Calderon_Sol
032a0b6a-b847-5948-a757-6e6a8c0e03e5,lfw,Rod_Thorn
03395eab-e8c9-55d9-9849-5740eb3d673b,lfw,Andrew_Cuomo
0348108c-b050-5eec-8ee8-b51e6d1050b3,lfw,Bobby_Goldwater
035b3342-24f9-54a9-ba18-4cfd7523603e,mfr2,CharlieBaker
036079f9-a13b-5290-9da3-4fe6fe29de0a,lfw,Scott_Weiland
03650d49-1f95-536f-83c3-a113b117a20a,lfw,Janette_Husarova
037207d0-3980-5a1f-88ed-1b04ac970d5e,lfw,Bo_Ryan
03a79ff8-b71b-5d88-8ee4-f3c9a72e5a12,lfw,Chakib_Khelil
03b4be42-5551-5e50-94c4-1f83b1ed41cb,lfw,Jorma_Huhtala
03b6fc52-318d-5b61-b3a2-37f3a1637596,lfw,Jefferson_Perez
03bc9263-4d9c-5a0d-bf5b-2437d0a4caf3,lfw,Maria_Callas
03c3b9a1-ebf7-5693-965e-6f3a6b72a8bf,lfw,Bak_Chang-Ryun
03ce0207-0cfd-52c2-b2c0-b142b39a8635,lfw,Roger_King
03de1181-2d3d-54ae-b90c-443b2b1e9d30,lfw,Herman_Edwards
03efbc05-5aad-57c3-b432-e5cc689d8241,lfw,Andy_Warhol
03fdd085-faac-51af-8415-1894a529b830,lfw,Normand_Legault
040275e5-7786-511f-988c-2df22a30ee83,lfw,Gunter_Pleuger
04069cba-0cc7-536a-ada0-cf73102bc32d,lfw,Cathy_Freeman
040a46aa-2f83-5ad2-aabc-6b73e0aa7cd6,lfw,Miguel_Hakim
0410ecef-188a-5127-849c-c11581c4b3e3,lfw,Lennart_Johansson
04169947-b0af-533d-a115-adf92bd2ae11,lfw,John_Barnett
04178c3e-3b0e-5e23-be79-5fb08f032e7f,lfw,Yale_Kamisar
0417f97e-505f-5ace-a846-2d206a44560c,lfw,Ernesto_Zedillo
041ec35b-7ee2-5488-ba21-062489a78676,lfw,Kyle_McLaren
041f6514-dab5-5c7b-81d3-3e304a51fc80,lfw,Lloyd_Richards
0429f2ea-8f1d-583a-ada4-38c6abe9f3bb,lfw,Marwan_Muasher
043a5ce8-de70-5af2-8cd9-a1467938693c,lfw,Norman_Jewison
04482de7-4a5c-5707-a900-2853b64e23ae,lfw,Aicha_El_Ouafi
04512307-3a49-5c6a-b37f-4a3a5d40f9e3,lfw,Gerald_Riley
04590ad9-48f4-521b-b917-523088c83a44,lfw,Arlen_Specter
0460fb69-ad51-514c-9737-be7eb2b815cc,lfw,Christopher_Whittle
0468f2d2-b74e-50c9-bd0c-7017bcb8e6e6,lfw,Charles_Bronson
046b9c2c-ae1b-5490-8035-8c83df3335d5,lfw,Pele
0473da4d-e185-584e-8e4e-e176a375deed,lfw,Chin-Hui_Tsao
0474228b-05af-5c8b-92ef-101370e0a1ee,lfw,Theo_Angelopoulos
0479cd8d-0f7d-5d41-a78a-874d833df4b9,lfw,Roman_Tam
0489e4b5-6724-51fb-b285-9c21460f8f2e,lfw,Vicente_Fernandez
04906afa-9d56-5267-b542-94251923fe44,lfw,Daniel_Comisso_Urdaneta
04a4ed42-03cc-5bba-85ab-1cd80ae13e96,lfw,Randy_Ferbey
04b351d0-c746-5999-a72e-615260ad9e71,lfw,Sarah_Wynter
04bbb6be-a8f4-515c-8f46-42e127ed3ad8,lfw,Imelda_Marcos
04bf3f0e-5fc6-5492-9deb-616c176e2bd6,lfw,Mark_Warner
04d322e5-f825-5340-8274-37de608fb218,lfw,Gloria_Allred
04d7d435-2915-565c-b802-169663e7e2fc,lfw,Francois_Pienaar
04d8afef-5358-50b0-b6f6-0c7ed8250ae3,lfw,Osama_bin_Laden
04e7a12b-f556-5a75-b4ec-602fc319c199,lfw,Walt_Harris
04ff503a-b137-5c87-8801-ed8e54105d90,lfw,Rebekah_Chantay_Revels
05038ec8-ee6e-57b8-881b-f4fc035c41ca,lfw,David_Hannay
050ca5f8-7f8d-5ef2-871c-ec5d29968fb3,lfw,Dan_Prinster
0522219f-66ee-568a-a813-cab681170a84,lfw,Jim_Flaherty
0546756f-4f13-5f25-8856-dd9fb81edb71,lfw,Diane_Lane
055dd6b4-8df2-5ddb-984c-35893fd56cea,lfw,Natanaela_Barnova
0571f743-4ddb-5f95-9e8c-49e05ea055b7,lfw,Fred_Funk
0573b276-aad2-5a59-bf52-b9fa72e0f9e1,lfw,Bo_Pelini
057a3353-271f-598a-9c4c-99bb58953b96,lfw,Nora_Bendijo
057d9ba2-cb16-59d0-9d61-fd74deb3919a,lfw,Ana_Paula_Gerard
057fbfec-ac2e-52e8-8659-7e0d37fe74e2,lfw,Karol_Kucera
05acf68b-0f6f-54ac-a772-c7d23c46d54b,lfw,Francis_Ricciardone
05ba95f6-8a02-5490-8eed-dbc8c3b45b73,lfw,David_Kelley
05c1aaa7-2e19-5321-a793-f3577d57ea79,lfw,Sultan_Qaboos
05c340b2-b6f6-5d75-ad97-327b4226dc59,lfw,Prince_Rainier_III
05c40024-eeaf-5038-90da-d56de435b267,lfw,Bryant_Young
05da5dfd-57f3-5350-935b-4dd362a8cccf,lfw,Chris_Cirino
05f04ee6-3d99-5fd1-8e8a-ffc11d80418c,lfw,Alejandro_Atchugarry
05f75703-c3b8-54c3-8dcb-856fc7948546,lfw,Helio_Castroneves
05f88aa2-e70e-5051-b017-cebd76045d7e,lfw,Chhouk_Rin
05fa7d58-ff50-56cf-a1f4-bf61fd48a0d6,lfw,Kim_Ryong-sung
0603fbca-d623-534b-8e3d-e540b6ce8ac9,lfw,Larry_Lucchino
0608eb1d-898c-5287-993b-772086faf1f3,lfw,Hana_Makhmalbaf
061ffbfa-b4ff-5209-bb10-ea13afe4dbe3,lfw,Raul_Ibanez
063c4fdb-0993-576c-bed4-de84a0bf7af3,lfw,Aaron_Tippin
06533d4d-d81b-5d0a-9043-a27de6833f3d,lfw,Martha_Lucia_Ramirez
066f3372-8f1f-5528-b7a5-60e8771c9fc4,lfw,Brian_McIntyre
0680006e-ac4f-5019-9170-ac9438d7e816,lfw,Vladimir_Voltchkov
068350b6-f660-5792-8899-814f3d03307e,lfw,Walter_Annenberg
069d92e3-337c-5ca0-97ac-cab6c1b5b0c5,lfw,Carol_Williams
06ab8330-3e26-500d-9837-56d53771636a,lfw,Manfred_Stolpe
06b8cdeb-730d-5ab5-a415-1c03c0b36596,lfw,Courtney_Cox
06babc93-557e-53ab-a48b-1d052de86302,lfw,Sepp_Blatter
06c1dec5-4e82-5457-8752-d42eec59b967,lfw,Casy_Preslar
06d40ca2-4b22-5a48-a30f-1d4e800fe8fb,lfw,Blythe_Hartley
06d8067c-0f89-5a56-9faf-693fee1f7039,lfw,Alicia_Molik
06d91876-6541-5824-ba12-cdd47b495b61,lfw,Kyle_Shewfelt
06e0b993-28a9-55cf-b5bd-1187b0150aab,lfw,Vecdi_Gonul
06e60854-861f-5c3c-9703-3f08f24d1b87,lfw,Victor_Kraatz
06ecdd21-01eb-5a3e-8834-db29a09cf2f2,lfw,John_Geoghan
06f15683-9154-51fa-966b-81e8c6e10ab1,lfw,Patricia_Wartusch
06f71527-5d4c-5376-8e1e-c84f4e413037,lfw,Nan_Wang
06f78844-0e9d-51e4-bde5-00f1de5a9f83,lfw,Kenneth_Bowersox
06f975aa-a26a-5321-9b2d-f17300ec5a0f,lfw,Ray_Wasden
06f9a818-0efc-554b-a3fb-7462e6fbaaa6,lfw,Alma_Powell
06fd2c6e-ac4b-5006-837a-3d27af11b09b,lfw,Mitchell_Garabedian
06ff3176-ea3b-5962-b5ba-cff2357fca13,lfw,Pete_Carroll
0709b99d-6f60-5bd3-a1af-c8dbb0af6004,lfw,Joe_Calzaghe
070ecc0b-4a51-5777-a0a8-dcf974f4d18c,lfw,Timothy_McVeigh
07111639-6dc1-5149-baaf-2c95316a9437,lfw,Jerry_Pauley
0719eab5-f724-52a8-8bf9-d639032600c5,lfw,Nong_Duc_Manh
071c274c-179d-5793-84d1-e5d2390891d7,lfw,Venus_Williams
07213d02-daa9-56ce-8864-98acc4f0db3f,lfw,Harbhajan_Singh
07310d2a-9415-5c19-a74e-c82555d06c75,lfw,Mara_Georges
074b2583-d86b-5788-a949-4cae27064592,lfw,Ludivine_Sagnier
0755951b-dc9c-57a9-ba33-e7471fe720dd,lfw,Enrica_Fico
077130e9-41e5-5afc-9677-c78f8d9ee6d7,lfw,John_McEnroe
0786c342-d5bb-5e0d-9505-ce0f5cc4644b,lfw,Tammy_Lynn_Michaels
078bad22-38de-5296-a1bc-ab195937322a,lfw,Jason_Gardner
079d7296-efe9-5e33-9d6f-7d877cb3e567,lfw,Christian_Lacroix
07ba777c-7c7b-5b14-97ff-b0c3f93dd2ed,lfw,Robert_Pollack
07cb0a65-e288-5cdb-b6ea-4b78fb59948e,lfw,John_Stallworth
07cf97a5-ddee-5887-b76c-e6fdd1e31d38,lfw,Helena_Schneider
07da0002-a01a-50f6-9667-d8bb23e7e09d,lfw,Sergei_Yastrzhembsky
07e4d04d-10ea-5bf7-8fb2-d66488abbabc,lfw,Tina_Sinatra
0803a6f9-9bcc-5af7-a9cd-3eddcb23c5d1,lfw,Mario_Lemieux
0804977a-4dee-5bcf-aaa7-94b6e696c37d,lfw,Alejandro_Gonzalez_Inarritu
080e4114-432b-5e35-a601-7f760d2f79ea,lfw,Bruce_Gebhardt
0816772c-d3dd-5ecb-9932-f1f9ade2cf6c,lfw,George_Blaney
0821dca9-b973-5086-b809-4b7269970ffe,lfw,Kim_Yun-kyu
0826de5c-9c4c-54d8-9e4e-91965e5e9886,lfw,Mark_Heller
082df6fb-7326-541c-8ba6-0878052d7d40,lfw,Thad_Matta
08310377-95dc-5a4a-8606-689ed162f104,lfw,Terry_Bradshaw
0837610e-4213-504b-aed6-ba807177c428,lfw,Annie_Machon
083cfa8b-8d89-53e2-a3d6-d4429c7c19c4,lfw,Loretta_Lynn_Harper
084f941a-9577-5b34-a8f5-03a852a6d741,lfw,Eurico_Guterres
0855c5ee-e3d7-511b-8dfe-1fa24f455961,lfw,John_Edwards
0856365c-79f3-5b70-9d51-f032cc752558,lfw,John_Lennon
088ae923-7d97-5203-b173-e3c4898392f5,lfw,Valentina_Cervi
08970554-3f9f-5115-a8b9-d64147bb0a9d,lfw,Kimberly_Stewart
089944c3-e199-5ce5-97f6-9352be75b906,lfw,Della_Clara
089ff14a-33c3-52b3-b94e-ee628b7bbba2,lfw,Patrick_Kron
08ad5f4e-70a6-5396-a0b0-b536ccb14338,lfw,Shane_Reynolds
08b0a284-f5e2-5740-ae13-e7016d92cdda,lfw,Marco_Antonio_Barrera
08b49d9b-e06a-57ff-b453-cd4ecaec4326,lfw,Nicholas_Byron
08c981a4-e7db-5628-b979-7a38eba87f3e,lfw,Koichiro_Matsuura
08e01016-74b3-596b-a23e-0799f2c73006,lfw,Harland_Braun
08e04d3a-80a4-52b2-940c-6c69878da496,lfw,Nelson_Shanks
08eac9f3-c76f-5c15-805b-5e90c5a4b9ed,lfw,Guus_Hiddink
08ecbc77-f57e-5cad-9248-4f43f8b74860,lfw,Bryan_Chui
08f6076c-7dab-5281-85f5-a6ae0e5216b2,lfw,David_Arquette
08f88950-130d-5923-a3a1-cb139bfa4562,lfw,Ryan_Newman
09073a42-4195-54db-b40d-0dedb07326e4,lfw,Delphine_Chuillot
091073d0-5eb2-5b5e-843d-72066dceb203,lfw,Leuris_Pupo
09118328-b483-5b72-9a18-25a18e0e82c8,lfw,Lindsay_Lohan
09145053-2782-5cca-bcde-fbdd92eee737,lfw,David_Heyman
091665e2-51c2-5e4e-98ef-2fb865a3a1de,lfw,David_Nalbandian
091d9bc3-d205-5ba7-8de5-6def9e776bd0,lfw,Alain_Ducasse
09399bd4-4256-591b-b3e0-15cfbf6d1fdb,lfw,Brian_StPierre
09515a21-9713-5e4f-b36c-334fa2befd37,lfw,Mian_Khursheed_Mehmood_Kasuri
0959eb30-46c1-5c54-bfcd-b4e05ea3e320,lfw,Renee_Zellweger
095bd9a5-99ac-5320-9529-3d896351de01,lfw,Jim_Doyle
097a0c80-d034-55bf-96ab-a778df5a9c85,lfw,Lorraine_Bracco
097aaa60-ac35-59a2-aeab-02ba7622b3e6,lfw,Mark_Geragos
09824c4b-baca-57df-8aef-61b9c11b70c5,lfw,Patrick_Clawsen
099489d3-33c2-5dca-a8b4-04f1197c806c,lfw,Nick_Markakis
09a46081-4be2-5b5b-9d74-57dc62d4f657,lfw,Lisa_Gottsegen
09b2a0e8-0672-5fd2-b336-93a8c664e178,lfw,Frank_Lautenberg
09bab43e-9a56-5692-ac37-4c4b2568e0bb,lfw,Van_Hilley
09bc7037-5711-50e7-943a-088a4fefdfab,lfw,Jon_Kitna
09c47811-89b0-5749-9953-71d2ddd2d87e,lfw,Catherine_Zeta-Jones
09f4d177-0533-5faa-b85b-1e1676a5be6a,lfw,Edwin_Edwards
0a066acf-a9a2-5654-8ae6-732b028829eb,lfw,Martin_Sheen
0a0a6dc6-c058-5f18-93ed-9271a4b32664,lfw,Mahima_Chaudhari
0a11d6c5-fcb3-56da-8a34-c23ec62f8dd9,lfw,Mohammed_Dahlan
0a123681-5964-5274-9134-883943473e7b,lfw,Ernest_Hollings
0a257bf7-a357-51ca-97b8-604050d8e63b,lfw,Carlos_Quintanilla_Schmidt
0a311fdc-6f22-518f-beb8-5a52b83d3b7f,lfw,Giovanny_Cordoba
0a340523-fd63-5c52-9c2d-7c3a32d2ca4b,lfw,Kevin_Keegan
0a3f1e4f-bc4d-5db7-868d-4949ab2fe3f2,lfw,Nicolas_Macrozonaris
0a413730-cbaf-577e-aeed-0ea19463e338,mfr2,IgorMatovic
0a4238cc-9e71-5ee2-a1e0-0a4b5fd996f7,lfw,Albert_Pujols
0a52a4b7-1291-5f78-a657-5dfabf074686,lfw,Gore_Verbinski
0a642c8e-8bb1-5070-87ed-270e4f66f097,lfw,Rodolfo_Abalos
0a68cc31-53fa-50d2-ac23-5eb9c4c58a92,lfw,Hans_Corell
0a6e2285-0d44-58c9-91a9-1c83b291852d,lfw,Judy_Genshaft
0a6f6c7b-3a6c-50c1-9d92-9fc96590995e,lfw,Al_Gore
0a89e18d-4752-5544-9abc-a2ef68b209db,lfw,Gene_Keady
0a8a8bd0-8347-593b-88bb-2615ab9134c7,lfw,Muhammad_Ibrahim_Bilal
0a8ad8a2-4697-5dff-8def-51a9a5997eb8,lfw,Liliana_Cavani
0a8f2537-8e67-55fa-b899-e69d2dab27b7,lfw,Judy_Vassar
0a93ceb8-9e3d-5aa9-8bb5-0d34e0aebcd9,lfw,Mario_Lobo_Zagallo
0a9bdff0-7e1d-5e79-8b11-ac019495dd57,lfw,Gary_Winnick
0abb2607-dc8e-503a-a3d5-9594512e2b8c,lfw,Kim_Hong-gul
0acd2454-6eaa-5c44-97b5-58093a6bba27,lfw,Norm_Macdonald
0acfba44-ef9c-53b5-81e9-6217e75e032d,lfw,Rashid_Qureshi
0ae65582-dcf1-5f26-b831-68a13df08e09,lfw,Humberto_Coelho
0b0e756f-e083-5831-b72a-fb48b93b4b10,lfw,Lokendra_Bahadur_Chand
0b11d233-be33-58d9-991a-497695ea9b5f,lfw,Lee_Yeo-jin
0b353ea3-36b8-592b-a038-2f4a4f3cad82,lfw,Hana_Sadiq
0b4bb5f7-2d2e-5ece-8643-54123501b08e,lfw,Enola_Rice
0b54a2f8-1c07-50f7-9837-e099c8e650cc,lfw,Christian_Wulff
0b5f25b8-aec7-52aa-bca3-9e022ce7fd96,lfw,Intisar_Ajouri
0b67daa7-0b58-57c6-8d76-990ea68e3f19,lfw,Linda_Sanchez
0b67e7c1-723c-5f17-8a9b-6c7511ec116e,lfw,Michael_Haneke
0b69c23a-874e-57e7-b16a-a372fbd7f5c8,lfw,Don_Hewitt
0b76905a-d2d0-5944-85dd-8fbf61f5dc81,lfw,Win_Aung
0b858f54-e054-5a2e-bb0a-33a6dd76bf29,lfw,Donald_Regan
0b9816dd-5630-552d-9eea-6f0d4dacd180,lfw,Philippe_Noiret
0ba6138c-b121-59bc-bd27-82b3b1f6e2c4,lfw,Sean_Penn
0bc12db6-6582-56eb-893b-f00c91bfd40a,lfw,Edward_Johnson
0bc261f9-413d-5040-ae47-6f8467ae75f9,lfw,Jamie_Carey
0bd1f12c-3d57-570a-9e1a-7f1a548968fa,lfw,Roy_Jones_Jr
0bd2579b-f6cc-54a2-ae85-3b3a042761d3,lfw,Jeremy_Greenstock
0bd7f636-5a53-5d5a-a84e-2f7e5b165576,lfw,Kaye_Young
0be25d57-f43d-5a86-a082-5ca79b8e7ea6,lfw,Nicolas_Massu
0be612cb-ef1e-50e4-ad7b-efa6138b1d38,lfw,Larenz_Tate
0be96595-6074-55b4-8af5-8d8ccb1da975,lfw,Wallace_Capel
0bea4971-ce67-5994-ad8f-cb69de88c850,lfw,Juan_Sanchez
0c05628e-3214-59ac-9502-64e39a6bdb51,lfw,Maurice_Cheeks
0c0dbcbf-5998-5874-ac81-6c550d5d11d3,lfw,Joe_Finley
0c127585-24be-5317-a2fa-d84f447e2a77,lfw,Martin_Short
0c26f3ff-73e6-51da-9eb1-c1f59c905177,lfw,Shaukat_Aziz
0c3b7707-b07b-545e-b028-4cce02418b28,lfw,Christian_Patino
0c4a51d1-14af-5f08-8711-f09d386b0e03,lfw,Brett_Perry
0c4d1dd8-09b0-519c-8355-465f91dd18aa,lfw,Soenarno
0c4dd010-0daa-57db-a063-1c404e89a7ec,lfw,Dario_Camuffo
0c572ca0-0835-5cca-b895-407925e137b7,lfw,Mitzi_Gaynor
0c57319c-70eb-5dd6-a1bb-f7966c453d5a,lfw,Christy_Ferer
0c5978e8-eb85-5887-83ed-f1715d93df7f,lfw,Vincent_Cianci_Jr
0c617305-e2c7-53f0-afba-18da1d0e51f6,lfw,Shoshana_Johnson
0c671a38-7817-56cb-b517-fd0452752fe7,lfw,Michael_J_Fox
0c79505f-a9c5-5063-8370-f659b3c3110f,lfw,Reyyan_Uzuner
0c7a8983-c646-598a-80d8-c7bb7e367750,lfw,Michael_Weiss
0c9bc608-624e-5030-805e-74369b997a61,lfw,Billy_Sollie
0cb39ef9-18d9-5da8-b9c0-4a880b00bbe4,lfw,Sarah_Canale
0cbdb9e7-266d-5e9b-b6ea-24ff5cdfa71e,lfw,Roberta_Combs
0ccfb74f-15e0-5d00-a469-645bc09e012c,lfw,Matthew_Perry
0cd6fc80-6a3f-5656-970b-c08a9b21b667,lfw,Claire_Danes
0cfd698b-fe0d-5fa0-90ef-9b1d3b030008,lfw,Patsy_Mink
0d087831-2d57-543a-b6b9-caa7edb01a19,lfw,William_Ford_Jr
0d0d27e5-6a1a-56ef-9417-39edbfdb7d68,lfw,Joe_Vandever
0d11fdb4-26f5-5f21-8dc6-b78efe23ff40,lfw,Kim_Yong-il
0d126b0f-ab4d-5f37-8965-5ac040af6199,lfw,Maria_Wetterstrand
0d236ef2-be74-5881-b732-39c635bc6b03,lfw,Nicola_Bono
0d3732bf-6428-5a77-89a7-7d63d9769fd4,lfw,Tim_Chapman
0d46a78d-5a34-5ebc-914f-201e06250dfd,lfw,Zach_Safrin
0d4b7a28-8c78-5312-8084-987859d057c7,lfw,Bono
0d5860c1-fa58-5823-96ec-625b477ca56c,lfw,Mark_Gottfried
0d61fb48-ea84-5344-b7c4-96972f9cbeaf,lfw,Bill_Clancy
0d6c71b0-e8d5-5d2c-8316-f47abdddae91,lfw,Ilham_Aliev
0d6f9d09-fd27-5e20-a553-3e5a1b2e6139,lfw,Svend_Robinson
0d7920c3-baf3-5551-89ca-74af52972554,lfw,Rosario_Dawson
0d8e13bd-9505-5343-8c41-4b938f067c58,lfw,Gholamreza_Aghazadeh
0d8e373a-310c-5a3c-94ca-eb4a8c2a9d11,lfw,Drew_Barrymore
0da0d544-372b-58af-be8e-7ded49dd494c,lfw,John_Jones
0da3f74b-bac1-57aa-bb18-9a45d52ec531,lfw,Earl_Fritts
0db1c351-5a5a-5119-b7ca-93655c8e5de2,lfw,Mike_Myers
0db435d0-7344-5382-8305-7dcb3fc2235b,lfw,Hector_Grullon
0db99c83-0476-5aea-aceb-27e0de6348e0,lfw,Richard_Cohen
0dbfd72f-e99b-5bc0-b0da-6d570b184ca9,lfw,John_McCain
0deca058-c9a5-515c-9369-774787af3613,lfw,Julia_Tymoshenko
0dee0411-4bcb-59b8-bb80-0f7d0e2ab80c,lfw,Jacqueline_Obradors
0dfdc018-0b54-52dc-9a2c-a75315f20904,lfw,Spike_Helmick
0e0011d5-7a3d-5b8d-90f7-f95e6662d1d7,lfw,Tom_Kelly
0e01ce24-7cec-54a7-ba04-c308f5fad5a0,lfw,Richard_Greenberg
0e06ecad-2dd5-51fc-9278-cd3ef999f2c6,lfw,Dan_Kellner
0e116bc2-73f7-54b4-8993-8ae3c82e6007,lfw,Nicola_Wells
0e153e78-f7ac-5be6-8988-2d093afd2454,lfw,Ronald_Ito
0e2397ad-ea9f-5337-bfd0-007e242c67fc,lfw,Andy_Dick
0e34660a-bb4d-5ee9-b7ac-a0f3e57094e1,lfw,Alison_Krauss
0e5a23d4-71e8-5560-b23e-aab9e03a212b,lfw,Jung_Bong
0e6b900e-c8e2-5179-a364-f3678845c940,lfw,Kirk_Doerger
0e78c2ad-9b8c-5f76-9746-85bc91bd7521,lfw,Michael_Jasny
0e814ea4-08ee-5cf9-b1d9-78a593deea9d,lfw,Clint_Howard
0e8ccc48-9e05-5bfd-8af3-a4d159249756,lfw,James_McMahon
0e8f1fe3-4d74-59a6-9604-ba1e6b770490,lfw,Alan_Zemaitis
0e996e80-9aae-550e-8a7b-1408638af9e0,lfw,Reggie_Lewis
0e99e763-aa60-5174-9b62-9c8f7acc55a6,lfw,Gary_Marshall
0e9bd786-fd99-5a32-958c-80310f8b6d78,lfw,Sargis_Sargsian
0eaaf6ba-0db2-52c4-8cce-829b4c05979d,lfw,Charles_Bell
0ebcd4bf-1317-51f4-958c-fcca58cdf19d,lfw,Roberto_Lavagna
0ebffb10-f691-59e7-8adb-8feee2146a2a,lfw,Hamad_Bin_Isa_al-Khalifa
0ee1df81-5a7c-5db2-b304-12eeaa8887d9,lfw,Nicolas_Eyzaguirre
0ef1ac25-fae0-5550-ad4c-c5fa74360b5a,lfw,Mark_Podlesny
0ef33654-29a5-5ac2-a72e-b7e32b0b8635,lfw,Guillermo_Monroy
0efa8204-4619-5aee-b64f-91466af39b9c,lfw,Lawrence_Roberts
0f070a97-1fa9-5962-8528-e48810d95d63,lfw,Din_Samsudin
0f19ce8e-dfa6-5739-b53f-3ae84879ef6d,lfw,Junko_Tabei
0f1bfcf9-f8f1-59ef-be51-b0785f2cad99,lfw,Laurie_Chan
0f25d06b-d103-51d4-a7d3-5c0351e36c35,lfw,Joanne_Duquette
0f2827ef-e310-56b0-bdc7-ec5680058ec2,lfw,Clive_Lloyd
0f36657d-967e-58f4-9497-e566d1f47732,lfw,Luis_Berrondo
0f49cefd-e8b9-5ca7-9b0a-bfd1ea7ad7f7,lfw,Mark_Dacey
0f4c7055-35e7-5183-aac2-a78147d1da3d,lfw,William_Rehnquist
0f4c9477-042c-55b5-a4af-1f9940d3107e,lfw,Stephane_Rochon
0f55c509-c0d5-5634-9a4a-fbaacdfb9397,lfw,Carolyn_Dawn_Johnson
0f5ca902-ba9d-5f7c-826f-8e34b75b09fb,lfw,David_Eldon
0f620845-c005-55a6-953e-55b60255be1f,lfw,Doris_Schroeder
0f640848-a8d5-5ce7-84d8-eb63371460c8,lfw,Akbar_Al_Baker
0f64f799-2cf2-532a-972f-eb23df9820d1,lfw,John_Daly_Jr
0f7d6bc5-6e98-58c4-bf9c-c6b1a0b6bdce,lfw,Kelly_Leigh
0f857d02-ac79-569c-bc77-14f6b5a246ca,lfw,Javier_Camara
0f8fac64-e706-5453-8499-a1f542c1e7e5,lfw,Dennis_Johnson
0fa51609-7829-5267-b606-63d69e4d5380,lfw,Nigel_Redden
0fa7f743-deb0-5b35-95bc-223529b1674f,lfw,Barry_Hinson
0fae59d2-b210-563b-981a-e85d1971161e,lfw,Nadia_Forte
0fb4d491-e8df-54ea-a88c-3cc239fd4319,lfw,Madge_Overhouse
0fc5df23-fa93-51e0-ac58-2533d77ddab4,lfw,Phoenix_Chang
0fd30ee1-d0d9-5c27-b300-d783b2f19462,lfw,Geovani_Lapentti
0fdbcb29-76ff-5c45-a166-0ed00f984ca0,lfw,Jeff_Bzdelik
0fe6c34b-5821-5940-9481-e57e36409903,lfw,Russell_Crowe
0fe8684d-f495-5282-bfdd-d8d5a6ce133c,lfw,Richard_Lennon
0fe973bd-ebb4-5c56-8bd4-645111fef010,lfw,Tommy_Thompson
0fefa25d-d4ff-5dcb-9321-30b4f9178eb4,lfw,Narendra_Modi
1004f4ad-6763-5106-a6fc-2d0ea66a9b25,lfw,Patty_Sheehan
100ddb4c-8ef8-52b1-b663-006460ec5fa3,lfw,Phil_McGraw
1015b310-0136-5bed-9d01-2ef3c74dd7a7,lfw,Bixente_LIzarazu
1016afb5-55be-5d30-a18c-a3d6c3054d7f,lfw,Gary_Doer
1019eca5-3418-54c4-9f82-3aaf8f2473cc,lfw,Emily_Robison
101aa033-854c-54c9-8840-fc9ec0924648,lfw,Donald_Rumsfeld
10252082-64ab-5db0-800c-7b6b532f7078,lfw,Paul_Hogan
102edb79-1e3b-5892-9ec6-be7778c665f7,lfw,Queen_Elizabeth_II
1033a8d4-183a-5c4c-a11d-801339ca02c6,lfw,Lana_Clarkson
1038e00a-af52-5c67-be2c-e690a6e0b369,lfw,Gabriella_Bo
103baf4e-f65b-581b-9b6c-e12d40afd4d6,lfw,Hayden_Panettiere
10677b61-8aaf-5597-b823-f4e969aabaae,lfw,Shawn_Bradley
106cc7e4-9b96-5bfa-8a69-247f72fe4974,lfw,Lauren_Hutton
1078813f-0e9e-5fb7-94f7-34e8e5b0bc03,lfw,Anthony_Corso
1086b9a0-0357-5425-b511-22e644eff41b,lfw,Diane_Green
108ad072-ec0a-5a0b-aa6e-0b4b1b051323,lfw,Sharon_Davis
108b7f2e-028a-577b-bfe0-eef8dfe9a7fb,lfw,Luis_Gonzalez
108c1171-83e8-50db-9def-6f24d387bcc2,lfw,Guy_Hemmings
109e6fdd-be10-5b5b-b1e5-86b5f2f39f25,lfw,Khalid_Qazi
10a17d18-6658-535a-80b6-3ce301492765,lfw,Faye_Dunaway
10ab4726-59e5-505d-9e90-491291c1c74b,lfw,Gary_Locke
10d38bb6-fbe6-5ae8-a9f8-95a5a8173dec,lfw,Wolfgang_Clement
10e45604-9cd2-50c0-8b16-280b548f49d0,lfw,George_Brumley
10ed04ec-aa62-5ad3-b32a-d24d963082e1,lfw,Ted_Williams
10f678ae-a115-58b8-9490-8874d9a32ff9,lfw,Surya_Bahadur_Thapa
1104e664-7991-5ad0-af70-5cfe7e019630,lfw,Dagmar_Dunlevy
110a0c77-467e-538e-8df5-aa3462d9679a,lfw,Jan_Ullrich
1111a3c0-c4ce-5e39-818f-7c882a450342,lfw,Klaus_Schwab
11234b4f-1777-561e-abc3-a74b62e484f3,lfw,Ibrahim_Al-Marashi
11361b47-6aa8-5ad2-90d5-d9a0827b0c0f,lfw,Bill_Stapleton
114b405b-4ab9-5119-9922-c0600ab2caa2,lfw,Olivier_Boulay
115b071b-0846-5d47-9c05-3a38b8bd1ab2,lfw,Guennadi_Chipouline
1163544f-2892-569c-8922-1fe38d96d319,lfw,Mae_Jemison
11706309-0a97-53c4-85c9-9d1e4136b58c,lfw,Heizo_Takenaka
1172b498-4115-5148-a89b-b96971e9d23e,lfw,Zhong_Nanshan
11765647-85f6-5f3e-ab10-2eb5c13c92b1,lfw,Lee_Hong-ki
117b2e46-a4c6-5da4-94f5-927311a412d5,lfw,Ham_Pong-sil
11827ded-0410-50a6-9906-6c8f6097f833,lfw,Portia_de_Rossi
11887a6e-b5c1-57e0-8b07-a41bdccde47a,lfw,Kathleen_Kennedy_Townsend
118ba70a-4847-5083-9d86-2af77f81e3e0,lfw,Dan_Dickau
118c1de1-1cff-5190-ae27-d0c33d85e820,lfw,Fernando_Sanz
11a59126-cf72-5064-88a8-1829b8efe3b5,lfw,Leah_Remini
11ac8c6a-17b3-50d3-9eda-14e7219097ae,lfw,James_Hoffa
11b0dfb2-5b50-5c23-b31d-7762efa3fb13,lfw,Julie_Taymor
11b37ccb-f96a-5ccf-a03a-937c88c0465f,lfw,Charles_Schumer
11bc65c8-01dd-562f-9973-cfe5051fc99b,lfw,Jorge_Marquez-Ruarte
11c587f3-b0eb-597d-bdc4-9ebcbfecfa13,lfw,Ruben_Sierra
11c6c0f5-22b3-5c7a-948b-ffef235eb0c9,lfw,Dick_Jauron
11c8c343-8e7b-59c2-8dd0-265d5402f503,lfw,John_Mayer
11caee52-2a6d-5ebc-9204-ba015965e322,lfw,Debra_Brown
11cd9c6c-a24e-558c-91a3-a59a24c8dfcd,lfw,Leslie_Caldwell
11d12b2e-0d50-52c0-b4af-85cca4654b6e,lfw,Gerald_Calabrese
11eeb552-4ac4-52eb-87cc-243d55aac33a,lfw,Alan_Ball
11f70189-4353-5023-9ddd-e2bbd59bd26a,lfw,Barry_Ford
11fab729-7fe7-55a9-9b0d-c07296a058d3,lfw,Sananda_Maitreya
11ffbcb6-0120-51f8-abd9-3cb16afef418,lfw,Retief_Goosen
1209e35f-f778-5031-a153-4c96eeb6d90e,lfw,Jiang_Zemin
120a4252-c1d9-5d63-91b4-ee53bd8fc77d,lfw,Johnny_Carson
122703bc-5633-56b2-ba53-2cc824a58e62,lfw,Kaspar_Villiger
12321eb7-19f5-5f2a-a3a2-617418957177,lfw,Bill_Gates
1248c348-f8e8-5186-822c-f5e1d5affe28,lfw,Pauline_Phillips
124bc45f-c75b-5378-9475-f665ca2a95c5,lfw,Dieter_Zetsche
12538b94-d88b-5a67-b861-01bca2f06e60,lfw,Eduard_Limonov
1253f5ee-2599-57aa-8989-6c432df72bb9,lfw,Jose_Luis_Rodriguez_Zapatero
1273306c-516a-5577-b378-5fe09da58682,lfw,Dennis_Kozlowski
1277484f-e885-50b4-95b7-d19a0bbcb984,lfw,Michael_J_Sheehan
128c3e5f-ce5b-5739-86b3-8e9c0f988806,lfw,Teri_Garr
128f954d-f743-59bf-a2b2-103fd224a392,lfw,Elvis_Stojko
129746c8-786b-5dd9-ab65-3a6a0728102c,lfw,Nebojsa_Pavkovic
12be60bd-5a72-53eb-a5c9-d19c783e63fe,lfw,Vidar_Helgesen
12c2b1df-f79f-5107-8c9f-53283253c69c,lfw,Rachel_Kempson
12d0267a-675c-5d5f-bfbb-1b0fd91eb7b3,lfw,Jon_Stewart
12e406c9-f8c9-59ef-969a-800004e38743,lfw,Ghassan_Elashi
12ea2cb3-eed3-5528-a118-aa09eadc6792,lfw,Stefanie_De_Roux
131002ef-b239-5d1c-b268-d29a7c358f23,lfw,Trevor_McDonald
13119676-1d9a-57be-8933-6e897ac4075f,lfw,Sterling_Hitchcock
1326a2ad-5cad-58bb-ae1e-416a5e1649a7,lfw,Pascal_Rheaume
132b799f-f6d7-5796-9bdc-3729fda2ae44,lfw,Ana_Guevara
1333a397-bf27-5f2e-9d07-bd4895b050c3,lfw,Andre_Smith
133d598f-88e4-52d0-ab4f-f2cbeee68240,lfw,John_Coomber
1343a017-842a-5547-ae2c-b5c58d46da71,lfw,Geoffrey_Rush
1344ba85-7d97-54d0-bd70-1553e60d23a4,lfw,George_Maxwell_Richards
13475446-c4f5-5240-9d74-77a9b667505c,lfw,Alicia_Keys
13490757-98fc-51e3-9ede-436ddb67395d,lfw,Gwyneth_Paltrow
134d1589-fede-5ac8-8db0-486e0315697f,lfw,Ricky_Martin
13580f30-dd46-5aae-98bf-8b2bda572df9,lfw,John_Banko
1361c401-0f29-5f00-a593-be4a5ada1590,lfw,Richard_Hamilton
136fdcf3-02d3-54c9-b584-236d261a8f32,lfw,Jim_Edmonds
1383c58c-0d14-54b7-9ada-3ede63b3f23b,lfw,Patrick_McEnroe
13883a3d-281a-5442-9c09-e2d2c283c70c,lfw,Ismail_Cem
13a5c2ce-446b-5725-9ecb-c63a348b9cff,lfw,Richard_Crenna
13a6b331-b5f1-5af4-8bfb-f701bc60cca1,lfw,Gina_Centrello
13b195ff-1e89-546f-83d7-05686f74f5a3,lfw,Rosalyn_Carter
13b5ce8a-45d4-5897-912d-9cbc1ac2b6e1,lfw,Habib_Rizieq
13c74ca6-d466-5cd7-9781-91e0c4ca893a,lfw,Ekke_Hard_Forberg
13d0e6c7-7931-5b2f-b6f6-7b99760f59e6,lfw,David_Bowie
13d15798-3adf-5ecf-9f32-9823073e9e7d,lfw,David_Rivkin_Jr
13da428d-ab04-5369-ac8f-dbf4c5158acf,lfw,Joe_Leonard
13df218d-b2d3-59a1-81b0-f7abb6894629,lfw,Dominic_Monaghan
13e0d2dd-78c5-52ff-95d2-c17583eb2aba,lfw,David_Bell
13ea7a54-7d9e-588e-b0f9-7437fcec1640,lfw,Kurt_Thomas
14073405-306a-571c-879a-90b17a8aeff5,lfw,Razali_Ismail
141c49e1-d732-5499-b8cf-35391f2b1bf4,lfw,James_Williams
142154d9-e519-5893-a761-09af39efff66,lfw,Silvie_Cabero
142f73c0-6771-552c-ac38-045ede125b63,lfw,Ted_Costa
1440856e-fc7a-5862-a72b-e4d36a7138e6,lfw,Isabella_Rossellini
14413c82-1a6e-533d-a11e-d857d02941d2,lfw,Teruaki_Masumoto
144f448b-f96c-50bd-8896-1dae1375a384,lfw,Lesley_Flood
14500b7a-893c-5787-85a8-0df11e165882,lfw,Yasein_Taher
14588a0e-9a17-560c-a6f8-6c32ec10e81e,lfw,Lara_Logan
147c304b-2ccb-5ab8-878c-56746656fd4e,lfw,Linda_Franklin
14a99522-345e-5b88-827f-b9f943483dc4,lfw,Mathias_Reichhold
14b88b5c-08ff-5829-9b79-9c2a3c6b7ca8,lfw,Mary-Kate_Olsen
14cd4c9d-f251-5fac-b4fe-e237c50e887d,lfw,Salman_Khan
14d15706-218a-5e2b-b496-a8eac570417b,lfw,Don_Nickles
14d8a6ed-f9da-56ea-a16f-dbc7d5937594,lfw,Daniel_Patrick_Moynihan
14eda8d2-c9e9-56c6-b89f-c63ec7e630c3,lfw,Karen_Lynn_Gorney
14ef388a-01b5-578d-be5d-dae8ef946fca,lfw,Bob_Graham
14f2d8b5-e0bf-5a54-8cbb-cfd57f2c2c95,lfw,Paul_Burrell
14f7fc0c-d799-5625-bce8-b3ec51f85fd1,lfw,Chuck_Woolery
14fe8107-3d2d-5e07-bb52-6f21d07f0799,lfw,Jonathan_Mostow
15062596-26b0-5644-9c62-efbe73f0865e,lfw,Gilles_Panizzi
151423cd-d30e-539c-94d2-7c7fa0b2eb85,lfw,Teresa_Worbis
151b64c6-0bb9-5f8f-88cc-d7cb04274146,lfw,Dunn_Lampton
153173b5-2be2-5cfc-acf2-216db480c216,lfw,James_Collinson
1537c83f-023a-537e-a2ff-f0740ee1d7b2,lfw,Bill_Simon
154f64a9-fee0-5cd2-94bc-0c506d255202,lfw,Amelie_Mauresmo
155011a6-4ada-55cb-b4ba-16b890336f9a,lfw,Arantxa_Sanchez-Vicario
155312dc-ee55-5b8e-a016-edf50428cb39,lfw,Julio_Cesar_Chavez
155390b5-49e0-5887-8f1e-6309e6ea3b2e,lfw,Natalia_Verbeke
1553efab-9962-5683-8335-f2a8761edeef,lfw,Syed_Ibrahim
155f45be-beb6-5d3c-870e-078d9fbeb52e,lfw,Olympia_Dukakis
1563e92c-079f-5079-8974-c9e60b34d35f,lfw,Tubby_Smith
1564a3bd-d12c-505e-bbe9-091b939f2ba1,lfw,Dean_Barkley
156b8474-2da4-5f0d-98d6-dcf5c8834889,lfw,Jim_Otto
15758518-8f91-537e-b51f-7fcfd81c5582,lfw,Atiabet_Ijan_Amabel
1585604e-54ca-53e0-94c1-83951d4235be,lfw,Don_Matthews
158b218f-608e-512e-bb4d-c7d0f42b6ad0,lfw,Jeannette_Biedermann
158b64ac-ca61-55a8-a14c-77c5243c63f3,lfw,Juljia_Vysotskij
15958f4f-b0f2-515e-b1d2-30ded4fcb9aa,lfw,Angelo_Genova
1598238c-41ac-51cf-aca0-8c601d218f1a,lfw,Felipe_Fernandez
15a04f57-26ea-5277-9820-44dcf4ef8ca1,lfw,Ali_Fallahian
15a8cec9-08d0-507d-84c0-109d7a13bab7,lfw,Doug_Moe
15b8bd98-b8f0-5794-9669-aec34e225506,lfw,Mel_Karmazin
15c29a65-8f5c-5268-b504-f10318b6caa9,lfw,Sven_Goran_Eriksson
15e7c175-d559-5b5a-9f62-dcc6479d5339,lfw,Paige_Fitzgerald
15ed295a-1c44-5667-8e9f-c24259f674dd,lfw,Daryl_Smith
15fd93a4-3c28-590f-a00e-1aa478d9171c,lfw,Ken_Balk
160ea0a9-4701-5873-bbbc-e5124514970f,lfw,Wolfgang_Schuessel
16104e29-567e-5639-a128-621f85f9f043,lfw,Marcos_Cafu
161ce026-ee22-5554-a0bf-b3ea849e749a,lfw,Joe_Cravens
161f73ca-f6c0-512f-963e-949f25ec1191,lfw,Felix_Sanchez
163a5fb5-0d57-5437-a33c-17c00af1fc02,lfw,Nicolas_Lapentti
163b3ad7-12e6-50f4-85e4-90bf99faac14,lfw,Gus_Frerotte
165fbc34-03b3-5ccd-a570-590b9cf4da1c,lfw,Elena_Tihomirova
1662a826-1d81-5204-aca1-6b215c901c4d,lfw,Amy_Pascal
167e1df7-18cb-5497-a638-43cba7748d17,lfw,Patrick_Eaves
167eec93-78fb-556f-b0a6-a1f4196d53f4,lfw,Jesse_Ventura
1680b24c-7ae7-5213-a908-cbff22f5ea02,lfw,Gary_Bettman
168a7710-527e-596e-9a2f-1685a58681e7,lfw,Jakob_Kellenberger
168ead78-0f19-5914-a556-58a8dac1816e,lfw,Jamie_King
1698c0d0-394a-570c-b9a1-5495c78795a5,lfw,Giancarlo_Fisichella
16ddd467-dd7a-520c-b1f6-b4cccc7fb0de,lfw,Michael_Jackson
16e25203-6b58-5518-adb3-c42a97f3567f,lfw,Eva_Dimas
16f3b1f7-7de4-53e8-92a6-03b1600a6018,lfw,Tommy_Robredo
170bf744-f08c-52cb-b82d-be4a5c376389,lfw,Pinar_del_Rio
171900ae-9967-5c0b-8e34-d0c873fab017,lfw,Sean_Hayes
1721dbef-a48c-5998-8878-edd43751999b,lfw,Abel_Aguilar
173418ad-befb-5bc1-902f-14a67545d71f,lfw,Dominique_Perben
174866bc-63cb-5e5f-aa44-04679d4e7bba,lfw,Adrian_Nastase
17486fe1-24d8-5154-b357-155e0773ca69,lfw,Nick_Reilly
17497e6b-df60-51bd-bce0-740bc21de02a,lfw,Lee_Nam-shin
174d5601-a2fa-5a7a-82d8-182e7c8b4ba3,lfw,Brett_Hull
1750441c-e6be-58aa-a48b-581fd17c01ad,lfw,Hayley_Tullett
1754aeb8-002f-5e4e-86c9-257868173625,lfw,Edward_Lohn
177845b2-c4a2-561d-b857-3dfa611046fa,lfw,Ibrahim_Jaafari
177b80ad-5651-5d8a-ac75-b0f3ce01843d,lfw,Maggie_Smith
1782b3d3-cf0b-58bb-a4d3-6d2156e4d6c2,lfw,John_Moe
1788ab56-56da-5974-bd8a-67f49b832e0c,lfw,Tino_Martinez
178ea1d3-6c21-56e1-bdb0-54dac5a65c19,lfw,Jeanne_Moreau
17901489-3ba7-541d-b197-cf277f8e9776,lfw,Roberto_Canessa
1793b5c3-ed71-54ab-9dc5-f40a15e525d1,lfw,Brian_Jordan
1797e657-fb45-5e8f-ae95-30b56d307821,lfw,Aram_Adler
17b744a2-69a8-5218-a538-09dd512a5596,lfw,John_Franco
17b87c29-a602-5c9c-84fe-dbbe33e00d31,lfw,Martin_Bandier
17bf91ed-c4d1-5744-9e1d-2c38c6cef26e,lfw,Adrien_Brody
17de3606-db4d-5621-bf8e-48adbfe08f95,lfw,Lisa_Raymond
17e02eb5-8495-5e20-8752-bf87e5fdf231,lfw,Barry_Switzer
1804a02e-41b7-5ed5-aefd-2574ccbf5723,lfw,Patricia_Hearst
1806c157-2dc3-5c6c-8608-f90568c18f29,lfw,Will_Ferrell
18075003-ace0-5b47-b14a-23a591732e25,lfw,Jodie_Henry
18099f6c-d035-508c-9a4b-f6c877596253,lfw,Polona_Bas
180ec4e1-66a8-5a32-bfcf-4a9208b9daf5,mfr2,GaryHerbert
181d9b41-6f92-5f8b-a12e-050594130768,lfw,Tom_Tunney
1822f25f-dcf1-5b0b-865f-73d40469d51a,lfw,Lucy_Liu
182b026e-e3f0-5e62-b255-760b7e273409,lfw,Spencer_Abraham
183a97c2-ff5f-552d-90e2-96fb945fb473,lfw,Vanessa_Laine
18445ab6-55a3-5ccd-9a5f-d33244fb7621,lfw,Kelly_Clarkson
1845f70c-58c3-54c5-aa7a-4062c61bc15f,lfw,Petria_Thomas
18469382-b4e0-5e5f-aada-97cdbaccb2f1,lfw,Max_Mosley
18494e0d-4320-5908-b4c2-6200e861bb5e,lfw,Janet_Crawford
184c7637-a702-52cc-bf60-d676b6d3007c,lfw,Najib_al-Salhi
1855ec80-f810-591d-9288-64544e9a7199,lfw,Itamar_Franco
186b7427-3d02-5f11-b6cf-66660bb3391c,lfw,Jason_Lezak
1875b4b2-d127-5241-addb-edd1c8ec693b,lfw,Debra_Shank
187b479b-5944-53f3-af22-20d9af7e4b73,lfw,Calvin_Harrison
187e272a-8a4f-5091-9e83-77c90e1a124d,lfw,Makiya_Ali_Hassan
1889e117-68c2-57f2-a756-abaaf1a760cb,lfw,Bob_Alper
189c60cf-5f4f-507c-a35a-7cfc5419d245,lfw,Tommy_Tubberville
18a0be2c-b836-5f15-bb1c-566180480af7,lfw,Gabrielle_Union
18aae897-76e2-5d7b-9e85-ca7b768093cf,lfw,Steve_Austin
18aaf55f-a966-5bb8-aadf-dca90c947547,lfw,Elaine_Chao
18ba2367-9030-5953-9314-cdb887f683e9,lfw,James_Barksdale
18cb89d8-87d4-5ca5-bc86-57fdca256aab,lfw,Sheikh_Ahmed_Yassin
18eb6bec-cf0f-5345-91d6-1a3e26969c6b,lfw,Jason_Biggs
18ed784f-18de-5f9e-835a-1a6060ea0abb,lfw,Carson_Daly
18ef5ce9-faa3-524a-9456-3cd514bf7809,lfw,Lea_Fastow
18f979db-ba0a-5105-9a42-e20d9232d840,lfw,Iva_Majoli
18fdcb58-2cd9-56ae-9c08-334d545a2686,lfw,Kang_Gum-sil
191bbc88-c86a-5ec4-b9e2-0de409bb9173,lfw,Barbara_Becker
19204343-e80c-5100-9fa0-39c86014dd78,lfw,Fredric_Seaman
19355e56-527d-5fbb-a6f0-768492541241,lfw,Saoud_Al_Faisal
193f5e8e-44e0-57b8-95fb-0eba8e812e62,lfw,Chanda_Rubin
194fac06-2c44-59d2-b85a-b77db0b1e5ea,lfw,Steve_Zahn
1959f795-0d52-5ce7-9d8a-2ef4812906af,lfw,Will_Self
195c7f5f-42bb-52f1-b7bf-1ca8232cc3bd,lfw,Andrew_Weissmann
1972f31e-6ca1-5691-b8e7-d93f7d2da1bc,lfw,Jennifer_Capriati
198d5265-30d2-554a-8084-a61df079e611,lfw,Nick_Rahall
199f2de4-1bbe-5598-836a-8bd592394ac8,lfw,Jeanette_Stauffer
19af14fe-712f-561b-a01e-4db414ca7dca,lfw,Paul_Kariya
19b74986-dc44-5133-8789-93d3ff90f3f5,lfw,Jeff_Feldman
19b8f327-17bf-5be2-a542-8ce31408157e,lfw,Jay_Rasulo
19da3e8c-5ae4-5b73-aadf-9a0b115627eb,lfw,Max_Baucus
19ddd2e0-758c-5f89-b243-30a33686b972,lfw,James_Brown
1a0e1d14-8051-5c56-bfaa-11f59e583442,lfw,Agnes_Bruckner
1a142974-4e02-5c8c-ab6b-96d50a2c6cf1,lfw,Hrithik_Roshan
1a41ad93-10d0-5aa2-ac29-1f61c04a9ed9,lfw,Katie_Harman
1a478875-ff12-5775-8c8f-1cc69ab684e4,lfw,Emmanuelle_Jagodsinski
1a75323c-c090-52d1-b350-9fbb9bb58bd6,lfw,Dai_Chul_Chyung
1a7ab50a-bc1a-51c3-93c4-7be9ffac7da2,lfw,Maria_Guida
1a92d0ad-40d7-5702-96d9-9e1b6e3bca7a,lfw,Corliss_Williamson
1ab5817e-223d-588b-ad9d-277595c8481b,lfw,Yekaterina_Guseva
1ab9cc25-0e6c-57f4-8f23-923ab3d9109b,lfw,Wu_Peng
1abb7b20-29bf-5ed5-94e5-0d3ba984ca20,lfw,Ben_Broussard
1abf8ba5-467f-5b3e-8e1e-9f8803a17cb5,lfw,Tom_Moss
1acc5bec-0ee1-5131-9651-4b49a8c02db0,lfw,Mario_Dominguez
1ad6f8d2-1cd2-5b28-a309-a06a00cb4e09,lfw,Dorothy_Lamour
1addbf35-e91b-5447-94ae-5dac66b9665e,lfw,Keith_Lockhart
1ae5999a-00ef-5f1a-86c7-16bc3525c2a9,lfw,Eglis_Yaima_Cruz
1aea4c27-fb77-5e7b-ba98-c9ffbea2877a,lfw,Fayssal_Mekdad
1b046c88-b362-5723-9674-a56f57b59adc,lfw,Vladimir_Ustinov
1b08f565-79ba-5d14-a2c5-3b238e7d6f38,lfw,Brandon_Spann
1b1048e7-692f-5335-83b1-a1152fa13885,lfw,Ontario_Lett
1b17240c-2ce1-5031-b81f-8ea03c5d8583,lfw,Roger_Penske
1b1a6f89-bbbb-5512-8394-ec1ddc0da477,lfw,Red_Auerbach
1b1c0de3-a3c4-5532-8af3-5f061e294b9e,lfw,Ken_Dorsey
1b20b09c-b733-52d6-a461-4aa9adf93de7,lfw,Carol_Moseley_Braun
1b273d91-ec96-56a9-82fe-5a2dcd15664a,lfw,Steve_Shiver
1b362688-1a8f-5147-9bff-23effc18736a,lfw,Jamir_Miller
1b441fad-9e01-5fc9-bc4d-0c0991b20feb,lfw,Maureen_Fanning
1b4fcc50-cbcb-580b-b78a-00ebdf5769b6,lfw,Caio_Blat
1b5646c6-1c0b-5aae-affa-d64a77bd70b3,lfw,Tung_Chee-hwa
1b75461e-3200-58ea-97d8-ad10f9624cbf,lfw,Emily_Stevens
1b806125-141b-520a-898e-713afb9ba5fb,lfw,Scott_Sullivan
1b9ab770-24d1-5547-8560-bd91110e8529,lfw,Bill_Kong
1b9c06c1-876a-5d7d-a86e-427dad0c7a0d,lfw,Penny_Dupuie
1b9db622-2159-5d48-8e5c-b00a4935065b,lfw,Dino_de_Laurentis
1bb70f6d-6155-5d6d-9b23-c74b88663c9e,lfw,Colin_Farrell
1bc9616a-8268-574e-82c5-d301a2e101f8,lfw,James_Hughes
1bd00cb1-6874-5e85-a62d-212e8854a65a,lfw,Deece_Eckstein
1bdd9e56-268b-5ced-8138-4c807ab8b452,lfw,Phil_Jackson
1bee2b3e-bf54-55ac-b1d5-826fc720384d,lfw,Kim_Jong-Il
1c145190-0ca2-50a6-87f1-d2828bf375a7,lfw,Connie_Chung
1c17fb1a-7711-501e-accf-e7ae50c07cea,lfw,Ed_Wade
1c18cce6-37d5-585a-a0e3-29cbe8cf7e2b,lfw,Mike_Stefanik
1c1c363e-1284-5374-a864-9d21ee3cae5a,lfw,Bobby_Kielty
1c227461-17b9-5087-aa5a-021a7bb8002e,lfw,Carla_Moreno
1c2f759a-021b-5420-a224-b4d0d05d27d1,lfw,Ashlea_Talbot
1c30cdc3-8864-5677-b812-0821778d1653,lfw,Sureyya_Ayhan
1c3e66f8-f2ad-5069-a61a-011cb5285455,lfw,Mike_Maroth
1c4b4238-cc50-5c24-8e25-18ae206fccd2,lfw,Andy_Rooney
1c4bae9a-6f0c-5200-b4b1-fd1445cd3e4f,lfw,Kirk_Ferentz
1c4eef64-5f9a-5f3e-aa8d-174042bd7271,lfw,Edward_James_Olmos
1c5593e2-a403-56b5-9980-4bd8b2ccbfbd,lfw,Betty_Garrison
1c598bf3-0119-522a-be13-91e6bcd33267,lfw,Patrick_Coleman
1c68678b-46ab-5161-b5b0-fea4b62e1e11,lfw,Gregorio_Rosal
1c688746-496c-5ba0-a6e0-d81a14ea373e,lfw,Heath_Ledger
1c7224b7-2762-5184-a6c5-05f6bacfe851,lfw,Robert_Durst
1c779dfd-ea6e-5fc0-8cf1-876b7d5e784c,lfw,Erskine_Bowles
1c911d9f-221d-55ca-a427-3ffa9f90164a,lfw,Recep_Tayyip_Erdogan
1c91cedd-e988-5ecb-b889-52329dfd7a13,lfw,Jean-Claude_Braquet
1c91eb8f-ec8e-5297-a3fe-1f479c748ab4,lfw,Jim_Ahern
1c99bcb3-e21d-54b8-8e98-5ba7599c695d,lfw,Luther_Htu
1ca5a6cc-2ac9-595d-a1e2-2919f1bf4abd,lfw,Andy_Madikians
1cace286-ff7a-5173-a272-1b32b7e4f245,lfw,Pedro_Duque
1ce08c26-9c6d-56e4-8948-ea3e8358b83b,lfw,Phil_Morris
1ce36edc-e28f-53b2-aaf0-36e999b506a5,lfw,Sean_Combs
1ce48570-52f2-5e3f-a5d9-397b119b748b,lfw,Peter_Harrison
1ce67805-0514-5ff5-bdfe-60dd1c92b3aa,lfw,Catherine_Woodard
1ce9a322-46a7-511b-b0e1-a9f1edb381a7,lfw,Kimberly_Bruckner
1cfd8696-876d-55a7-ae0c-27f0ad52f2a2,lfw,Yoriko_Kawaguchi
1d00ca4f-f454-5589-8db5-b3735f79b345,lfw,John_Nimmo
1d0b3468-77be-5edb-89d2-59eb4904ae7f,lfw,Peter_Mansbridge
1d31f431-27f6-5f82-ac90-76b6eaf83819,lfw,Jamie_Martin
1d3bed17-9a89-5208-9d4d-05a20ca60ab0,lfw,Yishan_Zhang
1d4f26c1-f4bb-5f04-a531-1d990cdd6399,lfw,Jake_Brace
1d68d041-0ea7-5dc3-9bfa-9bd16912642a,lfw,Anthony_Carter
1d6923c7-d9da-53cd-86bb-45c714b9c4e4,lfw,Takahiro_Mori
1d8efaea-88a9-5d2a-85b9-e9ddcf3eca12,lfw,Chuck_Amato
1d91a4c9-68bd-502d-8b88-6d6edccd1102,lfw,Abdullah_Gul
1da29e95-c340-5067-9bd9-a280f4b5046f,lfw,Mamdouh_Habib
1dac0298-0cd2-5b6e-b693-9c9d5e4288c5,lfw,James_Hallock
1dc2dd24-62ec-5fd0-a13f-d9e074148c1a,lfw,Atsushi_Sato
1dc6dfc7-4e66-5888-be15-a76364d08e57,lfw,Bill_Carmody
1de1f29f-dbe8-58bb-b181-aea9ada6b50f,lfw,Jonathan_Edwards
1e105512-9ea8-5cfe-b85c-83f1cbf042f4,lfw,Jerry_McEntee
1e173338-c16c-5e31-b0d9-d941d93903b4,lfw,Oxana_Fedorova
1e2111da-368a-59a7-98b7-0276fe05547e,lfw,Julien_Varlet
1e319a75-8ed1-5e83-bde6-96be724b3e05,lfw,Brandon_Boyd
1e34515f-6620-506a-9753-8ba6626c75f6,lfw,Daniel_Pearl
1e582348-ebf9-5943-9382-29cfa8d139a2,lfw,Hal_McCoy
1e5eb848-2d47-54ce-b64a-db4f0e9c6ae2,lfw,Sandra_Shamas
1e6972ca-33fb-505d-85b5-e8774c566b2a,lfw,Nicolas_Kiefer
1e734f1c-be1c-53ad-9925-d209319299df,lfw,Pharrell_Williams
1e73541e-e70f-5942-af2d-815c176af944,lfw,Natalie_Juniardi
1e75aac6-c403-5cd1-9ea8-0c5a1b43d3f1,lfw,Ion_Iliescu
1e83af2e-c132-538e-8504-7de497b044dd,lfw,Peter_Max
1e85e480-dd3a-5e16-8c5b-b80d269a2c6b,lfw,Sheryl_Crow
1e8b2f60-fb13-5b7c-81a2-22febc704842,lfw,Lynn_Redgrave
1e924c51-8c7d-5ab7-b364-added2aca2a7,lfw,Zafarullah_Khan_Jamali
1e9d1c37-a570-5e23-9602-239714901e06,lfw,Bill_Richardson
1e9e77d0-a45f-57d8-b313-4a9ba09ceabf,lfw,Juergen_Trittin
1ea34a89-0bf8-551c-a70e-9bf7b84192f7,lfw,Carlton_Baugh
1ea70693-de86-5639-b525-1274424f384b,lfw,Gerry_Adams
1eac70ee-8e5c-59d0-ac2c-f15338d92da1,lfw,Cari_Davis
1ebde7f5-ae74-525f-9bab-3afca43ad9aa,lfw,Edward_Belvin
1ec0bd53-6bbd-5b0e-8a77-254d4c45505a,lfw,Marlon_Devonish
1ecb5613-b628-5d65-a117-26c748cf582c,lfw,Kong_Quan
1ecf3e29-0cd9-5522-9d23-14419c2a6275,lfw,Caroline_Dhavernas
1edba628-5d27-5bb9-9ebf-4c3db186e678,lfw,Paddy_Torsney
1ee3caef-9348-583c-9422-8c0385e9c7ad,lfw,Mikhail_Shvydkoi
1ee4d292-3ed6-5944-bb41-67bf7e2393fc,lfw,Coco_dEste
1f024fd1-91c8-5cc3-9cc0-0e613a02c675,lfw,Asif_Hanif
1f037a99-547e-51f0-a901-818d775cf3f1,lfw,Miroljub
1f07a07b-f911-5767-91fa-ff893216802e,lfw,Ashraf_Ghani
1f084d72-ef6c-52d9-bfeb-e80a5f366e7c,lfw,Derek_Lowe
1f0fe485-399d-56f5-8a0f-72d005a26813,lfw,Karen_Allen
1f138cfe-e618-52f7-975d-e14f74d7822a,lfw,Mehdi_Baala
1f198318-9d26-5b78-b69c-631bde1eec71,lfw,Abba_Eban
1f1a661c-84ad-5553-b2d8-91088bf84f7c,lfw,Garry_Alejano
1f2ddcd8-62e8-52b5-8fb5-a3142f791a13,lfw,Keith_Tyson
1f4c29ad-484a-5adf-8087-14fef6e662eb,lfw,Donald_Keyser
1f50dac4-d6c8-5230-8bbd-56174a674520,lfw,Adrianna_Zuzic
1f538223-74e1-5748-aadb-8f3aaf227462,lfw,Dan_Duquette
1f58955a-507f-57bf-98bf-1d09e78794a0,lfw,Joseph_Lopez
1f661237-80e2-56f9-b051-cc5f9884d744,lfw,Emmit_Smith
1f6ae7d8-5de7-5109-9ddb-c4730afe88f7,lfw,Charlie_Garner
1f72242e-4dbf-56fe-8181-3b5527b8704a,lfw,Ted_Christopher
1f75b6bb-6ffc-57ac-8c4d-81897ae9b4dd,lfw,Meryl_Streep
1f77e89f-a8f2-5a5c-84ac-5023e4c0fa76,lfw,Michael_Frayn
1f989526-33d1-5883-a74d-e270e7dbb2a5,lfw,Miranda_Gaddis
1fa2e256-7b35-51ec-aedd-1cbfc77751c6,lfw,Martin_Rodriguez
1fb05b06-37e4-5409-9eed-3791bd8e1011,lfw,Tonino_Guerra
1fc4f49a-4f0b-53a6-8909-f2375f194a12,lfw,Melvin_Talbert
1fd041bb-284b-5084-850a-e08e04e78ec8,lfw,Curtis_Rodriguez
1ffac4fc-70ac-5d96-9c85-a7baa3d8b173,lfw,Hugo_Conte
20077e6c-4e64-5816-a553-7c45d1b319c2,lfw,Ann_Veneman
201005d3-f0a9-53b7-8783-f04f4bc797cd,lfw,Ryan_Nyquist
20188cd9-1c37-5928-89a5-aab055bf3edb,lfw,Herbie_Hancock
201a29bb-d19b-517f-be7f-e34c549e7e8e,lfw,Abdullah_Nasseef
201c430f-5155-5877-a43d-c94bcd5486c2,lfw,Jackie_Chan
201d82b1-1f9a-5471-8744-88d09f230787,lfw,Suzanne_Fox
2023ba87-c825-59ec-8cea-fb44f6e05601,lfw,Michel_Minard
205d8517-06f2-5b50-8d19-636493e2cc20,lfw,Shavon_Earp
206e61c8-48d5-5f48-851a-2ae846a5ba33,lfw,Bob_Sulkin
20707cd3-0648-5699-93ac-14c176b1d3db,lfw,Max_Biaggi
207640c2-9124-58b0-ac49-4abb32a8bee4,lfw,Manfred_Reyes_Villa
20897240-b367-51c0-b0f3-01f21cd4b2d8,lfw,Hashan_Tillakaratne
208ac82b-7630-5935-9a81-c86c32854869,lfw,Jerry_Rice
208cbbe7-575d-5100-b33d-959552287ee1,lfw,Gary_Sinise
2091901a-d9cc-5b14-93ef-9d5d9953b3ce,lfw,Roseanne_Barr
2096c033-f3b3-5844-acaa-827295363a79,lfw,Platon_Lebedev
20a80cd0-f22a-5e7d-a7be-a314c717ae4e,lfw,Chip_Ganassi
20ad1591-03a6-5162-8e36-84023c7d4d77,lfw,Marcos_Daniel_Jimenez
20bb7e09-20c8-5669-8d82-a62f035d3329,lfw,Arye_Mekel
20dedef2-7a8d-5beb-a1bd-cc84ddee2ac9,lfw,JK_Rowling
20e09bc4-4b2a-5558-a1d2-d083051b4186,lfw,Prince_Charles
20f2f7e9-8b2a-5a67-83b3-cd9b3f11f1a3,lfw,Earl_Scruggs
20fbbad6-8396-5ed5-9ee0-967ea5d6498d,lfw,Jana_Pittman
2106a8a3-086b-5196-8a60-8bf5d6ad5b2d,lfw,William_Bulger
2107fbf3-c514-5c94-a0e2-2e60aaaa6f1b,lfw,Deena_Burnett
2107fe6c-d961-5f45-910c-b5a701c918c6,lfw,Jessica_Simpson
2111236a-1a9c-5889-8b0b-056c86c14c31,lfw,Florencia_Macri
211f4312-4691-5156-9074-668bedae0a9e,lfw,Dan_Ackroyd
21225760-dab0-569e-8465-2b65d6f1dfb4,lfw,Frank_Stallone
21248998-2c41-53f4-8ab8-1bb0fc04f364,lfw,Gretchen_Mol
213b541f-b52f-514b-bade-51920d00a915,lfw,Emile_Lahoud
21471de3-5b09-5d15-9b8e-cc09b9a7c355,lfw,Kevin_Nealon
214c763e-595a-5488-b5dc-7a5daf94edd8,lfw,Peter_Medgyessy
2160d292-3fa7-53ac-8d72-17b4fc68433a,lfw,Billy_Andrade
216e59d3-ceab-5e49-8dc5-2a82411c8dad,lfw,Clive_Woodward
21798167-1aeb-52b4-bf2d-18a8ac8a0e7f,lfw,Blythe_Danner
217a0860-a80d-5101-b632-08b59515b142,lfw,Yoshiyuki_Kamei
217c57ac-dd79-5e41-aee6-ad3bf5f39723,lfw,Oswald_Gruebel
21898dd7-22c0-5177-8a6b-6dec8b1fea89,lfw,Constance_Marie
2189fc0f-a280-535c-992a-24f8d3bd1733,lfw,Janela_Jara
219d25bd-65c1-52b6-9e57-563f22018570,lfw,Jose_Lopez_Beltran
21c417fe-416b-5b76-8508-7c764b127825,lfw,Morgan_Hentzen
21c543a4-1273-50ab-8f91-3d955ad46c0b,lfw,Sue_Wicks
21dc85ce-2cab-5b31-9ade-b86b601ea74b,lfw,Maria_Shkolnikova
21ea5d09-a45e-51ee-9892-373e0348ff5b,lfw,Jan_Bjoerklund
2205f96f-1f44-5fb6-b6e9-72330cb855cd,lfw,Warren_Beatty
220d10b8-5cfd-5044-bdcb-0f4438ce6b3c,lfw,Tiger_Woods
220d6853-c6cc-5fa6-9ba7-83e7871009ad,lfw,Gregor_Gysi
22344afe-d40a-5661-b220-7e194bff428b,lfw,MC_Hammer
22350bb1-f021-5b45-a237-2a9dc2f12a26,lfw,Mahmoud_Al_Zhar
223f8534-4bb3-5191-9acd-942d6d34e726,lfw,John_Scarlett
22527d9e-9423-5147-a20e-3edd8e6492b5,lfw,Elisabeth_Schumacher
2255278f-dd79-5382-aad3-f6e848f5acc7,lfw,Mike_Fisher
225a7c16-6c08-58a3-87b1-bd6d4fd7fd86,lfw,Sebastian_Saja
225d453e-803d-5913-83d9-0924958b8bab,lfw,Giuseppe_Gibilisco
2281cd75-d157-543c-8e57-493d786b3b6d,lfw,Larry_Greene
2283c9f8-235a-5f63-b9c7-f71c5ee10d8f,lfw,Michelangelo_Antonioni
2295d971-6836-59d6-953f-6ae514b4be11,lfw,Brigitte_Boisselier
22972e6e-2fc9-595f-8fca-c34a606577a2,lfw,Richard_Harris
22a651c4-e513-5be6-9b31-b7f289f58daa,lfw,Ivo_Dubs
22aa3d94-204d-59a9-9653-45d26268891a,lfw,Tora_Takagi
22b0bf63-ae31-5474-b918-794d1bb517a4,lfw,Nova_Esther_Guthrie
22b1a2ac-075a-56e4-98a5-e89d0ad56803,lfw,Stephen_Crampton
22bb2b51-7b82-58c7-ba98-755883b98b3c,lfw,Princess_Caroline
22c0d4ae-37ee-55e8-aa09-4bb65bc20fba,lfw,Mike_Brey
22c10e53-0188-5ca1-aae3-237ddda9009d,lfw,Carey_Lowell
22c4044e-5d95-59b2-8451-a33862a6825d,lfw,Fidel_Castro_Daiz-Balart
22dbe1bc-ae62-5315-bede-027278a06000,lfw,Judi_Patton
22e0f386-98f4-5ca5-85fd-ed18f73fcff6,lfw,Robert_Kipkoech_Cheruiyot
22e3b626-30e7-5c38-a9a8-1fba6ea74bc4,lfw,Vladimir_Spidla
22e6cac0-e49f-5503-9371-4581680a23f3,lfw,Sami_Al-Arian
22ea2bba-c355-51a7-8a64-72ebb8e0cd7e,lfw,Robert_Gordon_Card
23022852-eb17-59b5-a9ff-fddb509889f5,lfw,Lane_Odom
2325a874-ab7b-56bf-bdda-79459c8b6dce,lfw,Benjamin_Netanyahu
2330a88b-46c9-5997-881e-572848edb377,lfw,Alexa_Vega
23381d79-c3e1-5233-b8e3-658ac14ba53b,lfw,Todd_MacCulloch
233cd432-522f-568f-8b60-5fbaa3f67b6f,lfw,Conan_OBrien
2347dbab-8311-51b2-95f8-01af75876ec8,lfw,Bill_Elliott
234d4d83-f8e5-5b90-90e6-2587c0a0ae1e,lfw,Enrique_Oliu
235379f5-b4ae-5b7a-b8f8-91395716fe1b,lfw,Alexander_Downer
23642f0a-dd15-59ae-953c-1f8bff25d59a,lfw,Joseph_Galante
236846ef-b8a0-5789-af1e-79a4e7afba28,lfw,Princess_Masako
23722bc7-4886-5cf6-8575-8c4a27d71286,lfw,Fernando_Hierro
2377b004-7109-560a-9f10-4797f46a634d,lfw,John_Kerr
238485f5-11e4-526f-8365-5d4d1ec9e36d,lfw,Matthias_Sammer
2392a5b6-7552-57d2-a2f7-d9857db370ef,lfw,Gerhard_Schroeder
23979887-fd58-5b84-a54d-81455e8c9acf,lfw,Hilmi_Ozkok
23a9bbfa-b252-565c-a18e-e9bbe5cd3a38,lfw,Roberto_Robaina
23aba402-3ad8-58de-a117-591efca01faa,lfw,Peter_Ahearn
23af14b3-223a-54b3-8aca-3716c41a1513,lfw,Jerelle_Kraus
23b0543a-2e12-52ba-833c-5e1f2233e113,lfw,Robert_Towne
23b931b8-2e08-5a06-b15e-c3d57d87bfa0,lfw,Sok_An
23d84b83-8f41-5a6f-ba3a-de84adc82f85,lfw,Davis_Love_III
23edbdbe-1f16-542e-b86c-8acb6ad8a300,lfw,Rosie_Perez
23f2bf4b-2d27-5d74-8ce0-9ff73a6b4bbe,lfw,Daniel_Radcliffe
23f4908b-5d6b-5877-8f5f-6dfecd272b18,lfw,Saied_Hadi_al_Mudarissi
23ff844c-69b7-546b-9fdf-3bcf61b96fb1,lfw,Mufti_Mohammad_Syed
24087a16-45aa-52a3-a7ef-e01f2cafe0ab,lfw,Eddie_Sutton
240fe961-de00-535c-8ba7-17af8d5a6407,lfw,Ewan_McGregor
241cd29a-fe05-56ba-b62a-19fac099452a,lfw,Shanna_Zolman
2424527b-c7bc-547e-b1d7-eae70b90445d,lfw,Doug_Collins
2429ae66-2c97-538c-a879-85d94743b1c0,lfw,Sharon_Robinson
242b5fa0-5372-50d1-90a4-9e2bd65c95a6,mfr2,YoshihideSuga
243043cc-8271-5c72-a7b2-fbe479805e71,lfw,Ronnie_Jagday
2431a0f4-31fc-5764-950c-92a8f15bb889,lfw,Ilie_Nastase
24401ddf-dfcc-5996-ad7a-47808a567998,lfw,John_Cusack
244a4659-1db4-505a-a53c-8b578d4df8bb,lfw,John_Eastman
244e042b-aa9d-57ee-af8c-aa249195472d,lfw,Larry_Pleau
247a2ba8-516f-5179-93a5-ceefd134e20f,lfw,Robert_Bonner
247f1ff7-3df5-50da-bc3f-bac115f08abe,lfw,Shane_Mosley
2487bdea-b98c-5153-a181-6ed27a492ffa,lfw,Gabi_Zimmer
248d1b1f-6917-50d3-b9bf-0ed30a53b6b1,lfw,Horacio_de_Jesus_Montoya
248ef2a7-d05d-555d-944b-1bcf6da2db60,lfw,Carlos_Juarez
2493e708-6be0-5939-88de-58ff48300f8f,lfw,Stanislas_Wawrinka
2496ef17-4998-5989-ae54-f05ac5bdbb80,lfw,Paul_Sarbanes
249e5bd6-df85-5306-bbe2-40486a2b5f43,lfw,Hisao_Oguchi
24a075d7-346f-5f99-a2a6-99889760837f,lfw,Jessica_Lynch
24a591ae-a172-5f21-ba40-453f0c82671f,lfw,Pervez_Musharraf
24aed830-a561-53a9-bae7-7bd72bc622b1,lfw,Stuart_Knoll
24bc0808-aaf1-5e82-903f-ba3c61a591d3,lfw,Theresa_Gattung
24cb9237-ad0e-5217-82c2-7eb235866d57,lfw,Phil_Bennett
24d15ca9-7a6c-5e50-bdc9-2db3673b525d,lfw,Ms_Dynamite
24d15ec7-b697-5c78-ad45-16c0344dd985,lfw,Monique_Ferreira
24f76bba-3acc-500e-822b-19ef1f439e2e,lfw,Tamika_Catchings
251052cf-92ea-5c77-97a1-9424a44f3c3b,lfw,Ana_Sebastiao
251117c3-281a-52ac-99b4-676fb3dcf9ac,lfw,Emanuel_Ginobili
252899b3-6d4a-5d6d-9a03-f40193ab708e,lfw,Carlos_Ruiz
252ba127-d5c5-5171-bbcd-6ec7edb95e4a,lfw,Rodney_Rempt
2533013e-4996-51ba-8f5c-2efaf12fd45d,lfw,Pierre_Png
2551739f-2ddc-552a-b051-3cdacc46aa7c,lfw,Yoelbi_Quesada
25540679-5b10-5dba-b09b-b5a8a319eac9,lfw,San_Lan
2556376b-10df-52db-85cc-0265759d9674,lfw,Felipe_Perez_Roque
257541ed-6a4e-58b9-9b41-c3168f3d01cc,lfw,Lyudmila_Putin
2582698e-be70-5b0b-8708-9fbb895eb4a4,lfw,Cabas
258e7dfd-6832-5604-a758-1a5c586739c5,lfw,Art_Lopez
2591fcb4-9162-57fd-b462-ad396806b352,lfw,Francisco_Maturana
25b01140-6496-57fd-b1e2-423b1e8d8c9e,lfw,Gary_Carter
25be5367-6858-5d52-abf0-d077ea2f0300,lfw,Mikhail_Khodorkovsky
25cd0ac7-06c2-5935-ac78-30c339689704,lfw,John_Starks
25cf8656-79f2-5bc6-a308-ee61a404301c,lfw,Nuon_Chea
25d174d1-0901-5e35-b55d-3c8dbefdf56b,lfw,Rod_Blagojevich
25d7b1aa-1423-59a8-8ab8-225ecf94055c,mfr2,JaredPolis
25e17c0b-6443-5a5f-923f-17c4cec1bb04,lfw,Tom_Jones
25e8da98-6213-5fdc-8982-bf927bdb0eff,lfw,Osrat_Iosef
25f22d1c-0674-596d-88f3-0fce2c4fb684,lfw,Anthony_Hopkins
260836ac-284e-5fa4-b483-4f03847638e8,lfw,Larry_Donald
260ebc74-a862-57ed-b286-6ac738c1a058,lfw,Andrew_Jarecki
2618466d-501a-588d-b24d-d84507e279a0,lfw,Britney_Spears
261a1d13-0e7d-56f0-9e88-3522424803c6,lfw,John_Marburger
262a41a6-6899-5392-969a-38b932a5e18f,lfw,Don_Meredith
263dbdff-8845-59ff-aaf0-03c20447af2e,lfw,Paul_Wellstone
265ad43e-a5b1-5803-b070-292ce01bd576,lfw,David_Gest
26817a8b-2636-5664-a4d0-426520022519,lfw,Fred_Wilpon
2685a136-0e63-512e-8e4f-c9f707d07b2e,lfw,Richard_Norton-Taylor
2689a757-a6ef-5653-8193-d11c2f1ce840,lfw,Hanns_Schumacher
268cedb3-672e-5f2d-bed4-5b5d30427ce0,lfw,Hector_Mitelman
269a2c6b-ef22-5f6b-b659-b888656dc9fa,lfw,Miguel_Estrada
26a8fe55-4a98-50a8-8d04-d68ed9f97684,lfw,Kevin_Costner
26be0a0f-0c23-52d2-9765-a83be7fd949f,lfw,Kobe_Bryant
26d129f3-c2dc-5a28-a3ee-09f6328d6693,lfw,Sam_Mendes
26d3397d-fe34-5deb-8016-b03b1ea29747,lfw,Laura_Gobai
26d3ff4b-b14d-555c-a3e0-a7ac3da9ccc6,mfr2,JustinTrudeau
26d7d466-a236-5edd-ab5f-87de6a82efa0,lfw,AnFernce_Negron
26dc2e41-0257-5b67-b7cd-ec255a48331b,lfw,Milt_Palacio
26e06e4e-72b9-591d-919f-90b8fdcad780,lfw,John_Fenn
26e2ad16-db6a-591f-9adc-872ce45968ab,lfw,Duane_Lee_Chapman
26f73120-0f0a-5494-b79a-ee1cad3f9e49,lfw,Bill_Callahan
2700e1e9-1e1c-5bb6-a53d-6482ec077a16,lfw,Dan_LaCoutre
2709fa50-e5f7-54f7-a94e-ac85e388694f,lfw,Dan_Snyder
27141964-a3b9-5743-b07a-80a91ecce9e6,lfw,Bridget_Fonda
271ad1c5-5dee-5011-bb19-5320199ff496,lfw,Richard_Lugar
272108bb-0e94-5bf0-be49-d8275eeef297,lfw,Diego_Colorado
2739291f-9bd0-53aa-8f29-71d9ad035a1a,lfw,Juan_Carlos_Ortega
273bf41f-2ad5-5888-a341-9b3f88e78ea6,lfw,Grace_Brinell
273c4d85-81a9-50d1-a8e5-c9c151f1d918,lfw,Debbie_Allen
273f406c-8dd8-5979-bfda-4035309715da,lfw,Nicolas_Cage
274ed721-edb9-5f9e-8cbc-a3f7b89cea38,lfw,Princess_Victoria
275035a2-1197-59d3-b875-c72fc5de52be,lfw,Rick_Pitino
27545bf7-47ea-588c-be71-85482337679c,mfr2,BenAffleck
2757b83b-785a-5087-9deb-ba229888665d,lfw,Steffi_Graf
2758bd3b-d3ca-507c-840a-ba4849a3a3c5,lfw,Sonya_Walger
278a93df-6804-50d4-9bf8-8eadee75e7e5,lfw,Andrzej_Tyszkiewicz
278e1520-2468-5620-af24-564307331b2f,lfw,George_P_Bush
27996dc3-52cd-525a-b8a7-4343f27f3c5c,lfw,Diane_Ladd
279b7682-3bb5-590e-a053-3096856890ef,lfw,Pyar_Jung_Thapa
27c9782e-9cfa-5211-931d-349bacba3c14,lfw,Javier_Vargas
27d09fd2-6264-52c6-98cc-5c7d0b700b27,lfw,Sofia_Milos
27dd2fdf-3832-5653-a6a6-01fd1c8c5826,lfw,Tina_Brown
27ea6245-1bef-5252-b8ad-79dd04b6f22b,lfw,Robert_Mugabe
27f01cd5-7211-573a-a873-9d3469919af7,lfw,Sarah_Jessica_Parker
27f77196-c834-5d33-81ff-7b4a3bcaa037,lfw,Robert_Hanssen
2811e332-c8a3-56e3-99cf-d32230e60e3b,lfw,Milt_Heflin
28137b2d-0a10-5304-b3ed-457ba57563bc,lfw,Herbert_Haupt
281c3926-84f9-579d-a5ed-b2d307584efe,lfw,Carolina_Barco
28286c85-2f39-585d-8d14-8273407a8f9a,lfw,Taylyn_Solomon
282c8c7a-7d01-53d4-b155-e09d05d46b83,lfw,Margerry_Bakley
282ef7f4-bdea-56c0-889d-146122c165a4,lfw,Pascal_Affi_Nguessan
283d511e-92e4-5b74-b7db-6a20d5035c2c,lfw,Andy_Graves
2849473e-1bfb-5eaa-82ea-4557db5dd38f,lfw,George_Pataki
285dfa74-4b45-5204-9b9a-aefdceb594d0,lfw,Silvia_Farina_Elia
285e7178-05ef-5276-ab47-94c63951b8ad,lfw,Steven_Spielberg
2868198a-2ec9-58d2-8300-164971c8ba3c,lfw,Suzie_McConnell_Serio
286c00e4-aeb5-5974-82e8-5877fb526784,lfw,Phillips_Idowu
287099d6-922a-57e0-8ac9-5b1dfbfdadf7,lfw,Akmal_Taher
287d27c8-640e-5412-bf05-5208db30e223,lfw,Kent_McCord
287d8865-d37f-56c5-ae49-6680c28d1175,lfw,James_Coviello
288d2663-215c-5058-97c0-ca67abbba3e2,lfw,Charmaine_Crooks
288ea260-6eb2-5645-bf13-5c1bd5d09c8a,lfw,Nathan_Doudney
28bae6df-643b-55a8-bb6b-e475d150a590,lfw,Coleen_Rowley
28c82ad7-b2f2-5871-b412-ec94569ba739,lfw,Brandon_Larson
28c832f7-ed40-53f4-bb9f-ed02fa1a17c9,lfw,Daniele_Hypolito
28ce2902-e87a-51b1-b806-dd9f62bff9a8,lfw,Henry_Kissinger
28e84d8d-4207-5cb5-af81-8a44e144c78a,lfw,Stefaan_Declerk
28f7ae2f-b527-53e9-8b67-dabc16a2125d,lfw,Ben_Curtis
291bcca1-8485-5545-a4fa-9d9193530d8a,lfw,Cassandra_Heise
2920fbb4-1d2a-58ee-9d1b-58b663f4efe3,lfw,Mariah_Carey
2922ed64-b0b8-50b4-9141-cfdfe3fa43ae,lfw,Sam_Brownback
2935fc23-4258-57b3-9406-769ffdc84436,lfw,Dan_Quayle
293abe9c-f94b-5a6c-8648-d12147a6eb11,lfw,Scott_Blum
293b491e-61bb-5f50-915b-f51ffe27215c,lfw,Roman_Polanski
2943f24f-8814-5e0e-b74e-c162d110aeaf,lfw,Brandon_Jones
2946ff2b-fbc8-57ed-afed-de23be8140a4,lfw,Anders_Fogh_Rasmussen
2952253b-536d-527c-bf68-499778ec3591,lfw,Stephen_Arigbabu
295291e8-e335-5c6a-8e03-90d28b261e76,lfw,Steve_Cox
296cff29-85b8-572b-9789-8503bc85ec6d,lfw,Sean_Townsend
2978359a-f41a-5e12-8434-1ecfe56b710f,lfw,John_Richardson
29935ea9-cb2a-5bec-b4bc-bcbc87c497be,lfw,Farouk_al-Sharaa
299e2a40-2b42-5326-ba9e-778fa81258e5,lfw,Juanes
29ca6a9f-5a1a-50e6-8e5b-930427e2bd94,lfw,Feliciano_Lopez
29d883ad-09e3-5092-97d0-9aebf79d5ac4,lfw,Clara_Harris
29e549a6-3bbd-5dbe-86f6-1e5e68ff6326,lfw,Alejandro_Avila
29e85084-f10b-52fb-85b0-94366da3d6fd,lfw,Yogi_Berra
29e92236-f98e-5eef-a7d3-e4c471a049eb,lfw,Jason_Vale
29f74737-20bc-54e6-8e37-c57f5b82747f,lfw,Jose_Viegas_Filho
2a0bf0e6-db09-5af6-9b11-7e043b644104,lfw,Yevgeny_Kafelnikov
2a101d67-380b-5901-b39e-6765c5216a7f,lfw,Sheila_Wellstone
2a1722fc-48e1-52cf-a6a7-0b4178acada3,lfw,Brian_Grazier
2a25ef17-28a0-561d-b73f-2ff7b8d0c46b,lfw,Princess_Stephanie
2a27cfb5-420e-57ee-9795-e0f72518600f,lfw,Ion_Tiriac
2a30a87c-37f8-5321-851d-a41d0b56191d,lfw,Keith_Van_Horn
2a4f910c-c87c-53db-b16b-6867d449ba4f,lfw,Luo_Linquan
2a510e28-5321-51f1-a42c-6bbe27c9d00b,lfw,Jerry_Colangelo
2a59e397-b0d5-55bd-b743-218f77819908,lfw,Vaclav_Klaus
2a6206f8-c308-5fb7-805e-57da6a19b42c,lfw,Malcolm_Wild
2a6bd88d-dc40-5853-8ad5-fe4d6b612e66,lfw,Naji_Sabri
2a6c3abf-9756-5379-9c11-7f4bbe05aa56,lfw,Nick_Turner
2a852a85-5c85-5800-a756-cf400038c21e,lfw,Hilary_McKay
2a8fe88a-9944-5090-89c2-239018b28f12,lfw,Fruit_Chan
2aa0b30d-e5e7-54cb-b38b-5a100daae42d,lfw,Alastair_Johnston
2ad6c11c-6a02-562b-a67c-8acdd521542f,lfw,Ishaq_Shahryar
2ae2503c-c29b-5680-9bab-3ac05d02b222,lfw,Larry_Wilmore
2ae36852-fba8-5a13-9e7c-30e6f5c826ae,lfw,James_Meredeth
2aed4047-1267-554a-a1e5-c70f8ef761c0,lfw,Barbara_Felt-Miller
2afedf72-bf4a-5181-b4ad-3be8a29c7a46,lfw,Scott_Verplank
2b056962-59fe-5e00-b0c9-e7f59f6692d9,lfw,Chan_Ho_Park
2b1f0406-f25f-5f2f-9e09-0ed2f3014a30,lfw,Corey_Maggette
2b23a69e-1874-5ee0-8411-4685e3d600d0,lfw,Ian_Huntley
2b2849c7-fa1e-581b-b683-5fef7f4551a8,lfw,Susan_Whelan
2b2c0939-6777-57c9-880b-b752f2ef3b0a,lfw,Floyd_Keith
2b37d6e8-6a48-5b11-991f-dc2cd4ac2034,lfw,Nate_Hybl
2b39cd76-63b5-5029-a717-684cf0d5bf3c,lfw,Mark_Leno
2b3c3643-4645-5ee4-8e1a-7a0cb78d7ab9,lfw,Buzz_Hargrove
2b3e40b6-1b2e-5ec7-bc2c-c459935302b1,lfw,Jake_Plummer
2b3fa94a-9869-5c28-91d6-6ec252cd3235,lfw,Roy_Rogers
2b46b209-e82f-51b2-bca2-87569e344527,lfw,Rina_Lazo
2b4b9f03-8dc3-5eca-8a00-edfcedf3732a,lfw,Dick_Latessa
2b5384a4-ce26-5fea-9a81-4a6ae2a71509,lfw,Masja_Juel
2b54d005-e91d-5a16-98c0-0796f53f2804,lfw,Dwain_Kyles
2b805407-25d6-5fc6-b064-dd68ee091870,lfw,Maria_Soledad_Alvear_Valenzuela
2ba00f63-f189-5a0f-be48-9148e5282f0b,lfw,David_Donohue
2ba08137-7db2-5bcc-b532-a1450443facd,lfw,Willie_Nelson
2baa229d-2d67-5541-ad30-a5ebf7946e3d,lfw,Ahmad_Masood
2bb0241e-5612-58cf-9117-837c62885515,lfw,Noel_Forgeard
2bbaee19-267d-5914-9558-c9ea33a98f79,lfw,Cheryl_Tiegs
2bbaf039-fdd5-52c6-9d3a-fbc40b7691d5,lfw,Gabriel_Jorge_Ferreia
2bc7eb40-7c1d-5c69-ad82-cef55685e46d,lfw,Richard_Sambrook
2bcc5f42-525b-50c9-a75a-178ad566ec30,lfw,Anna_Chicherova
2bcd627e-b427-5f9e-a575-e93be6d08b82,lfw,Gary_Sayler
2be0165e-f412-5226-908b-2ad5dc3327f6,lfw,Jeff_Van_Gundy
2be4139c-201b-54e5-90c7-0f8b595a5ed4,lfw,Pier_Ferdinando_Casini
2c071c0c-5c54-5859-bedc-c012180958bb,lfw,Pat_Cox
2c30bd29-2fdc-58d5-819f-2b460ab0ac1f,lfw,Tom_Foy
2c38213b-c866-5198-8a16-d144a72679b1,lfw,Carmen_Electra
2c3c915a-6333-53d9-87a7-5bfb8844d3da,lfw,Alvaro_Silva_Calderon
2c4187ea-fe5c-5a4b-a002-d1c5140740b4,lfw,Philippe_Gagnon
2c50f163-7289-586c-ab2e-085d49a434f5,lfw,Corinna_Harfouch
2c55205e-6f82-520e-8165-ec621c4a2c7c,lfw,Michael_Chertoff
2c5ef77a-722d-5ccd-98ff-5adda87e546f,lfw,Tom_Curley
2c80c195-fb7f-599e-af52-2a6dcc0f419b,lfw,Tom_Watson
2c81292b-662f-5455-9230-f070ddfd76fd,lfw,Natalie_Imbruglia
2c8474d9-6b1d-56e0-b3ec-26150df86006,lfw,Tim_Salmon
2ca3cfdd-d93f-5cd0-9dfe-2a7f5e5f5b64,lfw,Turner_Gill
2caaaf24-2265-5ce3-8d02-3ee8d94f0ba6,lfw,Festus_Mogae
2cab3a45-df2d-5094-ba3d-4c3ff869d340,lfw,Natalie_Stewart
2cb3f2db-4d7c-5293-b805-a6fd0737f032,lfw,Roberto_Guaterroma
2cc6513e-dd7c-5d89-a564-8eeeb95d0c4d,lfw,Elisha_Cuthbert
2cd5a2bf-e9e5-5119-a2c8-a5d41c48b8f6,lfw,Zalmay_Khalilzad
2ceb0338-24c5-583d-bc81-1d63fef39aee,lfw,Uri_Lopolianski
2cec90ba-1f54-5a9e-8788-3c97dedfe571,lfw,Paul_Henderson
2cf6042a-09e2-5c90-8613-8bd88849ec9c,lfw,Brandon_Webb
2cfcea51-9b90-5e72-94f7-797b7f42c579,lfw,Dany_Heatley
2cfdf67b-38ed-5c23-93ce-96fe21ddb769,lfw,Juan_Antonio_Samaranch
2d0025fe-d012-5f50-a718-6752ce3a56b2,lfw,Seymour_Cassell
2d37dc84-ed4b-54aa-b6a1-fce0b4204240,lfw,Hal_Sellers
2d4fb189-d437-5be3-b9f0-b3cc6876e99e,lfw,Harry_Kalas
2d52b02a-d847-5db0-93f2-b4b9d7c5b268,lfw,Kenneth_Carlsen
2d561ecf-c4d5-51cc-bd33-f74e6873335c,lfw,Juergen_Braehmer
2d610631-dd50-50e9-869c-d76cccc469ba,lfw,Bernard_Siegel
2d6b04c8-fed1-503c-ae64-6f7b4e702c8f,lfw,Andrei_Nikolishin
2d8822df-5e67-5801-963e-674615a14309,lfw,Sahim_Alwan
2d8e7dbb-c17d-513a-9e46-5f1c8ce81389,lfw,Kenneth_Evans
2d9713e4-8816-51e4-a395-8ef7390f36cc,lfw,Anna_Kournikova
2dba69eb-47a6-554a-be11-a958955e208c,lfw,Richard_Armitage
2dca781c-a6b1-5cab-afb3-711a7f092ee8,lfw,Akbar_Hashemi_Rafsanjani
2dcc56ce-fed5-5fbf-8f35-3c823ae21a0f,mfr2,MikeDewine
2ddcbaea-ab11-5bdd-9718-6c23d535bcdf,lfw,Carin_Koch
2de57a9d-0f7f-5a5d-bf6b-186395314a8c,lfw,Martin_Howard
2de7c080-0523-53b6-8c8d-879e3b9b69ec,lfw,Chok_Tong_Goh
2dfb9631-51ac-53b2-8d7d-4a1f3c737a88,lfw,Yory_Boy_Campas
2dfff67b-2dbd-53cd-9ec1-a9b179cb1cc3,lfw,Linda_Mason
2e018b69-da09-5a5d-9438-cc3a8caeac41,lfw,Rohman_al-Ghozi
2e056f04-181c-52c5-94c4-7abdec6f6bb2,lfw,Steve_Cutler
2e218c2a-99d4-567d-846b-0ebd2b6cf6ff,lfw,Robert_Tyrrell
2e2d8f78-bb57-55a2-9cb8-5eedc882885c,lfw,Mark_Philippoussis
2e3f1744-078a-592b-ba7f-b928b651fa20,lfw,Mark_Broxmeyer
2e579a13-af62-5b54-9414-d32cbbbd7444,lfw,Juan_Francisco_Palencia
2e6b4ddb-20b3-5a2f-8986-b4037967d60e,lfw,Edward_Norton
2e6cbe60-1a58-56ec-ace2-152619b9f35e,lfw,Dinora_Rosales
2e7f6afe-3ff0-524d-8970-be40b00ea66b,lfw,Terry_Lynn_Barton
2e844ca8-fad5-5487-aa48-6ba698524583,lfw,Ignacio_Antonio_Velasco
2e9c48ba-cbca-50c9-9a06-560265399cf0,lfw,Vladimir_Putin
2ea0c2f3-cfad-5d0b-b0c5-1183fe7cb184,lfw,Roger_Federer
2ea316f5-4bfd-56e4-baaf-58f57d6e793f,lfw,Daisy_Fuentes
2eb58b6b-ea1c-579d-9e14-87e15ada045f,lfw,Elijah_Wood
2eb6cdec-88d2-5dce-9e62-90abd7a026dd,lfw,Sila_Calderon
2ebf052d-d0c9-5a91-98bb-3f1665be1765,lfw,Oscar_Bolanos
2ebf59e0-240b-58cf-a04d-2091bccfe2c9,lfw,Alexa_Loren
2ec87ce4-814d-5aa4-aace-e2551aad04a5,lfw,Stephen_Glassroth
2ed190ee-a894-59d3-9abf-9b25cd3067f5,lfw,Christina_Sawaya
2ed190fc-8b12-5136-b40e-5f3daba4ed98,lfw,Emily_Mortimer
2edd628c-0395-5342-a95d-983a4ea0e073,lfw,William_Morrow
2f08ca83-69b0-5005-a0e1-e88b80693d3d,lfw,Han_Sung_Joo
2f1278c0-6180-50d9-a689-b0d75ef714a6,lfw,Sam_Bith
2f1b9f12-c7a3-540e-8f90-e084505ab0fe,lfw,Kurt_Tanabe
2f1e8cdf-5754-5f23-95fa-764900f808d5,lfw,Lesia_Burlak
2f21d92e-ec97-5ce4-b0cf-b2ffb3e59b02,lfw,Ray_Evernham
2f24245c-2ffa-5e13-9392-9412b9c5342f,lfw,Wanda_Ilene_Barzee
2f24b44e-f559-5158-8789-37f5ac55a8c9,lfw,Rogelio_Montemayor
2f2a08d7-d53e-59ed-903d-aa694f482db8,lfw,Jesse_Helms
2f2a4ea1-673b-5252-bff8-414a5a0db829,lfw,Ray_Allen
2f3d552e-83be-555e-97e3-03f6cd74cc02,lfw,Jan_De_Bont
2f457e47-2911-54a6-87b9-786142a4d4f8,lfw,Colin_Montgomerie
2f48cb04-9b5e-5961-bcd4-32bed668ee05,lfw,Gaston_Gaudio
2f566a68-b3f3-5f09-993f-b6fe11572f19,lfw,Carlo_Azeglio_Ciampi
2f6403ce-a4c5-5a9f-91ab-158f1a13620e,lfw,Mark_Mariscal
2f6ce99e-e016-56cc-8182-cc27fcb4be91,lfw,Leszek_Miller
2f737842-34b5-5658-a773-9ffef2e48e69,lfw,Robin_Wright_Penn
2f7b553b-a93f-536d-a282-e03106ac2251,lfw,Michael_Piuze
2f7ffbd9-1987-58b8-b95c-c7e59e236c2a,lfw,Sonia_Lopez
2f8d214f-5cca-5b5c-830b-672acfa76112,lfw,William_Swor
2f9162ee-1c67-5159-b170-7e745689baaf,lfw,Jason_Priestley
2f9b6312-c0e5-5e09-a200-a9243185186a,lfw,Dennis_Oswald
2faa8da2-61e1-5508-a7db-f13287ab6fe5,lfw,Anthony_Scott_Miller
2fb07e5f-5d38-5af8-bc95-68285595f4ef,mfr2,YurikoKoike
2fb62fd5-6868-54d3-a008-9721c39fe44d,lfw,Michael_Douglas
2fc124f1-6a0c-5bf1-b186-8f24e8f7a6df,lfw,Brendan_Fraser
2fc565a8-6cbd-5338-b99e-c798a3f5635a,lfw,Princess_Hisako
2fc6d806-4e0f-55b1-a6b4-29ad29ef1c41,lfw,Judy_Dean
2fcaf45a-19ec-5e0c-8557-26ec0fb2f1c8,lfw,Duncan_Fletcher
2fdd33d4-9820-531f-95b6-27c53f68af71,lfw,Ralph_Firman
2fe64567-d149-54f7-8ef3-fb773a9d9483,lfw,Nicole_Parker
2ff1330c-6fb6-5a35-b174-516737d33daa,lfw,Alexandra_Rozovskaya
2ff13f18-74c0-55ae-85d3-5ea090209f70,lfw,Camille_Lewis
2ffca292-c0cc-5565-b390-fd2d7c19e011,lfw,Rose_Linkins
3003f44c-cc54-5b1e-90fb-76e33db6c49f,lfw,Terrence_Trammell
30056206-2d9a-5524-a95d-e348163c0056,lfw,Mike_Sherman
300f1e0d-90b5-5578-beec-a0d10a29065d,lfw,Fred_Eckhard
3015e610-a80c-551d-880d-07fcc1a7b3e3,lfw,David_Sousa
3020d62b-a822-5d8d-b19b-bdbaeb48ced8,lfw,Leticia_Dolera
30353d60-fbb2-5b5e-9f63-f8bc93ab0a07,lfw,Erin_Runnion
304423c9-521c-51d8-9332-86e346a80eb5,lfw,Robert_Duvall
305b2dae-4d69-53e0-89ef-96707994e32f,lfw,Sandra_Milo
306092d7-c564-58e3-802f-8c5cd850b158,lfw,Jean-Marc_de_La_Sabliere
30713865-fdd4-5a28-96c1-6c971860e03a,lfw,Stella_McCartney
3093da70-a7a8-565e-8fed-403de3d84bec,lfw,Gracia_Burnham
30b536ef-f873-5449-89cf-1e938d657263,lfw,Patrick_Rafter
30c935ae-2951-5fd2-9eac-79ef0b060172,lfw,Carly_Gullickson
30dbda0c-3362-5eb8-bf7b-1e4b89419268,lfw,Fabrice_Santoro
30dd20e7-ef63-5fcf-a306-19bb0685fb8b,lfw,Nadia_Petrova
30e33833-db99-534d-8aeb-328398e41d32,lfw,Steven_Tyler
30f1e729-4596-555a-b916-ffc644ee5f4c,lfw,Yasar_Yakis
310d48e5-bb38-5b6a-95a1-8ed7bd7782e5,lfw,Tom_Scully
31183336-5423-50ba-8d2b-88abb0a270f5,lfw,Barry_Diller
311a6715-0c90-58ce-9ceb-94840a7f1825,lfw,Andrew_Luster
311b2f8c-8a0e-52b1-bfe3-c5ef5a820941,lfw,Juan_Carlos_Morales
312a2517-2616-57e2-b3cf-314944519d94,lfw,Fernando_Velardez
3139327b-6ca9-58ae-b8d6-7553e55a0e97,lfw,Franklin_Brown
313a1180-b430-5dbd-b303-f523e90faf59,lfw,Daniel_Coats
3144dba9-c050-59e3-ab28-b000caacbd35,lfw,Howard_Stern
31468eb8-6dba-59e7-8d0e-f547581a17c4,lfw,Nila_Ferran
314d75f9-cd3a-5ae3-9025-1ff3a7ff24b3,lfw,Hans_Leistritz
314ea058-1ea0-5d14-b884-e0d31ba8a2c8,lfw,Luiz_Felipe_Scolari
3165b39d-cf6b-529d-a23a-427406267efc,lfw,Michael_Boyce
317a2134-8027-53e0-927a-3652f328beb1,lfw,Beth_Blough
3184cc6c-2b04-5e68-8e72-8b89afb3a141,lfw,James_Gibson
31869a2c-16d7-5961-a3cb-d197c579deb3,lfw,Saadi_Gadhafi
319ff137-b39c-5ffc-9fad-d6cd3d55a35a,lfw,Art_Howe
31a311fa-4334-52f4-bd4b-ec1e2f50ef07,lfw,Angelina_Jolie
31a88c1f-b0b3-5199-b4cf-ec185db01f1a,lfw,Christine_Baumgartner
31abf149-6505-58c2-8766-8ba8524780c5,lfw,Jennifer_Thompson
31b09baa-5ca1-57a2-b278-2b67b6f5a8d6,lfw,Gabriel_Valdes
31d8d653-4b17-5fc9-82c2-c719294c6130,lfw,Na_Na_Keum
31d91e9f-de29-5a55-ac0c-c0a1a9c3ba44,lfw,Gene_Autry
31e033ad-0774-5efd-a1f6-2ac539b30729,lfw,Elodie_Bouchez
31e58862-d6ee-5637-9a3c-0888764b950b,lfw,Ana_Palacio
31e75b0e-3401-5f5a-bb62-e29ccd31ba1a,lfw,Werner_Schlager
31fde3ca-8f37-5994-a8ca-9c45d275ec44,lfw,Brian_Van_Dusen
32188295-c446-5f1c-b17f-69d3470ed32b,lfw,Jonathan_Tiomkin
3218c9cf-87d7-5e50-aa19-6ec4b31d23cc,lfw,Thomas_Klestil
32218087-8b92-5953-891d-9bb8007da300,lfw,Ben_Davis
3224e0e3-478e-54be-a626-cd874f358b55,lfw,Joan_Dangerfield
3228deca-4ca7-5ca4-be46-2e65246d217a,lfw,Ulrich_Kueperkoch
32298218-f5d1-5dcf-a81c-ed3f382ae6ac,lfw,Elijan_Ingram
323b07d7-a0ae-585d-b133-b9a28e2ae4bd,lfw,Placido_Domingo
324d573f-1295-5dd6-ae69-47ddcc9955ad,lfw,Russ_Ortiz
325cece6-5268-5a5a-bcc8-667f780fa410,lfw,Harvey_Weinstein
325eead2-90a6-59e9-afdb-3e80c9a406ba,lfw,Mahdi_Al_Bassam
3260dc47-3802-5b06-a09a-f921eab9486d,lfw,Marie-Josee_Croze
32669693-33f0-544f-8367-711c51197965,lfw,Pierce_Brosnan
3266e8af-ddd2-5df5-9dae-97ad6c4e5c91,mfr2,XiJinping
32713f02-70b6-5ab2-a0d9-3ce7e0e54989,lfw,Joe_Carnahan
327d6eda-8ed2-53b1-876c-48aaa6584885,lfw,Bryan_Cooley
328ae495-65cc-5d49-8326-610e9ccf7b5a,lfw,Nancy_Greenlaw
32a0b928-9c21-5111-abf8-eccd67eba940,lfw,Missy_Crider
32be0c09-b1ce-54fe-8710-6e54e22304ef,lfw,Lesley_McCulloch
32c56e67-ae11-5f40-99a3-6f2b18a16a91,lfw,Alvaro_Uribe
32ceee36-9c14-59bc-82ba-fcb739c1c706,lfw,Jeffrey_Donaldson
32d2965b-a41f-5973-abc6-18368e0ed077,lfw,Kurt_Hellstrom
32d3a9c8-1c33-5f7a-9557-ffc8756b125f,lfw,Audrey_Sauret
32da92d0-cd32-5849-83e9-23afccbbb831,lfw,Clint_Eastwood
32dc6555-437b-5834-9c00-ab0ef8370cec,lfw,Bruce_Van_De_Velde
32dc7795-1b88-5542-b6b1-316c718d92e6,lfw,Nathalie_Baye
32e70c9d-a760-5ee4-bc44-bb2b0113a182,lfw,Yuri_Fedotov
32ece2db-c673-5f6e-81d2-e1923f083241,lfw,Laura_Morante
32f0e57a-1e1d-5b51-9d3b-3c6908e11520,lfw,Abdul_Majeed_Shobokshi
332103f0-d776-5148-8442-4c13511b826a,lfw,Michelle_Lecky
332ab698-18fd-5c6a-b40a-79be94b8b5dc,lfw,Hugh_Miller
333883a2-9dc3-5d96-a1a5-4eb6ddf8916b,lfw,Chita_Rivera
3342307d-d096-50f6-b453-fd69db548497,lfw,Carlos_Queiroz
334677a5-c6f4-5b48-b513-cf5ecc16ce43,lfw,Pio_Laghi
334833fe-816c-5f71-9a46-2b9366879eec,lfw,Tony_Bennett
335cade4-0da3-58c8-9b89-6d6cd27f3c9e,lfw,Adam_Sandler
3364bdb9-bb17-534c-91fe-5b457859f1bd,lfw,Justin_Timberlake
3366635d-ae28-56c0-9d0e-02585e17f198,lfw,Mike_Szymanczyk
33713ec8-87ba-539b-8425-2721c629dc42,lfw,Kevin_Millwood
337398a0-2707-5f58-bf90-4201d84ce142,lfw,Heather_Chinnock
337d18e8-1fa7-561d-a8f6-5bd6f9813085,lfw,Nicole
33823c10-fd91-5c5b-967b-973384cea947,lfw,Jacques_Chirac
338f7f4a-f330-5e83-a024-74a31b1f5bb5,lfw,Tony_Fernandes
339390c0-4842-57f8-9c02-03f70f641c5f,lfw,Huan_Chung_Yi
33975c50-e956-5733-a152-5be803f0c256,lfw,Darko_Milicic
33b0ddbe-9b96-5867-bb9a-0328ed4418de,lfw,Mary_Blige
33bf4b2d-0398-5aef-ac53-64a7a8e9a604,lfw,Prince_Felipe
33ca2277-adbe-502e-bb66-31631d849fec,lfw,Jan_van_Breda_Kolff
33d8068c-3e4a-5a22-93b0-6da50c8a7efe,lfw,Frank_Solich
33e414b2-fe67-56d9-af33-89907d3862db,lfw,Cristina_Fernandez
33ebf88d-46c3-5b08-bfd9-f4df409fc3bd,lfw,Claire_Hentzen
3403a17e-27dd-53cd-ac2b-3cbd68c08c73,lfw,Tom_Hanks
34068415-2d24-53bc-8ed5-bb864f8e57c6,mfr2,PharrellWilliams
340fa231-8b12-5b1f-9a4b-39779ff4d475,lfw,Ronald_Post
341348cb-fdc6-574a-ab14-662b7ea7b28d,lfw,Phil_Gramm
3447a2cd-4190-5c2a-95cb-0d408a1b0919,lfw,Thomas_Watjen
34726506-0881-5b80-8d6f-9d817e291772,lfw,Maria_Shriver
347a705f-2e44-5e53-82ac-db3d54006f63,lfw,Joe_Gatti
347d7426-6318-5742-a5d1-21e731b1a551,lfw,Michael_Goldrich
34846229-1c5f-56e9-80f8-26e026bd5ef5,lfw,Jamie_Dimon
349d1b1c-36cd-55db-914e-c04b7a00426b,lfw,Paul_Celluci
349d70e1-683f-5a2d-ad74-64c0f29f50cf,lfw,Abid_Hamid_Mahmud_Al-Tikriti
34b3b51a-62cf-5c8e-b876-d53595d966b0,lfw,Peter_Camejo
34d4b03b-1df3-5bb7-9b59-89588cce70fd,lfw,Wen_Ho_Lee
34e601e1-91e7-52d7-bc36-81d5a17c165c,lfw,Yana_Klochkova
34eb9c88-cdcb-5b70-b396-662ad353b71d,lfw,Robert_Schuller
34ebfbc6-8d57-5c29-b430-bbfe1e4077ad,lfw,Steve_Case
34ff2e96-ca06-59a7-bb4c-de6083aab3df,lfw,George_Plimpton
3502f60a-c731-5ce7-be8c-909d8a3353ad,lfw,Luis_Ernesto_Derbez_Bautista
3505e7d1-fff5-50a3-b0d6-33aa50aac668,lfw,Hugh_Jessiman
350d92dc-704d-5790-b0d5-23db3b21223c,lfw,Colleen_Ryan
3517045f-3ab0-59f1-b3e8-315070b81dbd,lfw,Queen_Noor
35234709-06ec-5fc3-aae3-e803c2120837,lfw,Nathan_Lane
353f6a57-08b8-581c-9c90-f327b3ded6db,lfw,Wang_Yi
3543c8ad-84cc-5dd4-943b-d5592c74ee39,lfw,Mary_Anne_Souza
35586fbc-8025-53d2-a854-dbf560a21bd9,lfw,Michael_Linscott
35595a04-21da-5e76-ba1b-97a7e5a3eb7c,lfw,Douglas_Paal
355aeeb4-5d94-5828-816e-d46d68c13508,lfw,Anthony_Fauci
356aae97-d7c8-5502-8c09-32e729615671,lfw,Desiree_Lemosi
356d5c74-7b96-51f8-854a-bb232451978a,lfw,Benito_Santiago
3578bb65-6a90-5a3c-a84e-85bf089987f6,lfw,Neri_Marcore
3580cd6b-5265-5641-a8ff-7f95452774d4,lfw,Roman_Coppola
358fb3e0-f84e-599c-97ab-af912a74bfc0,lfw,Frank_Hilldrup
35911ac2-228b-5e17-9e9a-49ec85297a4c,lfw,Bob_Cantrell
359d304d-1113-509a-8d24-a7f5daf303e5,lfw,Michael_Kostelnik
35a83dbe-0505-5a60-86bb-baa13361aab8,lfw,Adam_Mair
35ab2832-9230-5f25-a15a-b2a1bb0b9d77,lfw,Candice_Bergen
35c47454-43a9-5e6d-8af8-e390f6a3fb41,lfw,Nancy_Reagan
35d1e2ff-132e-5720-8736-bf4216b4feb6,lfw,Catherine_Ndereba
35d39859-2110-58dc-9ccd-6a40ff30ec6b,lfw,Howard_Stringer
35d7c531-013a-58ea-ba70-8093fa647402,lfw,David_Hanson
35ddd766-3606-5183-8923-0fe0b1249684,lfw,Alex_Barros
35e1e3ec-4496-5cf2-95da-22f45988fdf2,lfw,AJ_Lamas
35e33a3f-b881-5a23-a1a8-22a5dd06abdd,lfw,Kai-Uwe_Ricke
35fb9189-5045-5e10-a5ca-cf0481df2c82,lfw,Martin_Scorsese
35fdad0a-435d-5b02-aef6-fe0a1ab923d6,lfw,Harold_Brown
360cdc7c-910f-5406-aed4-fbe725f0b27c,lfw,Gerard_Butler
360df8f0-e6e9-5b0b-a2a2-87226b0402e7,lfw,Emmanuel_Milingo
3641a7de-b6de-5b6e-aea6-61d37f5de518,lfw,Pierre_Van_Hooijdonk
3644026d-211c-5c8e-bc68-0f7303bc4171,lfw,Alex_Wallau
364b20d0-e2bc-5e0d-b2fb-b0ec8430b792,lfw,Justin_Gatlin
3655c4be-ff4a-58fb-9101-c45c63c50fec,lfw,Robert_Morvillo
3659e87f-8e56-568d-a7d4-4c713d6edafb,lfw,Abdullatif_Sener
3688c936-dcd3-52d1-b099-ec9055110907,lfw,Javier_Bardem
368b0e09-fcc6-5277-95b7-85a69ea6b8ba,lfw,Tracee_Ellis_Ross
3691a5ce-a16e-511e-8781-d382913d0e9a,lfw,Chris_Andrews
3692e963-a27b-5484-aaf6-8e065af34f8b,lfw,Rhina_Villatoro
3693084e-f880-5da9-84df-5d2636b61a06,lfw,Stephane_Delajoux
36b41ffd-ad8c-5ac4-9533-d6ce14089846,lfw,Lisa_Murkowski
36b539f1-d336-5103-8c66-a56de86a2bb1,lfw,Steve_Patterson
36bcee28-5c14-5d3b-a1f7-cc0456ee9553,lfw,Barry_Williams
36c016dc-4711-5893-b73b-959b3df24628,lfw,Dudley_Rogers
36c635a4-f978-531f-af74-03040ad5e390,lfw,Richard_Shelby
36cc5ca4-9c59-50a2-8620-7e97b559a8f6,lfw,John_Darby
36dd145c-0914-5b31-8e65-22e0d9f823fa,lfw,Valerie_Harper
36e12b04-1ee5-570f-92b1-8e908c384846,lfw,Tayyeb_Abdel_Rahim
36ece8fb-02de-522e-b4f9-6cce559d9512,lfw,Paul_Wals
36f85640-462e-56c4-9e9b-376eaf5d30bd,lfw,Serena_Williams
36f8d292-306e-5894-8911-2148139a658e,lfw,Bill_Lerach
370ffc0e-40dc-537b-8c06-c9e6a3549f4e,lfw,Tristan_Gretzky
3710430b-04fd-59ff-b251-0018a6e78e36,lfw,Mohamed_Hammam
371fe4ac-3966-5a43-8d58-bf2e6c8ffa48,lfw,Robert_Nillson
37394e8d-e4bd-54b9-b7be-1e07499d9454,lfw,Hassan_Wirajuda
373cbe01-1858-57f9-9c11-d3c4a19401b3,lfw,Selma_Phoenix
373e28b5-7d72-5f9d-a8ea-0c8e9f38275b,lfw,Eric_Wedge
374c1808-095c-5f25-9336-032c56bee8a5,lfw,Sanjay_Chawla
375715b8-a08f-559e-a690-8ef8e5643951,lfw,Charles_Ingram
376ee14d-fd29-5dee-938a-c272e0f96892,lfw,Stephen_Friedman
3782c245-ad83-5df6-a03b-912ccaf5d017,lfw,Iran_Brown
3788333a-428b-5162-afbc-3161f93fb88a,lfw,Tim_Allen
379a80f1-5e99-5c69-bd66-ef571ede2388,lfw,Ronaldo_Luis_Nazario_de_Lima
37a019e9-d4fa-58f6-923a-8444714a5564,lfw,Saeed_Anwar
37aeda08-7258-5625-a8a0-0dd7de702a83,lfw,Amber_Frey
37b1a2b0-918b-5398-a8a9-d4e0f021849e,lfw,Manuela_Montebrun
37ba32c9-bb92-58f9-9d23-529d56a5d0fa,lfw,Robert_F_Kennedy_Jr
37bc1fe8-933b-5fb0-9d29-0110e180d59d,lfw,Dean_Barker
37bd5124-c094-5bae-9f08-d330c427947e,lfw,Elizabeth_Pena
37cd9dbb-de22-5127-92af-05a01f8349a2,lfw,Ricky_Ray
37cfbec4-71eb-58cd-8f2d-64ff4d60ecbb,lfw,Marcus_Allen
37dd9fca-4bd1-55d1-9dda-2ef26049d8c6,lfw,Chris_Reitsma
3819ad7b-9c0d-54cc-ab3d-700e331b47ba,lfw,Nicolas_Escude
381e2776-e910-5e71-8a0f-beab4d92eee6,lfw,Oswaldo_Paya
383b731d-2256-5c25-9400-b65a2c87e976,lfw,Donald_Pettit
38404277-df31-5206-9aa6-63345f82465d,lfw,Javier_Saviola
3841a94c-baea-5275-a0b2-639ea8b9c497,lfw,Chadha_Gurinder
3843246c-4a27-5980-9833-8778f9d3798f,lfw,Celia_Cruz
3849248e-3aa5-5794-8835-0fe89f26499a,lfw,Meirion_Evans
385f573c-6db0-5f67-a134-a03c992ee62e,lfw,Koji_Uehara
3870d4b6-3783-5ced-9c7d-523002ca4ae2,lfw,Chelsea_Clinton
387be27e-d6c5-5c3d-9a11-8e94dc8bae47,lfw,Ian_Gillan
38a3284d-c142-590e-aafe-940b772b235f,lfw,Joe_Metz
38ae8062-b033-5fc0-bb37-bac122d9c5c0,lfw,John_F_Kennedy_Jr
38b7f9fa-664d-54bd-b20f-27d72b96c8a5,lfw,Kurt_Russell
38e25d27-5cbe-5e02-864b-a8a722bad765,lfw,Ted_Nolan
38ed51d5-67e9-5a9e-824d-b4eb99b8e615,lfw,Rene_Antonio_Leon_Rodriguez
38f8e1a1-b29f-59c4-90ca-4595dd596097,lfw,Ryan_Leaf
39002c9c-a0cb-52b4-b61f-8fca0bf88190,lfw,Tom_Craddick
3903b6c3-e072-5bf7-9e59-3c9a45a8ce6a,lfw,Stacey_Jones
390b4344-e972-5f09-8a9b-a455eb8f0248,lfw,Roberto_Arguelles
390c4f5b-2c53-5cee-9f74-9f442ce9fcbc,lfw,Tirunesh_Dibaba
3912b671-1952-513a-8021-98bd4e681966,lfw,Darrell_Issa
3918f793-7071-5eb2-ba59-56718a4a7000,lfw,Jorge_Arce
391f7a41-4a64-57a2-88a9-7fb94280320f,lfw,Iban_Mayo
392c5541-199c-5711-8eb5-8ec3b7e1058e,lfw,Angela_Merkel
3931c575-86fd-5669-ad6b-8ce8e6387d0a,lfw,Suzanne_Torrance
393665ad-fc46-5e7c-a033-fa95f0d615d0,lfw,David_Caraway
393b06bd-1b39-5b1c-83ee-7d32ebaeb2d6,lfw,Matt_Walters
393df9f4-1c51-5054-881e-a6c798c0bc76,lfw,Hutomo_Mandala_Putra
3945040a-2c20-5fce-a4e3-47ace260c312,lfw,Jeff_Bridges
395daf0f-6769-54f8-965e-c425e68bffb8,lfw,Atal_Bihari_Vajpayee
39628e6d-6c1f-5faa-bd81-96e488d8873c,lfw,Yoon_Jin-Sik
39663e5f-27b7-52bd-baa7-14e36bba4f12,lfw,Jason_Sehorn
3968cc8c-8fc0-5061-a212-475561e6367f,lfw,Harvey_Wachsman
396b3ea5-6a3b-56d8-82ad-3003b3a81b66,lfw,James_Watt
3972b204-b78c-5a33-821e-e3c00df4d28b,lfw,Roberto_Tovar
39730887-0553-510a-a318-675710aec8a8,lfw,James_Kopp
398ac3c5-1296-5542-a801-b28c7421f9e1,lfw,Tariq_Aziz
398bdb8a-9816-5183-b7ca-801ac0428791,lfw,John_Robbins
39933d70-8dc6-50c6-9fa0-21caac1d645d,lfw,Andrew_Fastow
3996fbbc-912d-5d3c-8c3c-143ac9c43064,lfw,Stanley_Nelson
39a8a0d8-1a39-5c53-87c0-740eec689d73,lfw,Adolfo_Rodriguez_Saa
39b2cc4e-c360-5fdb-a7e2-958fc1b164d0,lfw,Vanessa_Williams
39c85ea0-4798-5bf6-ad7f-f9877113eb9a,lfw,Joy_Bryant
39c87cdd-fea1-5c95-8eb7-751a0777fb13,lfw,Wes_Craven
39cbd3cd-f541-5514-9668-57baf9b96e97,lfw,Michael_Hagee
39fd03fd-ab0e-58b4-a370-1f79ca0ca8e1,lfw,Jon_Voight
3a022ebb-a1c1-557d-b6b3-1cfaa73ebf73,lfw,Goh_Kun
3a0dfd3f-4751-5b51-823f-8660a9112360,lfw,Rand_Beers
3a374a57-7071-5ceb-b31c-596dd2efb1ad,lfw,William_Hyde
3a3f624b-8fde-57d0-bddd-706e28f00ce3,lfw,Rafael_Ramirez
3a667f9f-74df-5e50-80cd-8dd74f1826af,lfw,Raoul_Ruiz
3a831d48-26b6-5794-aaf7-4bd5973e0eca,lfw,Sammy_Knight
3a8774c1-b819-5dbd-86a5-39a7b667e93d,lfw,Gene_Robinson
3a920a49-ef61-55f7-a759-6edf585a7538,lfw,Conchita_Martinez
3a9c09c7-0688-516d-acdf-4ed1e6801693,lfw,Billy_Rork
3aa44996-f643-5cd8-bf3f-5b8c3fec013c,lfw,Frank_Beamer
3ac62e1d-7dbf-5a25-9f93-c8dee638bc98,lfw,Edward_Lu
3ad14ce1-8ab8-5f17-9abb-1d66a06030cb,lfw,Geoff_Hoon
3aeac084-5df6-529b-a631-087cb68b395e,lfw,Nikki_McKibbin
3af45643-78dc-5121-b8d5-1f6df59a3336,lfw,Rainer_Gut
3b04d4fc-d547-58c0-9bf2-1720a9539939,lfw,Gideon_Yago
3b0620eb-536a-5529-abac-74982f1970bc,lfw,Liu_Ye
3b0d30f9-b97d-586b-a283-ad3731320b3e,lfw,Solomon_Passy
3b31826b-8678-5863-9da6-40b9da407e3f,lfw,Norodom_Chakrapong
3b485973-1195-52ea-af24-e984d54e818e,lfw,Fazal-ur-Rehman
3b4b108a-2e61-5515-9000-9df3125fd5ed,lfw,Martin_McGuinness
3b55d1c6-cf85-5235-8051-ab0cc4f753f0,lfw,Aaron_Patterson
3b673e26-9b5f-5b01-b3f5-7e6888ad0d7b,lfw,Bob_Newhart
3b69f366-a249-5244-bacd-4e2773c93f2b,lfw,Valeri_Bure
3b791706-90bc-5dce-8a91-b05a31db50c9,lfw,Timothy_Rigas
3b7b132b-12de-5f19-a0cf-10c270126c1d,lfw,Jean-Patrick_Nazon
3b8f126d-5f98-52cc-9aea-a0cf08bd9856,lfw,Dave_Wannstedt
3b91c0cc-5c32-5fbb-8ece-6d7134a1a404,lfw,Jay_Leno
3b99b9c8-07e4-5f39-b5aa-7cf663648058,lfw,Ronde_Barber
3b9caf95-e625-5218-9ccc-b04b81c3e9b4,lfw,Brooke_Shields
3ba4a477-d6a8-51c5-a408-ea3410cb6bed,lfw,Angel_Lockward
3bb6391f-dd64-5936-b897-65b439eec500,lfw,Martha_Bowen
3bb8ddb6-4b78-5a18-94ab-a43bb996f0d9,lfw,Lynne_Slepian
3bd9a8d9-7488-547a-9758-70fc282c041e,lfw,Paul_Wolfowitz
3bdeaae8-1c96-5497-9abf-54fe1642fae4,lfw,Tony_Shalhoub
3be039a6-3ed4-5f71-b1f7-0ff4b1928849,lfw,Kevin_James
3bec578e-7f7a-50b6-a77d-07e4e7e17237,lfw,Li_Changchun
3bfececd-e4b2-53a5-bf23-b1b62f73b0e7,lfw,Jane_Rooney
3c012c1e-e2b8-5bd4-a743-31554a32a8b7,lfw,Alex_Holmes
3c0647b5-b345-507b-a45e-86cb2fe908fe,lfw,Mark_Rosenbaum
3c11fb79-50fa-52ed-8662-0cb165039e2d,lfw,Greg_Kinnear
3c144216-ea28-59bc-b9e6-731ae2e089a5,lfw,Harrison_Ford
3c18a1ef-face-528e-9cfa-e43790a2db80,lfw,Claire_De_Gryse
3c30ff10-1bd1-580b-9f30-a0a5268b56cc,lfw,Marcus_Gronholm
3c452dc9-1e44-5a73-a49d-bde7749b5054,lfw,Anil_Ramsook
3c46cec6-fa62-533a-96ac-5a561b083113,lfw,Mike_Leach
3c48b604-9027-583f-b397-27fb108f7cb4,lfw,Igor_Ivanov
3c56962a-7d66-5fdd-935b-921926d3e777,lfw,Meghann_Shaughnessy
3c70ac8b-1134-5677-b78e-1ef549b1f7d4,lfw,Mitchell_Swartz
3c7637f6-fba4-52dc-a99d-488a58f46bdb,lfw,Kirsten_Dunst
3c858bd8-7ccc-537a-9bca-790363258f3d,lfw,Eugene_Teslovic
3c8b7c8d-7e30-542f-b396-40f6bf3317f6,lfw,Jean-Marc_Olive
3c9497e7-a4fd-5e74-bdc0-9a5f363b608b,lfw,Mohammed_Abu_Sharia
3ca91748-b737-5d11-9b4c-fd205d5d7627,lfw,James_Jones
3ca9fab7-9180-5f52-a86c-c1e09e61429f,lfw,Mark_Mulder
3cadccc8-d3da-556c-995a-f8ae372acaa2,lfw,Greg_Rusedski
3cbe312e-1998-5ccb-bdf8-29d4737def2f,lfw,Joseph_Fiennes
3cc469a9-1b5f-507b-98a3-3887e28c501c,lfw,Alex_Cejka
3cda4ade-b2a1-5de1-b3e7-921b75bff291,lfw,Percy_Gibson
3ce740fc-de97-5140-89f3-4ca0e5ce4786,lfw,Ryan_Goodman
3cf899fe-e681-517b-b0f2-29901089eb6e,lfw,Ramon_Santana
3cfbeabd-00b1-557e-930b-7bd82ccff3e8,lfw,Ricky_Barnes
3d0a65bc-f71f-5743-b817-fadd61e0ea96,lfw,Johnson_Panjaitan
3d12d7c4-00db-5040-80cb-2bd6a221cfeb,lfw,Bernard_Landry
3d12eaa2-4b76-5c25-9e89-49e0a0d6b0d1,lfw,David_Collenette
3d17c42f-475f-5276-90d1-2d0c0d115601,lfw,Dionigi_Tettamanzi
3d1e4641-c079-5054-937e-70ca72be85f4,lfw,Bob_Menendez
3d237d5f-1a44-5c03-8cab-4606eb401426,lfw,Se_Hyuk_Joo
3d2930ff-a2b8-5d5c-bf7b-2c67f64ce9d1,lfw,Lydia_Shum
3d2ead2a-ca80-58ad-b073-d5af4a123379,lfw,Ornella_Muti
3d34cd2a-4182-56a0-82c5-eed9f15b119c,lfw,Thomas_Haeggstroem
3d35602b-a206-5fe8-ace0-efc73ab7944f,lfw,Franco_Dragone
3d62b3e9-30e0-5344-b6d4-1f164eda46ee,lfw,Robert_Gallo
3d6a073b-6dd9-5b67-b66d-2366a0e972a2,lfw,Helen_Clark
3d93e210-921e-52f1-acb8-63775cd20275,lfw,Alberta_Lee
3db1729e-2ac9-54ee-b0f9-98d19450ea36,lfw,Dorthy_Moxley
3db4bf46-476b-5ddd-9631-d2c2597c688b,lfw,Daniele_Bergamin
3db6d730-b5d0-5a8e-89ec-af024a1eac7a,lfw,Joel_Gallen
3dba0a07-8158-56e8-8aa2-6e05ad31a1df,lfw,Anthony_Pico
3dcf04f7-ebe4-5c99-9aba-6e1d080db832,lfw,Janet_Napolitano
3dd7eaf5-6363-5ff0-84db-b5a9b7b09b09,lfw,Saeed_Mortazavi
3ddf1b04-89e5-50f1-98d5-50f3b4eefb6b,lfw,John_McKay
3ddfd509-f5dd-57eb-9116-4c4ba529498d,lfw,Alimzhan_Tokhtakhounov
3de68eda-2715-540b-a3dc-df2a66d9b2ab,lfw,Landon_Donovan
3dec682b-42ba-59b7-ad3c-6362a3597f9c,lfw,Amram_Mitzna
3defbb47-9bfb-54f0-8ea6-0b7bc31c5d2f,lfw,Todd_Wike
3df97312-bcb2-535f-a138-123c1c101b7a,lfw,Ilan_Ramon
3e0c83c9-a7c1-50a4-bee1-cd74c1a21032,lfw,Richard_Levin
3e1d57b6-f794-5509-97d4-27297a74caf2,lfw,Pete_Sampras
3e3118ad-defb-5703-bccf-f88ab0066e34,lfw,Lynn_Abraham
3e406217-1fa4-550c-9776-8091d85c6405,lfw,Jong_Thae_Hwa
3e425b96-397e-5565-9c91-b8ee08ad1652,lfw,Kim_Dong-tae
3e52908b-064f-5d5f-a946-3184b226ede1,lfw,Katrin_Cartlidge
3e6034c1-e197-5b33-8c6b-0049c949722c,lfw,Mia_Mottley
3e752c83-298e-50cc-9df2-d3f772cd4540,lfw,Satnarine_Sharma
3e788183-a5e3-5e1f-a7ff-e6b6466e430a,lfw,Tim_Pawlenty
3e9bf205-9d87-597c-bfdd-8fb58abb88d8,lfw,Malak_Habbak
3e9eee92-9582-5a1b-bb0b-6a65929b3421,lfw,Tian_Liang
3eaa9087-f4a1-561b-b531-3e55a5f25cdc,lfw,Vin_Diesel
3eca6e9b-da49-54c3-9755-b2fe3fd965d2,lfw,Mario_Jardel
3ecc8894-81aa-57b4-81ee-6e7855f88eb3,lfw,Prince_William
3edba9cb-ec23-5650-9674-9d4f9aa1948d,lfw,Steven_Briggs
3ee5affa-b79f-5e63-b238-0a21522d695a,lfw,Tian_Zhuang_Zhuang
3efd8955-978f-5905-a0e2-58eea652b810,lfw,Latrell_Sprewell
3f072580-c25a-506b-8584-a85cba2a398f,lfw,Robert_Wagner
3f0cc1fb-af4b-5841-a819-1cef9a3f43f1,lfw,Nestor_Santillan
3f12db4c-b3c5-5bf6-b7c7-347d89f878be,lfw,Jerry_Sexton
3f2cf767-c6d9-5942-be27-b73772bf32c8,lfw,John_Eder
3f3b8a75-f127-545f-9afb-100a5ab7074d,lfw,William_Genego
3f3e44d5-aa0c-5b61-9dd2-dcd7829d1810,lfw,Bob_Eskridge
3f57c8e8-6746-5802-9994-e21a347fb0a9,mfr2,ImranKhan
3f5afeff-9b7d-5ffd-a0c9-5b7d740f873f,lfw,Zoe_Ball
3f5e4b4b-d565-56df-9d04-7ee6aa18f493,lfw,Clifford_Etienne
3f761d4e-7297-5aef-bb21-d03eeee6130f,lfw,Caroline_Kennedy
3f7f9c4c-b235-5e31-98a2-ddb021ddea74,mfr2,DonnellRawlings
3f85eb20-8741-593f-a782-312417d59462,lfw,Ted_Maher
3f89497d-2a35-5d69-8916-43247edb349f,lfw,Brook_Robinson
3f94541c-17e2-5256-99e6-b7142b34ff6c,lfw,Jerry_Bruckheimer
3f952fba-da30-5f24-b1c7-517c5c89dc69,lfw,Brian_Weaver
3f9b59bc-c319-5b10-aebb-0f5a511f8894,lfw,Amy_Redford
3fa0d675-890c-508e-87fc-e18f9495969e,lfw,Michael_Keaton
3fa2a664-83e5-5cc4-9036-bdf2a4fa4711,lfw,Catherine_Bell
3fb9a8ac-96a7-5e3a-b6ae-8ee9f25a9cae,lfw,Laura_Linney
3fcad7af-1c81-5988-8a77-a0c9cf696d62,lfw,Barbara_Walters
3fe0895a-56e4-5597-b788-4c54360cb650,lfw,Josh_Evans
3feb4926-1918-57a5-9527-91c9ae7832e5,lfw,Bob_Curtis
3fee7cae-58d8-5401-bf1c-6e981b614b50,lfw,Kim_Jin-sun
3ff37e09-0933-5904-b7ee-7ba3c9708055,lfw,Jane_Kaczmarek
3ff48554-ae0c-5efe-aa97-10f05f9b3743,lfw,Tang_Jiaxuan
3ffd2553-f5a5-5263-8d68-dd030d17c252,lfw,Stephen_Oake
4000bff3-ab9c-5b5c-99d7-fb0bcbbc6c57,lfw,Stellan_Skarsgard
4001f437-f573-5257-bf71-f52dd0e98f6f,lfw,Aaron_Guiel
40048487-50dc-5f25-982e-e25cfb1e6699,lfw,Bob_Bowlsby
4006ac29-3070-50d8-974c-b899e2747fee,lfw,Toby_Keith
40179979-436f-54d9-b0bb-8a75a33a3bf2,lfw,Filippo_Inzaghi
4026d5aa-6ba3-5e6a-ad91-8fb7f27be0bd,lfw,Yang_Jianli
403297ef-4252-5d3e-8fc6-00b99c6dd437,lfw,Bill_Butler
4033841a-6abf-53ba-b09d-aa4bde4dfe00,lfw,Steve_Allee
403915ec-71ac-5149-8347-52efadac860a,lfw,Mohammed_Baqir_al-Hakim
404681d7-0462-5565-8eda-c61bbc870f24,lfw,Owen_Nolan
4052de15-c41b-55a7-801c-23b5e31a8cc3,lfw,Mike_Richter
40559dcd-2e7b-5e43-bf9f-4ef8beddf55a,lfw,Andy_Roddick
40580dfe-7de3-5133-954f-5d32ecb51840,lfw,Jamie_Olis
4075b062-3ad5-5b41-995f-e06debecd2cc,lfw,Anthony_Mazur
40763aae-989a-52d6-89e1-e0d8dfeba214,lfw,Chris_Matthews
407765fc-cb4c-546f-9d20-5a71ea4062aa,lfw,Diego_Armando_Maradona
407b8b54-b927-502e-8823-11d68ce82080,lfw,Eve_Ensler
407cbb12-1bfa-54f4-ada3-ea483f4bcdc5,lfw,Michael_Kirby
4096f721-35d4-5595-9ec3-f9dbdf55e32c,lfw,Pierre_Boulanger
40a0f24c-e2e3-592d-9011-7a014138c118,lfw,Grady_Irvin_Jr
40a95f14-3140-5cfd-9bae-e20d3395e822,lfw,Horacio_Julio_Pina
40c2531e-a858-5f98-b287-0679df5848e5,lfw,Warren_Granados
40c6b4b0-99d2-5e62-8b50-9521d8a7ce89,lfw,Jack_Osbourne
40f2f636-9a1b-5448-8d94-db259f062424,lfw,Hartmut_Mehdorn
41077529-ac17-5b9b-a897-1cdce98048ea,lfw,Jim_Wall
41189eb1-6cf2-5a76-928d-8493d2ac7e44,lfw,John_Fox
41349bac-97fb-5b45-9785-cd1554566a59,lfw,Juliette_Lewis
41398959-77c0-515a-bc6c-b3c48facaa45,lfw,Ruth_Dreifuss
413a57eb-2a2e-514d-a1b9-98f2180a25f6,lfw,George_Galloway
41497d00-e545-5920-ae8b-3af52716a63c,lfw,Boris_Becker
416718db-1760-5718-97dc-d897b0115aee,lfw,Steve_Alford
41957cdd-c5fb-56bb-9aae-2e8ecac2e544,lfw,Felix_Doh
419c03d7-6007-5088-8c5a-73b81f341f4b,lfw,Avril_Lavigne
41ba66c1-f2e0-53ef-856a-912d16bc7883,lfw,Gary_Gero
41bd5f59-cac1-5f2c-9f1d-dbb412993c6f,lfw,Elena_Bereznaya
41dffb8f-b19c-5032-80f5-2bd8d349845a,lfw,Edwina_Currie
41e799f5-e549-54f3-a64a-ff1a2eb6e837,lfw,Richard_Branson
41f323ed-03ee-5e89-ada4-f54d928957c5,lfw,Viara_Vike-Freiberga
41f3a94a-19eb-59b1-8581-e09632e2f032,mfr2,LarryHogan
41f95781-c591-5e73-abd5-dafe9dbebf24,lfw,Priyanka_Chopra
420669bc-3f64-5411-b607-e6a6680ebf5e,lfw,Irene_Kahn
4206fe62-6f4c-5dba-8145-9bc364e2a587,lfw,Keith_Osik
420b049a-1e46-5325-9795-4e15cfd9a3d0,lfw,Mohammad_Aktar
421d8677-10e7-5c73-9011-b0fb6c399419,lfw,Alex_Cabrera
4220e753-ecc4-58bd-8e60-6a7f97f869f6,lfw,Imam_Samudra
42220441-8d24-52b0-811d-ba3fe606ef9b,lfw,Steve_Ballmer
4228a1d2-153a-52b8-855e-a10055e32da9,lfw,Taylor_Twellman
422ef3e4-ef2f-5dab-9116-82aa39be31ce,lfw,Manuel_Poggiali
4249a5c2-229c-5005-bf66-68e7bf6e3640,lfw,Paul_Reiser
425206fb-9fbb-5985-aa26-3e7e05e544a8,lfw,Tim_Blake_Nelson
4267ba59-45d9-5f99-b423-462c6a8efa92,lfw,Eric_Dubin
426807cd-ddae-5578-8a2b-8404f10447b3,lfw,Olivier_Rochus
42787baa-c870-57e5-a533-089cefb539a4,lfw,Nancy_Smith
428cd686-be58-555a-8b3c-fa07f8364feb,lfw,Milo_Djukanovic
4290dfcf-d62f-550b-8061-962c340d2fe3,lfw,Mike_Eskew
42965f7c-926b-5324-b85f-6434a155f7f9,lfw,Thomas_Gottschalk
42970456-b3ac-531c-939a-3d2910f6524a,lfw,Lord_Hutton
429965b9-4ac9-5169-945f-3619c6553223,lfw,Larry_Lindsey
42a4ac15-782a-5756-a4f0-7f64a5f955fa,lfw,Giulietta_Masina
42ab5254-b361-5031-b717-34b2302f4f4f,lfw,Shireen_Amir_Begum
42b2e591-c368-58d3-afcd-4abdc23a3c65,lfw,Herta_Daeubler-Gmelin
42d2fe25-a0a7-5e87-ad92-dc9ebf8789cf,lfw,Rien_Long
42f33446-b80d-57cb-85b7-3f70d5dc5237,lfw,Ajit_Agarkar
42f6cecb-8c6e-5a4f-b796-f1b4831ca479,lfw,Chan_Choi
42fd5a6b-4dc4-5337-b857-97ce3a475a5d,lfw,Blas_Ople
42ff0e1e-d563-5eb2-898c-73f51b0e7b55,lfw,Alejandro_Lembo
430cae6e-132a-5c29-8724-f2332afbcfc3,lfw,Martha_Stewart
431cc64c-0fe6-59b6-b87a-8ee54568d207,lfw,Yang_Hee_Kim
43226dac-5347-5dcc-9645-c4e3fb18e73f,lfw,Michel_Kratochvil
434197c7-25a7-58cc-bb47-32ad0a3098c7,lfw,Chistian_Stahl
4343b679-062e-5363-bf9a-6fff5bf5c0b2,lfw,Walid_Al-Awadi
435e0d03-dee1-5530-b02e-2c44cfcdda57,lfw,Joaquin_Sanchez
435f6110-7079-50c2-bf66-813258cab0fd,lfw,Cindy_Moll
43753613-9bba-5b57-bdaa-51a3c605210d,lfw,Michel_Charles_Chretien
4383cda7-a490-575d-ae58-48627df05b8f,lfw,Brad_Alexander_Smith
43889c92-344d-502a-baa5-154a9d7f5f9a,lfw,Mike_OConnell
43a62c1e-f1f6-5ed9-a97a-0e9f4ac14e62,lfw,Tassos_Papadopoulos
43b4dc06-af65-540f-8a0d-b1b271394514,lfw,George_Harrison
43bb80d7-298d-53a4-a720-734dd4cf8063,lfw,Jim_Wong
43be038b-bf53-5996-b0ca-1af9caf4765f,lfw,Aaron_Eckhart
43ce979a-afbf-5b24-b7ee-12097e26ef6f,lfw,Denis_Fassou-Nguesso
43dd5fa6-04cd-54d6-81e0-3cfae0b90bf2,lfw,Joe_Mendes
43e5506a-ae12-53e6-bc89-f8457c73b285,lfw,Debra_Messing
43eec746-c672-5992-9041-067f620b90bf,lfw,Mother_Teresa
43f4825c-b70a-5c82-bad2-bc191838f831,lfw,Michael_Milton
4400f9c6-df6a-55c6-8434-e6bf6d4b984f,lfw,Marina_Hands
440ae235-145d-57fc-91e9-08aa9055ad72,lfw,Chloe_Sevigny
440c9829-a9f3-56a5-9187-82de11160d04,lfw,Ronald_Brower
4414593b-2a74-5285-b064-9c56536a2c19,lfw,Bob_Holden
44172886-124d-5571-ab73-514a0a659df1,lfw,Henry_Hilow
441dc08b-c527-54b3-ba1c-362548139756,lfw,Joe_Paterno
441e25bc-acfb-5809-b8d8-b86b0e2e85ba,lfw,Damarius_Bilbo
4420dea8-2b5c-5135-a8af-11f227e30ed8,lfw,Rhett_Warrener
4422f567-82e9-54e6-936c-9bf970071197,lfw,Jeremy_Gompertz
442c3fe8-8062-528b-b329-47d91c6e60eb,lfw,Carlos_Lordkipanitse
443f1e09-e3d9-5ff0-8e36-6c08afabeae0,lfw,Marwan_Barghouthi
4440ce14-77ad-5a83-9bc7-3f9143626b2c,lfw,Rulon_Gardner
44456e7e-1cd4-5475-bc4d-e24930aca86d,lfw,Gary_Leon_Ridgway
44497b04-1caf-5330-8af4-7346b16abb89,lfw,Emilio_Azcarraga_Jean
4455e62b-1db8-51f8-87d2-4e1ab12adc7d,lfw,Gorden_Tallis
4458b87f-405f-5562-a462-629aae1f99eb,lfw,Heinz_Feldmann
446363ef-4c63-5782-bf8b-76c33becfc61,lfw,Liu_Mingkang
44682fee-dbe8-5f4a-a657-fd0f30fb0398,lfw,Ken_Wharfe
44717bb7-73ac-5f07-919e-4c811cd64dd0,lfw,Bernard_Giraudeau
4473bdf0-44b0-570a-861a-dfc04f154b4e,lfw,Isabelle_Huppert
44830255-8f0e-5cd0-bae7-0b731e669b4d,lfw,Jenna_Elfman
44871b5a-5039-506c-92fa-6d2d86b496ac,lfw,Richard_Pennington
449af785-54d5-5fc9-ae41-5a9b54c26432,lfw,Nicholas_Tse
449cee4b-df61-5e70-aa30-d4d93ce4a8c9,lfw,Mark_Hanson
449ec3f1-3e5f-57a3-8bb4-8e735ff75162,lfw,John_Paul_II
44a7abfa-a22f-5c46-85d7-55e34f787138,lfw,David_Heymann
44c266c6-f4be-5780-a0b4-e9b0b0fa0e6f,lfw,Charlton_Heston
44cae54d-0ddc-5f0b-8797-92d17fded8aa,lfw,Bianca_Jagger
44e1ffc9-df03-5574-9c12-4a8488e8d7e7,lfw,Frank_Schmoekel
44e25d93-714f-5ef4-8062-840b14bc5c66,lfw,Brian_Campbell
44f2c61c-eaf8-50ab-806b-d3016698490b,lfw,Mohammad_Mustapha_Miro
4506edf6-1b19-5e40-804c-caff9fa5e313,lfw,Stacy_Nelson
4508fb6f-c20b-57e6-b24b-a36621673839,lfw,Calvin_Joseph_Coleman
451b39c9-f57e-5b2f-8065-ac1faae5bfee,lfw,Edina_Batar
451ca476-5045-5abe-9d19-26ee42370376,lfw,Jose_Carlo_Fernandez
4527d3bd-a2fb-52d2-a28b-4224c4e8cbce,lfw,Svetlana_Belousova
45307b66-da1f-556d-a782-23b03b85bd5a,lfw,Robert_Blackwill
4541c6c0-e4ca-5da5-9e77-68d7966ca34a,lfw,Ray_Morrough
45464592-3c86-5f93-855c-a22ca9a8dac1,lfw,Farouk_Kaddoumi
454887a0-85a0-5e41-a031-5a6158ed5d6e,lfw,Erika_Christensen
454c0fd6-3530-5e6a-bbc8-9d72a2ddff81,lfw,Liv_Tyler
45507a04-9260-5b95-99d2-5abfdf96534d,lfw,Wayne_Gretzky
455864de-e5eb-551e-8502-7154dea0fe77,lfw,Dan_Guerrero
455bce33-7ab0-52c4-9194-0c38fd7edd34,lfw,Ranil_Wickremasinghe
456c0e56-4e15-57a5-961d-9a5aac625022,lfw,Margaret_Hoelzer
459685c9-0a0a-5449-9055-9e0ad699aa37,lfw,Ben_Cahoon
45a46eda-115b-52c1-9810-4d043662d6b5,lfw,Grace_Kelly
45b21ac2-a75e-5694-b6bc-90ff86372add,lfw,Lena_Olin
45b4a3fc-5af7-518a-9469-24b4679fbc91,lfw,Toshihiko_Fukui
45ca7053-8597-58f1-9793-1bbd627d5e29,lfw,Luis_Figo
45fa867b-2bc9-57cd-bc6d-e4ab25806f99,lfw,Mark_Hamister
46002eb0-0699-5713-b300-9fc8b7dba29f,lfw,Peter_Mullan
460fd54c-9a8d-520f-a5d7-ee449a81f328,lfw,Boris_Berezovsky
4623c0dc-92f4-5ab1-b6a0-39a90ef86bea,lfw,Charlie_Hunnam
46286105-091f-5ec5-b23b-5dd7b85a44ef,lfw,Gary_Condit
4629b56d-6ae5-504d-91ab-ee91a63fd81c,lfw,Mike_Bair
462cad26-5c31-563e-b92a-b2c7315eb280,lfw,Nicole_Hiltz
462e9ad6-e126-5496-8f71-504d6fa66242,lfw,Hans_Blix
46406648-e298-59fa-854b-760134407f08,lfw,Greg_Hodge
465e684d-404b-529e-8dc7-a6afcfafd09e,lfw,Jose_Jose
4662a127-99c1-58e2-b739-b8bb407fd567,lfw,Brad_Pitt
4668f870-285d-521d-be6e-45f1d19a118e,lfw,Kurt_Busch
466a7c47-4fcb-568c-b3cf-7dce5791d45f,lfw,Riek_Blanjaar
467eb9db-f60e-54e9-9309-2b959cb0e65f,lfw,Kevin_Borseth
4693f8cd-5473-54e2-8123-9e76d2476b4b,lfw,Chuck_Finley
469719da-a4ea-585b-865f-dfee204fa686,lfw,Hana_Urushima
469fac5f-d196-5442-b5c4-de32fc438d12,lfw,Sean_Patrick_Thomas
46ac74d0-ca94-59f6-a494-3e49a5930b32,lfw,Kelsey_Grammer
46c21167-79bf-5c55-ab3a-1c6235f2a7dd,lfw,Mitoji_Yabunaka
46e29623-e641-5ac2-a51a-977454f8ba97,lfw,Rohinton_Mistry
46f472b6-e159-52b6-99fc-24e10faa7a72,lfw,Dario_Franchitti
46f54a79-c0ce-51bb-9f58-4b63293626f3,lfw,Sue_Johnston
46f7dfe0-aa7a-5d56-8f12-d1501a078b1b,lfw,Peter_Care
471335d5-a878-5b18-bada-2a322f8a3c79,lfw,Ahmet_Necdet_Sezer
472c4a13-9a19-56a8-aba4-3140d982e7d1,lfw,Michael_Broad
4738b0a0-a632-5457-8033-15e80a0959b6,lfw,Charlize_Theron
47433b93-055d-57f2-98c9-d41242320dca,lfw,Kenneth_Cooper
47478d43-d071-5052-beaf-fdd717686b24,lfw,Manuel_Gehring
4763322b-9b4f-5c02-8416-e756eedba756,lfw,Monique_Garbrecht-Enfeldt
476c98bd-591a-5e46-a477-de28a58b9792,lfw,Milan_Milutinovic
47831020-975c-580e-b4f2-c3d415873671,lfw,Rolf_Eckrodt
47ac19ad-420b-59fd-a1f8-2af5cf8c9562,lfw,Marta_Dominguz
47b44b54-6d45-5d87-937d-ce07a54004a0,lfw,Catherine_Deneuve
47bb4c9f-2f8c-57c9-b723-7ed073868353,lfw,Tom_Christerson
47c5cf92-5bf9-5dab-803d-137795f122ca,lfw,Halbert_Fillinger
47d34df2-af66-57d5-9bf8-f1147c8cd3ac,lfw,Tom_Vilsack
47d98a83-c65c-5cb1-85ab-45a389d5dc62,lfw,Rich_Gannon
47e3c041-ffff-5b2f-85a2-afd328b8a074,lfw,Romano_Prodi
47f8c11e-3db6-5e1d-85d5-ec4e129d0e84,lfw,Mohammad_Hasanein
47f8ce66-f268-5777-b47d-9dbbf8522f48,lfw,Abdullah_Ahmad_Badawi
47f9a1f3-fbd0-565b-8896-6fbf7c081a20,lfw,Kristin_Scott_Thomas
480927e1-2d5b-5b58-b3bf-8949acb55220,lfw,James_Traficant
480b127b-9144-54cf-b248-22055a93c1c9,lfw,Esad_Landzo
481033df-b046-5718-a06d-c82e32bf3417,lfw,Eduardo_Romero
48199b96-c1b2-5f8d-8b59-9028230811d6,lfw,S_Jayakumar
4821f53e-c28a-543a-9532-76c326d2ec7b,lfw,Odai_Hussein
482b539e-5445-5a86-8767-f9dfad848d0d,lfw,Simon_Cowell
48500198-f814-52ec-936c-23212fd4b722,lfw,John_Mabry
485b668a-6a62-52b1-a07d-0eb824005973,lfw,Ricardo_Monasterio
487d1e58-c3e6-5d23-b669-9143a393fc35,lfw,Maria_Luisa_Mendonca
488b7ab1-259d-5818-9a26-f78a6f09f615,lfw,Thanongsak_Tuvinan
488db1ab-48ae-57a0-a977-8e9c4b0b8635,lfw,Ahmed_Ghazi
48992848-7388-55de-ba44-f59f0e7af077,lfw,Pak_Gil_Yon
489d714e-0780-5986-aadc-cd4427fde014,lfw,Trisha_Meili
48a20f61-5b86-51ef-9925-ee0210e68622,lfw,Naomi_Bronstein
48aa08ee-2028-5072-af12-eac794cc4c9b,lfw,Tatiana_Panova
48b4fbd9-ce8d-5bbb-8524-12e53c8ff766,lfw,Pete_Aldridge
48bbb823-4ca5-5169-89f0-35dd3e8ac01a,lfw,Iain_Richmond
48d3206d-daae-58a1-9ef6-b6aafe874c0f,lfw,Jorge_Alberto_Galindo
48d34e97-d55e-533b-920f-29dd6020aaf1,lfw,Michael_Donovan
48daa9f6-880b-510b-a912-1fd09fce7c93,lfw,Talisa_Bratt
48e139d3-dcd3-5cf2-b295-5ed5ef74d0aa,lfw,Vanessa_Redgrave
48e31d8a-c142-505d-8ecc-8bc789f317f0,lfw,Khum_Bahadur_Khadka
48ef0517-e7a4-5df0-bff5-7f4595fe0549,lfw,Eliza_Manningham-Buller
48f3f4c5-c3dd-53ba-a10a-6deeb52d9442,lfw,Marisa_Tomei
48f56c8c-c0c0-5c2c-a801-c99dc8ea30d8,lfw,Thomas_Day
4900a96b-6d0c-58c4-ade8-4bd6c1eb21a2,lfw,Bilal_Erdogan
490a8ec2-98e9-5a9a-8437-140cc43b83f6,lfw,Aidan_Quinn
490d3d4a-7c4a-560e-ac3f-744ee462c3fc,lfw,Andre_Agassi
4921c823-19ce-5641-bdf4-009c03819308,lfw,James_Caan
49304fab-fabe-54c9-8fa5-d89c35bb6d37,lfw,Rick_Romley
493f5961-140b-57b6-a7c6-5c330d68bfe5,lfw,John_Velazquez
49449bb8-88b1-599d-a0ae-0ec6a27be1a7,lfw,Nobuyuki_Idei
494ba664-7648-5dd9-9aae-e83c06b84161,lfw,Kwon_Young-gil
4959b2e5-1275-5e3f-a7e3-3b6b11ed14d1,lfw,Charles_Kartman
49609e8b-a26a-5399-a374-3899e842021b,lfw,Ignatius_Wang
49612345-1886-5817-96c3-969cc9241f35,lfw,John_Wright
4965f897-b9dc-5269-a6ff-95c45482e13c,lfw,Eva_Mendes
496726bd-6a1c-550f-865a-1e40c1988309,lfw,Bulent_Ecevit
4974d983-21fd-5a17-a463-c2f27a90a3cf,lfw,Laura_Marlow
4977190a-18c0-5256-96da-7eb22bed4391,lfw,Sim_Yong
4979abd7-2556-5d6e-b0bf-8a66eaf7bac8,lfw,Mary_Hill
49829a81-d251-5612-acf0-1c47229f1907,lfw,Scott_Hoch
498b3c22-65fa-56ae-924d-05afe1d91680,lfw,Ariel_Sharon
49ac3e9b-27d4-5be8-a2fc-5ae4f4cd1c1c,lfw,Woodrow_Stanley
49c975d7-6355-595f-9fe7-c28345573953,lfw,Brian_Cashman
49da23e9-f11e-52b2-b035-239e57bd1434,lfw,Robert_Marshall
49e0b19b-83f8-50f8-b82b-e4b16463043c,lfw,Aly_Wagner
49ea37c0-14ca-55c6-9d4a-81ced7f0838f,lfw,Alejandro_Lopez
49ea4b26-b8d8-53ef-be0a-ce6c8ed02ba7,lfw,Lee_Baca
49fcd137-1929-5318-a802-4aceb2b53e30,lfw,Bill_Hughes
4a0701be-87ad-527f-9ffe-dc327ffd453c,lfw,Robert_Ehrlich
4a07cb41-77fe-5c75-8697-d00b32c8e0a5,lfw,Edmund_Hillary
4a3f75dd-9504-5017-b9ce-fc162cdccc69,lfw,Cristina_Torrens_Valero
4a408134-dfc1-54aa-b9a2-746b08d38244,lfw,Georgi_Parvanov
4a430371-8425-5268-9199-8e88bd9a56d3,mfr2,ZuzanaCaputova
4a48e250-ee87-5816-a21a-7f20ba1fbefa,lfw,Mohamed_Benaissa
4a4c7f30-2241-5e34-b4a1-5c7410b3b4fd,lfw,Horace_Donovan_Reid
4a6ed09e-4d3a-57a8-bcf1-97f60edd6399,lfw,Dyab_Abou_Jahjah
4a71a5fb-98ac-5728-a37c-1f49a232772b,lfw,Alan_Stonecipher
4a844e72-91c1-5bc5-ae8f-8b0ee516480e,lfw,Jesus_Cardenal
4a9028d4-be89-5997-907c-843399eb464b,lfw,Jim_Harrick
4a93a4cc-821c-581c-91c3-56bf827c46da,lfw,Gabriel_Farhi
4a9bbb44-3bae-58d4-813a-904db9e640b5,lfw,Michelle_Bachelet
4a9fcef2-09fc-5680-8ecb-9b035c94e5ca,lfw,Mark_Everson
4aaa755d-c9b5-5db2-a1f8-8ae0151bf187,lfw,Peter_Bacanovic
4aaffa08-6100-5a1b-910c-9c450caa0760,lfw,Ashton_Kutcher
4ab1c243-9c27-572e-a02f-b8f5636886a0,lfw,John_Garamendi
4ab614f9-f797-5927-80ad-402a24bfcf38,lfw,Richard_Perle
4abe27cb-7a84-53fc-aef9-b01dd3fed9b0,lfw,Paradorn_Srichaphan
4ac9ec8d-be23-596e-96c5-e771f8b430a1,lfw,Ali_Abdullah_Saleh
4adb616b-6f02-56da-936c-26243f1ef2fd,lfw,Jane_Russell
4ae51949-a6ce-5483-879c-1085466e5686,lfw,Iain_Anderson
4ae5f153-30ac-512d-af2c-0b7616c16e4e,lfw,Craig_Burley
4ae65063-65c4-5e50-ac21-f3b0459648bf,lfw,Jim_Wessling
4b0723a4-b72e-5a39-afee-773e8d19a70d,lfw,Derian_Hatcher
4b12dd4c-61e2-5ead-947b-010e42cee029,lfw,Bronson_Arroyo
4b1d60a2-e99d-543e-a9f6-02b727fabe1c,lfw,Ray_Liotta
4b21c834-c2ba-55ef-9dc0-bb28c15a3762,lfw,Annette_Bening
4b21eb22-49db-5d93-889b-2e9afbb7388e,lfw,Tim_Jones
4b4506c4-82da-5417-afd4-d94cf98bb443,lfw,Michelle_Kwan
4b47adf9-3395-5918-a62a-762b790e1e50,lfw,Alexandra_Stevenson
4b68ccc5-b4f5-5df7-a90e-a4aac541e6ba,lfw,Bill_Belichick
4b6a0448-2f14-56a7-ad5c-d4b2a9aee95d,lfw,Patty_Duke
4b71fbcc-e237-5087-8253-51ccf4ebc97f,lfw,Islam_Karimov
4b771523-51e6-525a-a09d-2f1a3715db04,lfw,Porter_Goss
4b835d51-a0d8-5039-9da7-e621dcb24ede,lfw,Daja_Bedanova
4b842e12-f895-5b5a-9466-85e8f7418305,lfw,Kara_Lynn_Joyce
4b843779-1d15-527a-b952-95b1afc51171,lfw,Griffin_Colvin
4b94f0ec-bd47-5aff-ac87-d07b6663cea5,lfw,Prince_Willem-Alexander
4ba01c51-0e17-5253-90cd-9c2a920fc197,lfw,Scott_Rolen
4ba3fcd9-75bd-5aa8-8b89-ae842bcc05fa,lfw,Peter_Lundgren
4ba43de5-b99e-5101-9f54-3e20c0bcfea9,lfw,Gunilla_Backman
4bbc04fa-0e4c-591d-9df4-4166709b282f,lfw,Laurence_Fishburne
4bd2e07f-f258-5b4e-bef4-f9c7a4953a1a,lfw,Graham_Bentley
4be4a778-6d30-5166-b12d-c429216ab669,lfw,Anthony_LaPaglia
4bf88937-563a-5b5d-8783-f16d8e2fdece,lfw,Yves_Brodeur
4bfc75a2-e617-5365-a870-2814c171e3c5,lfw,Jose_Dirceu
4c0434dd-4c7c-5ffc-83f4-014ac375e55a,lfw,Peter_Hartz
4c058baf-c529-59e7-bf19-2651a4445d67,lfw,Alberto_Gonzales
4c07fb86-4a61-55d0-8d12-6871240716c9,lfw,Patricia_Heaton
4c1791fd-a70b-5f6f-8776-cd6be95fb14d,lfw,Kay_Behrensmeyer
4c21bd8a-55ab-56ae-bf05-24966436d0e9,lfw,Bruce_Paltrow
4c28bbb4-6e15-565d-9ee8-b755a894fcbe,lfw,Julianna_Margulies
4c2c93d1-6fb9-5a9f-8c19-1563b82e3202,lfw,Ashley_Postell
4c2e43d2-a281-5268-94cb-fa3cb0bfda91,lfw,Steven_Hatfill
4c3a5d52-9544-580e-b33d-fa0498f8b297,lfw,Christopher_Patten
4c3f43fd-4993-5d5d-80c1-70439b384d75,lfw,Hisashi_Owada
4c4b481f-c16e-5332-a673-2975a5d907e0,lfw,Paula_Radcliffe
4c58d6f2-df68-5d74-8ab1-d87ae67a4192,lfw,Michael_Sheehan
4c66a2aa-a0ba-5884-ab6c-d91b555417eb,lfw,Franz_Gsell
4c746b88-f3d6-561e-aece-66868832a569,lfw,Hilary_Duff
4c77fc96-61a6-5bae-b60d-4674256970f2,lfw,Angela_Lansbury
4c970914-3bee-572b-aee0-6840ff09a1e8,lfw,Oscar_Elias_Biscet
4ca153ef-96eb-547c-bb8c-dcb4223fe6df,lfw,Keith_Bogans
4cc919ed-841e-53cb-9502-6aa3ec7b15b5,lfw,Rosny_Desroches
4cd888e0-c04c-5a39-a46e-35b12adb1f4c,lfw,Daniell_Sunjata
4ce9c93f-86aa-5e03-9067-002574addb96,lfw,Talal_Keenaan
4cf6ae56-9a4a-5a88-8733-a8f9481b9b95,lfw,Tom_Rouen
4d01d593-ea4f-57dd-ab6a-69af59778032,lfw,Beth_Jones
4d02c469-e4dc-5d27-945b-bf4f3de165e9,lfw,Jong_Wook_Lee
4d119229-ef27-5746-8162-94bb6ea2010a,lfw,Abdel_Aziz_Al-Hakim
4d12cf94-5fc3-575d-88dc-e505921d6533,lfw,Joanna_Poitier
4d188aed-ff39-58f4-87d8-643c18b7237d,lfw,Tara_Kirk
4d28a524-c5c2-5c74-8cfa-963f4e8b09b5,lfw,Dorothy_Wilson
4d31f81c-8dd6-51f6-8f68-ada437ee981e,lfw,Francois_Botha
4d349557-5255-56cb-ad8e-12e138264aad,lfw,Zumrati_Juma
4d4a0d6e-9881-5c89-b0df-4a0134c307d6,lfw,Pilar_Montenegro
4d4c1e2d-dd50-57d9-a815-fbfc817bef28,lfw,Filippo_Volandri
4d537130-b23b-519c-8285-a2f383c8aff5,lfw,John_Norquist
4d67a9c0-dd8b-5d77-99fc-4c0857a44824,lfw,Mark_Bellhorn
4d75d6dd-693c-5054-94f2-7c3fd9df2ff5,lfw,Rosemarie_Stack
4d761428-257d-5847-b536-0ccb7cf1deda,lfw,Pedro_Almodovar
4d83f4c0-01da-540e-81a7-2d63c415d02e,lfw,Bill_Pryor
4d922c7a-5698-5740-a92e-e2219a05fe1b,lfw,John_Bolton
4d94a764-153f-5130-a5c8-a93bba0ab586,lfw,Donatella_Versace
4d9862f7-78ea-5cfa-b730-8f92bc3dde8e,lfw,Robert_Lange
4d9a57ca-4040-5080-af83-6c97c82c6c6a,lfw,Allen_Iverson
4d9bfd8d-f710-5c4d-ad61-f005407a518b,lfw,Carla_Sullivan
4da12872-67fa-545e-b2bf-9f4e97b88291,lfw,Kim_Su_Nam
4da5ee4a-1869-5e4a-b6d7-db5b91d556f6,lfw,Eminem
4daba2d7-6f98-5044-bec5-7a2526d4f477,lfw,Pauline_Landers
4dad8c85-7f29-587b-8308-3448a10006ec,lfw,Jim_Paxson
4dd9a394-00d4-5611-8549-43985b314707,lfw,Ivan_Helguera
4de1a477-a08d-512f-bacc-5858557abb36,lfw,Prince_Claus
4de4c419-53f4-5de4-9788-5a8d031e07d2,lfw,David_Canary
4de74472-b142-5808-a620-ae8bf7f16cbd,lfw,Jennifer_Garner
4dee4cb3-54db-5431-a5e8-7a6b3085e622,lfw,Cheryl_Little
4df49cdc-d630-5b5e-b069-a2503eca7322,lfw,Hoda_Asfor
4df5c83f-b829-590f-b217-8b6373caca27,lfw,Raja_Ramani
4e050799-071b-5b96-ac6a-0835353afc70,lfw,James_Roberts
4e11f08d-1346-5bd5-895c-84be1c5cae4f,lfw,Jerome_Golmard
4e2638f1-f1ae-5617-888d-f6333b6718b4,lfw,Christopher_Reeve
4e4cc8e1-3573-532c-b339-97d413bbda90,lfw,Mahendra_Chaudhry
4e4f6c9f-25ba-572d-9142-aaedc1710350,mfr2,UddhavThackery
4e52e404-b308-5f14-a6af-146dc2703f4a,lfw,Zydrunas_Ilgauskas
4e62a8aa-99ae-5dd1-a1e8-5b8ac9617390,lfw,Tom_Cruise
4e6cef5c-c8b4-5c19-9b71-50847d148a9b,lfw,Benjamin_Martinez
4e73345e-69cc-5bf1-9c78-dc1ad815dbb4,lfw,Tom_Welch
4e7d5a27-dc28-5b23-884a-6282f68adb14,lfw,Melinda_Czink
4e831b1d-7dff-5f01-af32-ed4c7001a267,lfw,Jack_Goodman
4e9863c8-94ad-58cc-8a40-259abc68ccfa,lfw,Toshimitsu_Motegi
4ea7df61-61e9-5653-9e7e-fa8f9954ef2c,lfw,Thaksin_Shinawatra
4eaac666-b37c-58e6-b978-fba9c3272575,lfw,Ernie_Preate
4eabd31e-b8cd-5095-ae17-f1c0fdcb0577,lfw,Kim_Hong-up
4eacd473-d87b-509b-a21a-43078d238a85,lfw,Ekaterina_Dmitriev
4eae6de4-f976-5f2f-81d0-ffafc2d97de9,lfw,Sue_Slavec
4eafb449-71e3-5284-84cc-152f776fef42,lfw,Alicia_Hollowell
4ebc5c7b-45d2-5f51-96f1-c63d8922c3fd,lfw,Newt_Gingrich
4ef4f65d-4ca2-5b81-9583-6660a1f1aa0f,lfw,Tom_Koenigs
4f0d5f1a-a872-5b46-a892-254926cc271f,lfw,David_Braley
4f35b22d-de1d-5141-b8d0-abea7ed9654c,lfw,Emily_Mason
4f385e9a-2344-5883-8296-7934efdd6c12,lfw,Pieter_Bouw
4f3a24d7-5c5d-52b2-853f-5e2796ec720d,lfw,Douglas_Faneuil
4f5a697e-c24a-5352-b8e1-681b0ce764a3,lfw,Mohamed_Seineldin
4f7f3679-851f-5b40-8f60-739c6f1d03a8,lfw,Vincent_Brooks
4f853078-2624-5ddd-b23b-fc1d0b663dd9,lfw,Billy_Joel
4f8b564c-6451-58ef-b72c-7f83a7c246bc,lfw,Carlos_Paternina
4f9357b6-6087-53f7-ae37-31767c5bc62c,lfw,Brian_Griese
4fa1bce2-1e4a-52e1-89ab-5495f05b2ea2,lfw,Morgan_Freeman
4fa6191c-b5cb-510c-a8b8-6ad9d1feb7c0,lfw,John_Belushi
4fcf3224-628d-5aca-93a8-be64e55258cf,lfw,Carlos_Mesa
4fd6ab0c-42fc-5bcd-bf88-2e6b076a2285,lfw,Janet_Chandler
4fe47505-aa3a-56d0-8f3b-718e8817297f,lfw,Sue_Guevara
4fe54f60-48a4-5990-b9a9-79732b00b496,lfw,Dolma_Tsering
4fea5e87-10bf-5d7e-9eac-21b74a2276ab,lfw,T_Boone_Pickens
4fecb74c-540e-5044-846c-dc275ef2ce7b,lfw,Zeng_Qinghong
4fef2111-f381-5e34-be05-8217110b3a04,lfw,David_Kelly
4fefdd87-6132-5998-b2e1-612f21c14617,lfw,Melchor_Cob_Castro
4ff039ec-b63e-55c9-b4d2-08f2bb756a3e,lfw,Darren_Campel
50007113-fce6-534b-b797-c230f9d31493,lfw,Paul_Tagliabue
500f5c1a-9154-5f54-b54b-f6f2016afe4f,lfw,Nate_Huffman
50190495-b7e3-514f-ae26-a3c2fb965c46,lfw,Ahmed_Ibrahim_Bilal
501cd7b0-65b6-5b15-a647-f9754b932601,lfw,Sherry_Irving
501e336a-18c3-52cc-bdac-6fd06cb21e5b,lfw,Alan_Greer
5022f523-d3ec-57a2-8763-31b7318920b9,lfw,Boris_Trajkovski
502db895-5e19-5975-a590-82c11064f5af,lfw,Katherine_Harris
502fbd23-ea00-56a7-9d88-85239c6a51be,lfw,Todd_Reid
5035c150-52df-57d0-859e-af5951dccf46,lfw,Tara_Reid
503f2745-d98f-5c0d-b37b-e3804f6af435,lfw,Tom_Hanusik
50462ca1-4c7d-5b3d-bbe7-a932cb4bdadc,lfw,Steve_Pagliuca
5049f927-f27a-56d4-bdc6-e2549955e869,lfw,Jose_Bove
505d4273-3ca7-5985-95ff-353ec3163151,lfw,Larry_Flynt
506e77d9-5253-5305-bc95-408e12215967,lfw,Rustu_Recber
50787332-0312-5141-be9c-3a7ea2fa0f73,lfw,Chris_Claiborne
50889a6a-9e27-5287-89c4-fd642ad97474,lfw,Dick_Smothers
508ef136-4690-579e-afb2-fd054e6ea0c0,lfw,Rachel_Corrie
50a32967-3567-51e4-b232-5496c9519b78,lfw,Eric_Christian_Olsen
50a6e578-2e9e-5c9e-910f-080a2207bdc5,lfw,William_Martin
50aef0af-5827-586e-923f-331dd66c1071,lfw,Anna_Faris
50c1c875-5619-56bd-b880-40a245d34f75,lfw,Azra_Akin
50c846cc-3c2f-5dab-a5e5-544300ae362c,lfw,Tyler_Hamilton
50d05ea5-3e04-54c7-8d3b-2893cf24ec6a,lfw,Angela_Mascia-Frye
50d42c69-c137-52f7-8e04-e19dc472c679,lfw,Torri_Edwards
50dfb48b-2816-5fa8-869f-85ac2258190f,lfw,Nastassia_Kinski
50dfdf4c-7cf0-5c04-92cb-0ef6e613eaf4,lfw,Edouard_Michelin
50f0092d-3af8-57b9-b182-c67bc13297cc,lfw,Ernie_Grunfeld
50f01f87-e2c5-5cb4-8549-e55c0f7cea9c,lfw,Carlos_Ortega
5100bd86-b541-5a0d-b70a-9eb41a9377c6,lfw,Mekhi_Phifer
510751c4-9f27-55a0-9416-022326bc42d6,lfw,Megawati_Sukarnoputri
510eb4c2-1465-5340-8fb3-f84aebcc955e,lfw,Fred_Huff
511596fe-6a8b-525c-8e8b-008d9ef5c6b6,lfw,Christian_Longo
5117ac59-d2ef-5fcf-aa30-e8ecb87d35c6,lfw,Ian_McKellen
511be200-6d5b-5260-8475-ef330d308a1a,lfw,Charla_Moye
512146ef-e6c7-5e5a-bb3a-52e07a82ece6,lfw,Tyron_Garner
51260679-b717-5b04-8de9-d285abd9abab,lfw,Kevin_Stallings
512968be-8c56-5ee6-95e3-7c0647bfbcf7,lfw,Takashi_Yamamoto
5131d6bc-459a-57d7-88e4-7b05271f0b71,lfw,Ibrahim_Haddad
51346cb3-c86d-5946-9289-7db63d501b17,lfw,Johan_Bruyneel
513b908b-e6b5-5df4-9528-709d58afde43,lfw,Ben_Kingsley
513eb896-9661-590d-9c8b-9391a20219bc,lfw,David_Bisbal
514c599c-ca88-5acf-aab8-bd8a3ec20f21,lfw,John_Wolf
51510bad-6d58-505f-8238-ec30f38c94ee,lfw,Eric_Lindros
51616e9f-3da5-54c3-baab-3418a8e482ae,lfw,Rick_Rickert
516280c6-30cb-51e1-946f-fbeee71dda12,lfw,Don_Siegelman
5174b297-639c-5693-a412-9863ba96f4ff,lfw,Gregory_Geoffroy
518061e5-eddc-501c-a2a9-856c076f40ae,lfw,Tony_LaRussa
51851db3-4348-5c09-8895-e4badeb493de,lfw,Hillary_Clinton
51b0fffb-9a7d-50de-bba5-0a8154e4197a,lfw,Jorge_Rodolfo_Canicoba_Corral
51b3f173-96de-51fa-b679-da6dcf5ea90e,lfw,Raja_Qureshi
51ca745f-1ac5-5cbf-886b-0c93db7a6723,lfw,Jeffrey_Archer
51d1721f-6485-57b7-b2b9-61488da5d936,lfw,Chip_Knight
51d7cc19-af5d-5a9e-aa24-67c437faef1f,lfw,Nastia_Liukin
51e3de99-93a0-5829-b120-611ce1b9d1ac,lfw,Steve_Lenard
51e4e167-6eaf-5d1a-9a53-2b9c4484a9f9,lfw,Melissa_Mulloy
51e54f65-a74c-581d-97da-215646a58088,lfw,Hunter_Kemper
51ed993e-106d-51d6-912d-04479f565845,lfw,Takenori_Kanzaki
51f82bd6-3caa-5774-b792-252ad5950747,lfw,Aron_Ralston
51f89a86-a044-58d8-890c-953de30404a9,lfw,Darlene_Garrettson
51fa1a8f-0a7d-5f7e-8fe5-04f600a3c9e7,lfw,Lin_Yi-fu
51fd7eac-2d66-55c8-abed-dc3c071a5a03,lfw,Paulina_Rodriguez_Davila
52052a96-0bc6-5c2d-a2e4-777f5acc152b,lfw,Chris_Hernandez
5210a5e2-8df4-504f-9003-90ea4978a921,lfw,Luiz_Inacio_Lula_da_Silva
5210af47-3edb-5c85-8387-6b64e1390810,lfw,Joe_Dumars
52260085-31ef-5441-92c7-b158f579e029,lfw,Alfredo_Moreno
522f8c3c-6f7c-55e2-b530-8fb931b7ab37,lfw,Leigh_Winchell
5237662a-5aeb-5c7b-be0a-06b5db62c9a3,lfw,Natasha_Henstridge
523a1e69-c6a3-5efa-90f4-81840965f16e,lfw,Thomas_Cloyd
523ccc9d-ca44-5830-930f-89806ab892c6,lfw,Patsy_Hardy
5245d6c5-1c88-59ca-a8fd-8e2a79d3be97,lfw,Robert_Altman
52492f9f-5397-568b-a2bf-f39298d62ca2,lfw,Cecile_de_France
5266f612-3f6f-5a7a-9b0f-a48ccf142383,lfw,Keith_Bishop_Jr
5266ff9a-45b1-50ab-8561-6c475e312876,lfw,Mohammad_Al-Sharief
5272c619-98e6-5027-9375-4e9c8b9c4685,lfw,Bob_Herz
52735b9c-0cb6-5ff5-89dc-4708cde457a8,lfw,Mohammed_Al-Douri
52764b24-c0bb-5acc-be83-d88f6ec5d946,lfw,Reina_Hayes
52893435-267a-524f-b6d1-20de44ee5d77,lfw,Romario_Farias
528c9527-0cc0-57dd-985d-2ef6b2b7a0a3,lfw,Peter_Goldmark
52911da5-373a-5198-86ab-328ee519c09b,lfw,Jim_Freudenberg
529224ae-b893-5556-9db9-fb63f62d5fd5,lfw,Trevor_Watson
52a369be-39dd-579c-af9b-53d2068bcf92,lfw,Mike_Matthews
52a90698-a362-5665-aad9-78590ea39154,lfw,Ronald_Harwood
52aa0c30-f3ae-5d85-ac44-cca926f9af41,lfw,Hassan_Nasrallah
52b32c58-aa58-516f-b456-dc9d2babff21,lfw,Barbara_Bodine
52bb110d-a675-5fca-ae3d-9eeea5375556,lfw,Miranda_Otto
52cfba3f-2bbb-5c91-bbe6-84d4bb9bf25f,lfw,David_Duke
52e427ff-a30c-5a0e-81f0-b954ab6a1597,lfw,Travis_Rudolph
52e6a5e8-e05b-5d89-b445-b68e849d17e5,lfw,Cristiano_da_Matta
52ea88a5-c9b7-54cb-a2b6-c1011b7910cf,lfw,Octavio_Lara
52f97e76-435e-520c-8c1b-0cce9dc5e11d,lfw,Angelo_Reyes
52fbd711-15c7-5b20-bf4e-44bb1054e032,lfw,Jerry_Regier
52fe6e02-b894-5127-92df-a2c0d56203c6,lfw,Arif_Mardin
5300ea75-92da-55f8-9377-28a5ce7799fc,lfw,Monica_Serra
530ec016-0a2c-5b64-ad36-87a79ceeeeab,lfw,Hubert_Green
531a91a1-8ae9-5b30-80cb-79f094deff26,lfw,Margaret_Thatcher
531f70cc-92a4-5558-9de0-34d047636e7d,lfw,Dwayne_Williams
53383622-2204-592b-aa3e-3f64c6638315,lfw,Pa_Kou_Hang
534bfc87-effe-595c-a013-50a2bfe57335,lfw,Luis_Guzman
53515ce8-43bf-50f6-b6d2-a83928000d3a,lfw,Joe_Mantegna
5364a41a-a6aa-5eac-8a11-e8075240e7ef,lfw,Vitali_Klitschko
5374e111-4506-5486-a4fc-0a12115c4751,lfw,Gustavo_Noboa
53791061-6ba5-52d7-b084-f3215c27ed14,lfw,Gary_Bauer
537f5a33-9983-52d4-bb4c-c69496d96f77,lfw,Kaoru_Hasuike
53858d57-56e7-5dc2-bbb5-db951a2647ab,lfw,Amanda_Coetzer
538912b7-8884-56a7-a542-b16609b21e09,lfw,Ricardo_Mayorga
538fc79d-95d8-51ca-a258-5b7c5178edaf,lfw,Barry_Bonds
53974561-f81b-5ac0-8638-79e146c6afec,lfw,Joshua_Gracin
53979d9c-8ad9-55d8-ad75-623fa215cead,lfw,Bertrand_Delanoe
539a14f0-e197-570b-b0c5-69dda6ed8b13,lfw,Laura_Bozzo
53a225e5-a9ce-5bd4-9d8b-6552a3ac0152,lfw,Wilson_Alvarez
53a83117-4d82-589e-b9ff-57d7639bcd94,lfw,Marc_Grossman
53b6fdc5-51f8-50c2-91a5-5e4d5a5bde10,lfw,Kay_Bailey_Hutchison
53b758cb-653d-553d-bad3-d7d24b0af865,lfw,Binyamin_Ben-Eliezer
53c06ff8-09bf-593a-bb75-aac6c3c75fea,lfw,David_Hyde_Pierce
53c1f5db-ae1e-59cd-b389-e55be4e08ca4,lfw,Pat_DAmuro
53c3f641-0248-57e2-ad8a-33dd2373bb33,lfw,Lee_Yuan-tseh
53d62fdb-7921-5be8-9d3c-7c3e8ed6c0e3,lfw,Peter_Hollingworth
53d82fd7-c1a1-5307-bbfe-5ac2fa534790,lfw,Keith_Snyder
53d92fdb-5d33-5a3a-88b2-088449fd9df9,lfw,Vince_Gill
53f0583d-6349-53de-a479-04d467fae960,lfw,Sergei_Alexandrovitch_Ordzhonikidze
53f90db2-62b1-5031-b4f5-6be1a71d7d6e,lfw,Zakia_Hakki
54115181-4762-59f0-9e1d-66e6cf873958,lfw,Klaus_Zwickel
5420fd66-9855-5cfd-b21a-ccc7f09f2c91,lfw,Bettina_Rheims
5427445d-a104-57a3-a6a5-0370c4d8e1a8,lfw,Jim_Abbott
543aa271-ab27-558e-8207-7f9977c7c458,lfw,Jacob_Frenkel
5440160a-33e4-57cc-975c-97e23f100086,lfw,George_Foreman
54487298-7802-5c2b-be77-0b6ffbe361ce,lfw,Bill_Sizemore
544f2366-0945-5e74-bbad-ad60b230557f,lfw,Takeo_Hiranuma
545e0b35-ca9b-52c3-9dc3-709cadfcb6f5,lfw,Lucio_Stanca
5466eabb-5fc6-5181-8de6-0d8849f73e17,lfw,Patricia_Clarkson
5472d382-41ea-549d-859c-48936581dc41,lfw,Cristina_Saralegui
547fccbf-e262-5fae-9d11-27b3579ca4c7,mfr2,BrianKemp
548426df-5a26-52e4-8430-595d025366b1,lfw,Jeff_Dederian
5489bbf6-4e29-56f4-9ec4-5647b860aae4,lfw,Yossi_Beilin
548a7476-a96f-5a5e-8a46-4eb9a1d211af,lfw,John_Manley
54973bcb-90fe-564f-aecd-9ae5d298287a,lfw,Mark_Swartz
5498491e-aa9e-55a7-ab4b-8b6428766fdc,lfw,David_Anderson
54a1991c-c3d5-5431-8b44-590fa13bc247,lfw,Ari_Fleischer
54ab0c4e-2963-5f44-98a8-68ad78940749,lfw,Martin_Torrijos
54b1c783-d6ac-5994-9b23-f63878635b6c,lfw,Eric_Ryan_Donnelly
54b1f94f-60ad-5f6b-ba89-0e38b942086e,lfw,Chawki_Armali
54b8b461-2eca-5e9d-b929-cbb240726906,lfw,Steve_McManaman
54bb4f50-76dc-5eb6-b999-e247cf80cdd2,lfw,David_Brown
54d7e2fc-16d6-5c34-a730-a15fa9b31f84,lfw,Gerald_Ford
54e543af-530b-502b-8b6b-e1062daa7169,lfw,Freda_Black
55100c4d-2e52-5d5c-a501-23bb4c830708,lfw,Ingrid_Betancourt
5510108e-03de-5429-a995-cbd4376d4d8e,lfw,Tom_Ridge
551590f7-586a-56c4-854c-89e05ee3e60a,lfw,Noor_Mohammed
551909e7-088e-5d75-a9b1-baeb30170592,lfw,Scott_Wolf
55254606-8b85-5c4d-a699-9dd885428dfe,lfw,Shaul_Mofaz
5558e6ce-25d7-5572-a61d-37402998d75a,lfw,Sophia_Loren
5565b34e-eb22-5bec-8c3f-7038c24ef48e,lfw,Gian_Marco
5588d585-02cc-57c0-8bb6-aeb600c8b5c9,lfw,Paul_William_Hurley
55900af7-26e5-577b-a3a1-e717c50c5c24,lfw,Lincoln_Chafee
55b12572-e0b5-5328-b8e2-2df540ececf0,lfw,George_Lucas
55b7a3c4-87ec-5213-8040-6e881eedeb4a,mfr2,JoeBiden
55b952f9-941a-53a4-8371-eaa2ac30cdb0,lfw,Perry_Gibbs
55bd0deb-c355-5fc5-a20e-4e60c90d4d84,lfw,Ed_Smart
55ca1e90-9608-510b-b936-ded1f9b7a846,lfw,Marricia_Tate
55e8d29b-7979-5b4a-be8c-fe63cf4249b0,lfw,Daniele_Nardello
55ec029b-704d-51f4-937a-e16cf055596f,lfw,Gabriel_Hughes
55fc641e-4f17-5c60-a318-77d63fc37632,lfw,Carlos_Bianchi
5610f076-1454-587a-81f8-88f4c5c41c5f,lfw,Federico_Castelan_Sayre
561b114d-a4fb-5377-8cfb-7d049cfde180,lfw,Hans-Christian_Schmid
561ba435-c6a0-5b98-b29b-bd78d89243b3,lfw,Keanu_Reeves
561c27d0-c443-57c5-96af-a2fc6d7fccd1,lfw,Harriet_Lessy
5650ec8f-57f2-5ee2-adff-3a4769bfae27,lfw,Norah_Jones
565545b5-d5da-59e4-8e7d-48e13662cb1f,lfw,Mick_McCarthy
565aa439-7bd1-5a73-a221-83d778089e90,lfw,Michele_Placido
567cb176-3f84-5a76-8b72-28584d895e62,lfw,Demetrin_Veal
567e4a9f-deab-5b6a-8041-2492c9b4b5cc,lfw,Marsah_Ambrosius
567fe660-5441-5c76-a02f-e089a3cb9482,lfw,Scott_Yates
5682ddbd-b913-5827-b619-8d7148fbad58,lfw,John_Timoney
56899145-67d9-5b8d-b8b2-1318b1ea81b6,lfw,Jean_Carnahan
5691e763-1fc5-5d30-bd0b-e4412703c8c3,lfw,Tim_Curry
569d6e09-758c-5039-91c6-6bebd51d0a5a,lfw,William_Hurt
56a7a69f-5976-509f-adfc-5c2fa57a5700,lfw,Dominick_Dunne
56a7c4d2-7c6d-562a-89f3-f607cccafd40,lfw,Alecos_Markides
56b38776-bc50-5c77-a359-ee59a786f545,lfw,Carlos_Barragan
56da2b04-da56-5e73-89c2-5640ad6fb26d,lfw,Gary_Williams
56e713c3-3b43-549e-8c41-b929f503ad49,lfw,Osmond_Smith
56e9f459-5ef7-5634-aff7-a355819d9712,lfw,Dusty_Baker
56ec6bd9-c7dc-5222-9fc4-aa3399bedaa2,lfw,Erin_Hershey_Presley
56f3a93e-5252-5b20-86a2-e58e091d04ec,lfw,Richard_Hellfant
57002151-3d58-5b65-9e02-cc44ae790842,lfw,Munir_Akram
57161758-9350-5a26-8d40-c16802c8cc33,lfw,Jim_Bollman
571cb251-a6ec-5fcf-99a1-5c30b6ad34f5,lfw,Mirela_Manjani
571de244-7b68-5b6d-a107-4cbdab86337e,lfw,William_Macy
57338aee-c5ad-5314-afeb-62715f8d914e,lfw,Howard_Smith
5744c03c-5b3a-54db-8184-b1120bb742af,lfw,Hans_Eichel
575aa809-3272-5b47-950b-af25960fdb0d,lfw,Alain_Cervantes
576af447-c5f6-54ba-bf11-f377d8d3ac4b,lfw,James_Wolfensohn
57899c3c-8bfb-5363-aaef-3fae9b90a901,lfw,Adelina_Avila
578b54a1-929e-5bf7-889c-269acd713ab8,lfw,Johnny_Tapia
578fb23d-0e10-5b0c-b8c0-393231602647,lfw,Saman_Shali
578fd7d2-7eb3-51d5-9368-819e756e983a,lfw,Scott_Hubbard
579f5d3d-2ae2-5fbb-a2a9-6c07d23323a8,lfw,Bill_Kollar
57a304ad-8327-5867-b683-17e65d561786,lfw,Jose_Luis_Santiago_Vasconcelos
57b5ed90-5997-5c0e-ac4f-d99b8a67b875,lfw,David_Myers
57b642e7-d53d-5041-868c-21fd1868a1f2,lfw,Massoud_Barzani
57bf614f-a63a-55ea-981e-3c060ba633e7,lfw,Mathilda_Karel_Spak
57c5b216-7c8d-5bcb-831e-9c2613614bd5,lfw,Jeff_George
57c6d0ff-8653-565c-9086-4e3e29b55a67,lfw,Ali_Naimi
57db0bf2-278e-5ed6-9eb5-59df1d2bdd65,lfw,Jon_Corzine
57eaa022-1f60-50b3-932d-ea45f4c9363b,lfw,Chin-Feng_Chen
5808ba3b-9ce2-5a41-b9e2-9cad6d465d7d,lfw,Quincy_Jones
580e03a7-d043-5762-a0e2-020ba29df22a,lfw,Eunice_Barber
580eb3c2-d56c-5f96-9c63-8de86139d149,lfw,Thomas_Mesereau_Jr
58380f83-e6cc-527e-b6c5-f5e03306e0a4,lfw,Al_Pacino
583eca9f-d27c-5820-95ec-b10b4d6fd0e1,lfw,Alexandre_Vinokourov
5858be4e-29a5-5f88-aa8b-f2e7f4c8e2cc,lfw,Eugene_Melnyk
585913f1-a699-5b44-ab2e-08f937136697,lfw,Jennifer_McCoy
585ca7d8-8bcb-5e94-8fd5-afdf0d858158,lfw,Eric_Snow
586ac2f0-b676-5244-8099-91417d6cbd96,lfw,Sharon_Osbourne
587ced68-44dd-5cb6-ad06-1629f047eef5,lfw,Eddy_Merckx
58890ab7-fc09-5c6e-9dae-773bbbe42aff,lfw,Ted_Washington
58894d36-b01b-533e-bf3f-22bd46d13324,lfw,Lorraine_Fenton
5894d2f5-4f4c-5770-b773-c0b5aabc7891,lfw,Kevin_Spacey
5895f1e1-6d80-5546-95be-d34df281cc1a,lfw,Whoopi_Goldberg
589ce4a0-b55f-5653-90d9-f23520c775d9,lfw,Hikmat_al-Azzawi
58b326c4-2381-5e74-a90e-6f4d23258b84,lfw,Sebastian_Cuattrin
58b6fc44-cdad-5415-aa18-d2cc196825f0,lfw,Don_Lake
58c2abd4-2863-5aa7-b1e5-ef20c335ab9e,lfw,Jamie_Lee_Curtis
58d06e48-121d-552f-93a4-0ca0303a3fa3,lfw,Josh_Childress
58dd7c47-839e-5711-a9c9-a30448d59ef3,lfw,Dexter_Jackson
58e4d948-ab21-58e4-b607-d8eea513df3a,lfw,Bobo_Balde
58eb623b-47cd-5e14-afe2-ed1584082be7,lfw,Kenneth_Dam
59076db0-5758-5411-b202-5f4f00816b39,lfw,Brad_Johnson
5934b039-eea5-5737-82bf-eb5caf9b5666,lfw,Ciaran_Hinds
5937f90a-c5aa-54b1-a4af-6eded281e4ad,lfw,Vagit_Alekperov
594ff1a8-0390-56ec-b45a-481d389ed7c5,lfw,Steffeny_Holtz
595d1800-adf6-5417-a242-6751370110fb,lfw,Jim_Hardin
595d58e6-830a-5ae7-8d26-5d53b4f841b2,lfw,Robert_Downey_Jr
5962c383-aa44-50a1-abcc-e2a7a10c76cb,lfw,Ferenc_Madl
5966fb25-a19e-56df-a9d0-4472dbc4fcee,lfw,Robert_Bullock
597dcca8-eb40-5635-8315-4724d207fd66,lfw,Shawn_Kemp
597e73f7-92ba-52ea-a4c6-ccd054bd68e7,lfw,Manuel_Pellegrini
598c7723-d215-5a3a-bbeb-b968537655c5,lfw,John_Moxley
59982e86-a365-56e1-b26b-76beef6a7b18,lfw,Anders_Ebbeson
59a20b31-142c-58f8-a51a-b72d04251c4b,lfw,James_Brosnahan
59bb7bac-492f-52a0-94bf-9209f137e031,lfw,Robert_McKee
59c60d91-a5ad-5b68-99b2-a2998386760c,lfw,Jiri_Novak
59c7a44d-d471-57d0-9f1f-489dd9ae38ff,lfw,Omar_el-Heib
59d68f6e-6154-54be-812f-ed8c618a2a77,lfw,Yukiko_Okudo
59e49e72-7198-578f-b820-e375f68e098a,lfw,Rick_Stansbury
59fe6368-c185-50a9-81b0-434791c9e816,lfw,Antonio_Bernardo
5a05ceb5-9700-52e5-bb8e-ba195dba6186,lfw,Raul_Chacon
5a07410c-0b42-5cf2-81b4-f342fa1ba3a4,lfw,Mario_Austin
5a0cea1f-600b-5a3b-9543-6f46ad2cf8b7,lfw,Brian_Billick
5a16b135-a5c8-5fa8-a7e2-4003107a7f1d,lfw,Richard_Butler
5a19291b-0add-5a2f-b1af-af1abe3ec704,lfw,Evo_Morales
5a1f9b74-b53d-50b9-918e-1912e7f88e67,lfw,Zdravko_Mucic
5a2b66c1-6900-54b7-8c5a-dd93dc8af9a6,lfw,Shaun_Rusling
5a36220e-4320-511f-9a72-5cfc291a2486,lfw,Dick_Armey
5a3b2c69-24c8-5c51-bd57-d2df5bca43d0,lfw,John_Lisowski
5a668b31-afa7-5a99-9614-db22bf74d1e7,lfw,Nina_Pecari
5a69ca95-07d3-5567-93a6-b1dd526fd124,lfw,Yolanda_King
5a70002c-dcee-5e46-8d8b-4b50ea725c68,lfw,Viola_Davis
5a7271a3-0883-5414-a9a9-6e966d7918fa,lfw,Jeanne_Anne_Schroeder
5a7a2c56-2d2d-5a58-a2bf-882b9688ecab,lfw,Cruz_Bustamante
5a890118-1e01-50d8-afb8-f1331eb29b42,mfr2,MuhammadFahmi
5aa552a4-ddce-58fa-8505-ca74e7d80808,lfw,Simon_Chalk
5aa6d252-6b4d-56bf-aa2b-47ef18206ec7,lfw,Lubomir_Zaoralek
5aac94bc-98e6-508f-ba99-b56ae4cb7787,lfw,Masamori_Tokuyama
5ac09e47-f70e-52c0-820e-8c6e5a2636e7,lfw,Dwayne_Wade
5ac4aa96-3ac4-58bd-8b2e-5047c64a2528,lfw,Tomas_Malik
5acc9242-af71-5435-8c7f-a08774bf5510,lfw,Lazaro_Castro
5ae2bf9d-29d4-5dc5-9577-53299644c1ad,lfw,David_Dewayne_Williams
5af74328-7bff-5217-87ad-3cd29a7ed50f,lfw,Nawabzada_Nasrullah_Khan
5b077518-a427-532e-9923-53a352bf9561,lfw,Teri_ORourke
5b1552d6-85b4-5785-9b29-b6b1b781fa0d,lfw,Stephen_Silas
5b18686f-03d7-5746-93e0-860f9aa8da92,lfw,John_Cruz
5b2aa35b-0755-5a1d-8d51-0bfb41ee01a7,lfw,Charlie_Sheen
5b3945d5-f3e9-5f01-b746-149e9da50502,lfw,Kevin_Tarrant
5b55d83e-0159-5d7f-85f9-84126bcfacd6,lfw,Don_Flanagan
5b56b295-4720-5241-8811-6ef678e6a445,lfw,Ken_Kutaragi
5b5b7818-b04a-59d3-a64a-09b59259eba8,lfw,James_May
5b5f1909-4ebd-5f64-948e-6569ea0fff52,lfw,Benjamin_McKenzie
5b623afa-e3ce-5268-8f07-7373907ef1e2,lfw,Charlene_Barshefsky
5b6dfc1b-7ab9-5187-bd4e-ee13171d9bb8,lfw,Martin_Cauchon
5b7a591d-1a21-5994-acb4-16d570e8df7d,lfw,Reggie_Sanders
5b7bf795-e487-52a1-b687-0d60fcd22dc0,lfw,Paul_Lockhart
5b80c2ee-e441-5b11-ba03-3b79ed80c93d,lfw,Jennifer_Pena
5b835a34-a43e-5b59-b687-bdc81485aed9,lfw,Charles_Grassley
5b8a19c7-1941-5289-b563-3b3226ee58c9,lfw,David_Carradine
5b91bdf2-3e49-59d9-9c49-376b0cd16e2a,lfw,Lou_Reed
5b966076-c4e7-5290-9d13-ca29f5047ba5,lfw,Serge_Klarsfeld
5ba35b04-50bb-5b0a-bc31-33c33010c299,lfw,Tab_Baldwin
5bbc450a-d285-5fc6-9c8c-054fc00b3e0e,lfw,Barzan_al-Tikriti
5bbe9831-ef43-51a7-9544-157ca0eb47bc,lfw,Astrid_Betancourt
5bd424bd-94f2-5d7e-bc60-291ed835d6d7,lfw,Jack_Grubman
5be3986e-35ec-55d8-a2fd-647a0d1952d8,lfw,Donna_Walker
5befa0da-bd44-559a-825e-9bf5198e8cc6,lfw,Zaini_Abdullah
5c1ea2af-bb1b-557c-98bf-e133f6e52ed4,lfw,Jorge_Valdano
5c1fed56-9a14-5dea-9bf0-9c947ed53a94,lfw,Astrid_Eyzaguirre
5c37667e-6d6a-57b0-8939-028b4936a967,lfw,Monica_Vergara
5c38b760-e2dd-504a-b064-2c19b55845b7,lfw,Larry_Thompson
5c42d949-45c6-5fdd-824a-c4a811cb721a,lfw,Danielle_Spencer
5c4dc0b5-b04b-5f87-863b-a858afadb5fb,lfw,Mitchell_Potter
5c745b8c-93fa-59e6-a8c6-5ead634d5998,lfw,El_Hadji_Diouf
5c9349d2-01c6-522a-bcfc-15fe05be7c0b,lfw,Robinson_Stevenin
5cc257f0-232f-5e9b-9c72-5de9360edbd3,lfw,Jason_Kapono
5cdc025f-f8a0-5958-b242-11279bf760b1,lfw,Du_Qinglin
5d00b21c-2647-5389-9f96-8735b5860bd5,lfw,Tom_Daschle
5d00e6c6-be3b-5095-b700-b672409d984d,lfw,Samantha_Ledster
5d0d1e34-1033-5f2f-b920-7c877502b264,lfw,Shane_Loux
5d242bd2-3973-54d4-b719-5272c574eb04,lfw,Terje_Roed-Larsen
5d2a424d-3d93-554e-bf1e-41c4bfaa51d2,lfw,Jorge_Castaneda
5d3875c4-b3e5-5d44-8fd4-682a23d83a7f,mfr2,TsaiIngwen
5d3c7f08-181e-51cd-9542-7bc914b65b07,lfw,Faisal_Iqbal
5d4178d8-78f3-5518-98eb-27911a752582,lfw,Scott_Dalton
5d431f3b-fcaf-5fce-9fdd-ba9d8d20ff0c,lfw,Jeffrey_Pfeffer
5d5a66fa-97c0-5ab4-bd68-7093d45081b5,lfw,John_Gruden
5d5eeeaa-d9d9-5cdf-8cfb-8a4723d66b52,lfw,Atom_Egoyan
5d839890-e2bc-50e6-965c-f298888a7359,lfw,Willis_Roberts
5d8fc48e-4e17-5663-b36d-fd26c2801dba,lfw,Michelle_Hofland
5d91eeb6-88be-5a34-bdf9-da5cdfc71711,lfw,Norm_Coleman
5d9c4394-26c7-5f94-89c0-aef98918da2a,lfw,Candace_Sutton
5da4f872-80e3-53e3-aae2-a438fb4b84ce,lfw,David_Dorfman
5dac0d7b-458d-5598-a3b7-67e0d7f7b247,lfw,Farida_Ragoonanan
5dae9085-4d48-5734-b81f-5bc77f7578f7,lfw,Hermes_Gamonal
5dbabab7-d5b0-564b-9689-52165e84eed0,lfw,Larry_Brown
5dbe1145-2669-53c7-87b1-233995dc3c5a,lfw,JP_Suarez
5ddc60af-dfe8-56c6-90a3-72133f064d31,lfw,John_Brady
5ddd5968-54a2-5ebd-b38f-40a118f7a168,lfw,Holly_Hunter
5de1f309-8ad9-5bf9-b785-0db30a0fa750,lfw,Kitin_Munoz
5de44ce5-663a-5d70-8d91-b3613f3955d5,lfw,Ian_Wilmut
5de5d66f-fae7-5bdb-b04c-832e41e77478,lfw,John_Petty
5de7972b-a118-5be1-96f5-6827f7738618,lfw,Julien_Boutter
5de81372-2c90-547a-a74d-dfc75ebf9fed,lfw,Robin_McGraw
5deb2bca-c030-5c8a-8455-d525d30419ed,lfw,Hugh_Hefner
5dee389b-14ce-5690-8553-de0ef8371989,lfw,Alan_Jackson
5e04f6c9-21fd-5f53-95ac-47a6dda4a019,lfw,Eileen_Spina
5e1ae3a5-760b-59a7-9070-94e40ab1293f,lfw,Justine_Henin
5e2e5e21-87c6-515a-a504-f48bed9c4394,lfw,Michael_Powell
5e3500e1-7094-5740-a6f4-5d656fed1037,lfw,Dragan_Covic
5e3fa4c2-ae54-5907-8bcc-c19c35330f09,lfw,Etta_James
5e4782b3-e9c2-50c8-82ea-11b76fd6e70d,lfw,Winston_Churchill
5e57140d-1a95-5b44-a3aa-d7a2c95c3228,lfw,Brian_Meadors
5e5a58f4-6410-5404-9102-82cc4fe39a48,lfw,Brock_Berlin
5e5b4a73-3554-5d1f-8965-1c6f9a7988d8,lfw,Tia_Mowry
5e86726d-c3d5-5f2d-80df-6dccbb2e5259,lfw,Tom_Crean
5e89415f-e033-5029-b87e-dad88f1fe0bb,lfw,Garry_Witherall
5e97339d-d764-5dc1-b404-39bbacd794e8,lfw,Mohammed_Salmane
5e97683d-2f4d-5981-ab2d-27ec27280fbf,lfw,Stefano_Gabbana
5eb22c43-1de2-53d3-8eb9-c975e5baf665,lfw,Jose_Santos
5ebaa5d5-36c2-5149-a954-86525208be3a,lfw,Kurt_Budke
5ecc696f-88b3-5528-bcdb-55506ed23810,lfw,Fabricio_Oberto
5ed554f9-6551-51d9-9027-5775f250eb39,lfw,Irv_Nathan
5edbfb63-b002-55e2-addb-a96623984ac9,lfw,Mark_Martin
5eeb4db7-12e7-54f8-a73c-b12438edfaac,lfw,Freddy_Vasques_Kinchokpe
5eec411c-bd56-5830-85f8-98545402d932,lfw,Pierre_Pettigrew
5ef219f0-6abe-580d-a680-d578b54fb3b2,lfw,Roger_Etchegaray
5f0c2c59-9115-557c-8114-cec89f2564e6,lfw,Ratna_Sari_Dewi_Sukarno
5f0d66d9-b1b3-520e-8a9d-b85cab37a06d,lfw,Tono_Suratman
5f0f9b02-5462-53f7-aa33-31f3d4696f09,lfw,Jimmy_Smits
5f1501e2-a742-5359-92f0-e64f37e8ed15,lfw,Nia_Vardalos
5f1acd6c-fe54-5593-b4a5-bd47d832a1c8,lfw,Dave_Ragone
5f201299-faa3-54b1-aff8-0a3514149413,lfw,Abdel_Madi_Shabneh
5f44a505-5d79-5322-9d23-4f4a33266e06,lfw,John_Taylor
5f606fc5-8cd6-53d9-818e-be0c84b6e364,lfw,Dean_Jacek
5f64a35c-b652-5bed-b4bc-abc519f9b4e4,lfw,Colleen_Donovan
5f6bb499-c5d0-5f12-8087-5895f6dec548,lfw,Liu_Xiaoqing
5f7c02a4-f8c2-5792-b112-a7717be719ef,lfw,Leonardo_Del_Vecchio
5f7e5c2f-2dce-5d1a-9493-b004645640b7,lfw,Cheryl_Ford
5f90a15e-9467-51f0-a763-d5c74406ed00,lfw,LeAnn_Rimes
5f91a2cb-2064-5d6e-86b6-2dc013fee8d5,lfw,Chris_Neil
5f9fb6c9-bcfb-5063-b657-4350082efb84,lfw,Steve_Waugh
5fa20d77-3af3-59a6-b892-b5eafbab51d8,lfw,Joe_Torre
5fadbffa-c612-5faf-b478-c0646a54f747,lfw,Howard_Schultz
5fbbc1aa-d9b3-53c0-a5aa-08648e07bc8e,lfw,Eliza_Dushku
5fbc39c4-5b56-5863-a632-eed8119f516d,lfw,Shannon_OBrien
5fc016d3-d4d0-56d3-8f75-bd2fe602c989,lfw,Robbie_Fowler
5fc1184b-47cd-5283-b4b7-213a6a91f23e,lfw,Dita_Von_Tesse
5fc191a5-f2c8-50cc-af93-bdc7668261ff,lfw,Robert_Korzeniowski
5fc2bb1c-bef7-5c31-961e-7e60fa7594d5,lfw,Djabir_Said-Guerni
5fc2e94d-58c4-5022-95f7-3b705d611de6,lfw,Lenny_Kravitz
5fd59100-6661-5dbc-9ff4-91e7f182f0f6,lfw,Jesse_James_Leija
5fe2a7c6-0b12-57b4-ae63-aba646bac296,lfw,Rafael_Bielsa
5fea2d5b-e9ff-506f-a59d-718124b24d5d,lfw,Minnie_Driver
6005dfe7-9b38-5a49-9896-686298f8d067,lfw,Terrell_Suggs
600730fa-9917-5ead-9fa4-57b8b42724fe,lfw,Elizabeth_Taylor
601c2007-0f25-5176-a5bf-f88dad262fde,lfw,Katie_Couric
6022207d-70bf-5730-b970-7b96d4feefcc,lfw,Christopher_Russell
604912fd-b9b1-56ff-ac79-a63d2c7cd8c8,lfw,Colin_Cowie
6051b642-4343-5efd-b25d-4daf51018ef3,lfw,Duane_Barber
60641778-aaf1-5644-9418-3a0d47c7030e,lfw,Jalal_Talabani
6065d467-0c2d-5b1b-8c0a-32c886cca5e2,lfw,Nicklas_Lidstrom
6079113f-105b-5085-b19c-3f826f992909,lfw,Alan_Dershowitz
607f32ff-5cd9-517d-a8ae-48f800f0b2f9,lfw,Allyson_Felix
6087a9b4-874b-55b4-9764-023bec690c02,lfw,Cate_Blanchett
60babf42-5376-5823-acdf-c41b7bc02ea3,lfw,Alan_Greenspan
60bb8989-a399-5325-a4cb-f4fcb51af90b,lfw,Madeleine_Albright
60d2c505-1187-5648-90ef-ab5a9611309c,lfw,Eduardo_Fischer
60e03f5c-8758-5e11-8ce3-6ef1b7b3fc0e,lfw,Jason_Clermont
6107d618-f923-5242-8631-55a354878eba,lfw,Pat_Burns
610aca9a-d7ea-50ce-8cb9-85a80fe1d785,lfw,Carlos_De_Abreu
610eb893-38eb-5b0c-b7f3-b85774a0817c,lfw,Stella_Tennant
6112ce04-81c8-5678-a23b-77156cc4b805,lfw,Kathleen_Glynn
6115a1bd-e65a-5605-bf8c-5ab4a0c0b260,lfw,Paul_Li_Calsi
61330669-6e69-57a6-a339-f16a01c07e4b,lfw,Nanni_Moretti
613e06fe-589c-586c-94a1-ad65c19bb369,lfw,Bill_OReilly
6150494e-4b18-5533-bd42-77abfe5850e0,lfw,Jack_LaLanne
6158ac6e-b535-5928-b781-fa7196f80d1f,lfw,James_Gandolfini
615f15df-133a-513c-9394-65fcf7d58149,lfw,Steve_Wariner
61698f12-fe23-59b4-afac-4e13d07975a5,lfw,Vadim_Strogalev
6175d75e-fa94-50d0-92fe-19708804b287,lfw,Arnold_Palmer
6185857b-96e0-5e20-ad84-39f4644e9868,lfw,Jody_Richards
619802d2-bf56-5628-a1ba-eda3a8e30579,lfw,James_Harris
619b75ff-0ea3-5bfc-8315-262c82f53e5a,lfw,Fernando_Henrique_Cardoso
61c0ad10-2f39-5663-9824-fc8f99641e0f,lfw,Kelly_Ripa
61dd50e4-c5ec-539d-9013-b1b0140e3e61,lfw,Ramon_Delgado
61e2bf5f-af14-569f-a6c4-4269a7d3a65e,lfw,Charlie_Deane
61ecf72e-d858-59b2-af76-d7bb74e5957e,lfw,David_Spade
61f92613-59ba-512c-ad2b-fa638544ed50,lfw,Tangra_Riggle
620086bf-ec07-5a7a-9e8e-123cc491fca1,lfw,Carlos_Arroyo
6200ff11-ed6e-587a-811e-4f67756820bb,lfw,Aaron_Peirsol
6204d08f-af2b-5068-8766-f0f9041eeac5,lfw,Rick_Wagoner
6223a89d-3452-5df2-8b8e-b8c75f2729ef,lfw,Boutros_Boutros_Ghali
6237d790-a1e9-5c99-b031-759009a160bd,lfw,Rainer_Geulen
624819e6-094d-55fc-8f50-b54c3f502610,lfw,Sourav_Ganguly
625c8206-2d62-5c93-9f21-aab83ee4faf9,lfw,Jeffery_Strelzin
6262e2c1-ea63-5b32-afa8-174e818499e5,lfw,Gloria_Gaynor
62729a65-5666-5d65-8434-2ba31c7637e0,lfw,Pete_Rose
62729e89-49a2-5e93-b9cf-ca43deda231b,lfw,Faye_Alibocus
62733a56-cb6e-5fdf-bb46-799324544065,lfw,Amanda_Marsh
62a23de5-a494-5679-9ad1-cea8c3f995ca,lfw,Ozzie_Smith
62ab1335-b145-55d1-a722-f9a44a6638d7,lfw,Gwen_Stefani
62c1d000-f4ae-55a2-8f6d-c676838fa4c2,lfw,Ian_Smith
62c70a04-25d6-57b1-b472-36da0f0e0b83,lfw,Todd_Petit
62ce1ac8-e4a3-5b0a-b99b-82192d97d57b,lfw,Guido_Westerwelle
62d64717-43ed-58e2-9a57-8ffd1be2ecd2,lfw,George_W_Bush
62fef81a-53fb-541c-a49a-f167c5ad3654,lfw,Gordon_Cooper
63072ea7-f45a-5e34-b3f8-0c7093afedb8,lfw,Amporn_Falise
632c7802-f8e8-593c-adf0-a834660300fb,lfw,Gerrit_Zalm
63335c5b-f3f5-5247-91d8-ba330d068575,lfw,Taha_Yassin_Ramadan
63360f29-8dba-58bc-9ffe-15e2fd02c072,lfw,Susan_Walvius
633baf13-80a8-5d82-8e65-02dc37553bc5,lfw,Joe_Darrell
6360e21c-c5f5-590f-b281-28334a940060,lfw,Samira_Makhmalbaf
6363336d-feaa-5b6e-9d6c-39e4b4538281,lfw,Mukhtar_Alytnbayev
636f4997-da1e-5f7d-ab52-b42f6a362e31,lfw,Mario_Cipollini
637144ab-76ed-5025-b87b-f5c9abc1e902,lfw,Felix_Mantilla
6371dd8e-be2a-5bf9-9efa-b88bc774b05a,lfw,Thomas_Franklin
63a49f1c-79a3-55c9-852c-04ac7505a4f8,lfw,Nancy_Pelosi
63adf31e-89b2-57e3-817c-57ee2d330d53,lfw,Rupert_Grint
63b6ed2c-fc8b-5407-b9ac-6f172fe6d8f7,lfw,Susan_Collins
63bcde53-6d6f-5ba8-ab80-728a7a580fc5,lfw,Jean-Francois_Lemounier
63c4e7ec-e661-5456-8389-90bacca9e83b,lfw,Yoko_Ono
63e2627b-7f5a-57ac-9913-ca07e241bf2a,lfw,James_Cunningham
63f4875f-2edc-528a-b88e-606c23d3c2c4,lfw,Chang_Jae_On
6403e8ad-5b82-5d25-a42b-998be66b1080,lfw,Max_Mayfield
64160c5a-b2c1-5e3a-90aa-36d751841166,lfw,John_Philip_Elkann
641d4645-6b9a-5a97-99e4-d1ee1aced305,lfw,Sarah_Michelle_Gellar
641df0d0-4f9b-5d55-91b8-4caa09c56c1c,lfw,Paul_Michael_Daniels
6451d22c-f50d-5121-9295-b6b3dba089e2,lfw,Richard_Daley
6457bbf4-0703-5dbf-a110-f1f58307f39b,lfw,Bob_Crippen
64650b47-a1d3-520e-9636-83f4ce65f654,lfw,Patricia_Russo
646d0eba-e39a-5aa2-839d-ff1a419c0adc,lfw,Qazi_Afzal
6471a77c-f91b-5f8c-b034-0494aa535d3f,lfw,Gerry_Parsky
6483cb39-b828-51cf-a11c-3c21b37bc59e,lfw,Maria_Sanchez_Lorenzo
648b02fd-82b9-5d9b-8fa2-2e9ab4bfee0e,lfw,Steve_Avery
6491b821-4564-5ba9-ba15-8c8c8866e064,lfw,Karl-Heinz_Rummenigge
64bfed2b-130c-5160-9f7e-990428c4a39c,lfw,Dale_Earnhardt_Jr
64cf772b-b1f0-5264-850f-d9caa37e01a9,lfw,Carroll_Weimer
64de7781-938a-5e4a-b6f3-b8f0cf85b2f1,lfw,Joerg_Haider
64f2161b-d859-5a64-8e7b-2cd8c568ed84,lfw,Michael_Adams
64fc4d3e-e5b4-5450-92ff-9f0aff820166,lfw,Michelle_Branch
650f498f-1046-550a-af87-52271529359a,lfw,Frank_Abagnale_Jr
65113c29-9d69-5284-ad77-de92591c762b,lfw,Viktor_Yushchenko
6519631c-89e1-5a39-bd94-eaa3d693eb66,lfw,Elvis_Costello
6524b3a5-6506-5419-a227-9770755eb53b,lfw,Wan_Yanhai
653ba67f-7630-5cf2-85eb-f9d3326fc56a,lfw,John_Abizaid
654286e4-c159-5347-a0cc-1d89e2735b31,lfw,Xiang_Xu
6553d5a7-fd82-57d0-b589-67a735b046c1,lfw,Rachel_Roy
655cf38a-adf5-5ca9-a013-62de4926300c,lfw,Rodrigo_de_la_Cerna
656e3c3d-f85d-5af4-bb10-93711850d903,lfw,Don_Boudria
65840f9e-a843-5460-9298-c179ad6a31af,lfw,Alisha_Richman
65a27c4e-3b8f-5873-ae80-f4bc6bff6b03,lfw,Paul_Walker
65a50b8f-0601-5c6e-a7d9-6a7a67f4f652,lfw,Craig_Wilson
65aea27d-4a90-5d50-8bfe-e195a0cba1ed,lfw,Jeremy_Fogel
65af4385-b821-5f47-8e84-1700c00ddac7,lfw,Julio_Cesar_Franco
65b11008-7023-5804-a7b9-2cd65e6669c9,lfw,Yingfan_Wang
65b7cacc-8570-5427-93b3-ad4f8599980a,lfw,Steve_Fehr
65bba17d-e898-59b8-8623-9ff6a39b1219,lfw,Shobha_De
65bf67af-9e99-5b45-9fc7-97ad0daf8a24,lfw,Fidel_Castro
65d49541-15a4-5a54-ae26-757515c8b7af,lfw,James_Dingemans
65d8e255-e0c2-5363-855b-79543ed09930,lfw,Allison_Searing
65fa0645-eea2-5c6b-96f0-9932b984d254,lfw,Wally_Szczerbiak
6602f5e2-0caa-5770-bffe-e7edae9e867f,lfw,Katie_Wagner
66064424-1f29-514f-9234-dc28c9a909d1,lfw,Katie_Smith
660d8bfd-9e03-50bc-84e3-362fdc4f0958,lfw,Nicolas_Sarkozy
6626ced7-1942-5820-a84f-22c6be82ef51,lfw,David_Blaine
663ab123-271e-521b-9a73-7bd1b1662af0,lfw,King_Abdullah_II
664f9899-cbfa-5544-b963-c123488ed08c,lfw,Vincent_Sombrotto
665bf547-c423-52e1-b5cd-fd8b126c9812,lfw,Niall_Connolly
66669cce-5e65-506e-a350-1b6bbe4e35b8,lfw,Sandra_Ceccarelli
66734c57-cfe5-5a90-ac28-62393e6f3a27,lfw,Jerry_Falwell
66829f5d-94c1-507f-8734-49a8e94bcd2e,lfw,Jonathan_Byrd
66958cd0-9179-52ef-aa3c-e460965d69ac,lfw,Walter_Woods
66a81718-10a6-541b-8786-20e7eddb5d6a,lfw,Eric_Benet
66b24ae8-119b-5260-930c-f02ee4fc7d15,lfw,Sally_Clark
66c09d9e-2feb-551f-a177-48896d610ae6,lfw,Jessica_Brungo
66e73fe2-02ca-5c2a-9455-b03f43b97924,lfw,Donald_Carty
66f44c42-aa75-58d1-aa7b-af9154f8c448,lfw,Jim_Taylor
66f60353-fd4b-5341-8538-5b24cd76fa75,lfw,Glenn_Tilton
671b9090-6b0c-505d-bbd9-6d4ab5f46e63,lfw,Philip_Murtaugh
671c71e0-57da-5ffd-87e1-12fe7f5507bb,lfw,Barbara_Bach
6724c86a-e426-557e-a79a-013e7f6530a4,lfw,Rose_Marie
67286f91-d013-5390-8cb1-b06a7550b1fc,lfw,Curt_Weldon
6732e054-62e2-55d6-9598-8df019aa9355,lfw,Dimitri_Perricos
67399ddb-252f-5a5d-b64f-fe1d7ec4a6e5,lfw,Jack_Knowlton
674ca05d-7534-5262-ad3c-1f954dbdfaee,lfw,Keith_Rodriguez
67502246-bbf5-591b-ba4e-8b1980e677e5,lfw,Derek_Parra
677b3917-4a7e-57ab-a0f3-2323f840104d,lfw,Assad_Ahmadi
677bb688-d8f9-578d-9bc1-3690546295bb,lfw,Hu_Maoyuan
6798a780-b987-5a80-b57f-06b994ab40b8,lfw,Thomas_Malchow
67c66407-3ac8-5d65-a805-85f1f6ab8cf4,lfw,Momcilo_Perisic
67cec80d-41ca-51dc-8d32-cad8425b1f68,lfw,Kim_Gandy
680fef06-ca30-56f1-ae24-c5f6e625765e,lfw,Ali_Ahmeti
681fac75-7a3c-5ecd-a78a-8b13980105c8,lfw,Amy_Cotton
6820cdb6-7e1e-5858-a342-304c7a45f2d5,lfw,Michael_Pfleger
68232f19-f449-5c6e-ac2a-a6c1e6af9965,lfw,Kirsten_Gilham
6827a364-4fc5-5685-bdd2-ee0df7013d85,lfw,Maria_Conchita_Alonso
682a43ee-eca5-59cc-a2ca-947a56e12566,lfw,Steve_Largent
6839156a-8f92-565d-a999-1114a6d66786,lfw,Richard_Gephardt
684d155d-c5dd-558c-b4e8-d69c71ff998e,lfw,Monique_Gagnon-Tremblay
686ceb9e-23e3-5209-b73f-d61314487bdb,lfw,Sandra_Banning
6882883e-5319-5d81-9605-90e524982617,lfw,Krishna_Bhadur_Mahara
68853513-b323-5b47-81fb-05e6c0dc880c,lfw,John_Gordnick
68905d47-be39-5d1f-839b-c3e1f1b81d4d,lfw,Miles_Stewart
68979dde-32c9-5485-92a4-af304c338997,lfw,Alison_Lohman
68b6fc06-1604-5748-b6d7-4f7471033608,lfw,Stephen_Ambrose
68c13651-4850-5620-b178-07e667959ddc,lfw,Raja_Ibrahim
68c4af41-ca9e-5f0e-aa82-e3ed5286f1c3,lfw,Diana_Renee_Valdivieso_Dubon
68c795ed-35f9-5383-a387-ce84bbdd2dbf,lfw,Mark_Schweiker
68cd6c06-98eb-551a-b4b4-ec7146a54835,lfw,Rick_Carlisle
68cd71c7-bd8a-58c4-97f7-0c989ab86c8e,lfw,Jose_Acasuso
68d7c2fe-46cf-5b6c-8e41-90032d8684b4,lfw,Troy_Aikman
68dc75c9-95e5-5d8e-8c5f-aeed6b90eb82,lfw,Carrie-Anne_Moss
68f27fbd-3d5c-5299-a846-d768433f3cc9,lfw,Vicki_Zhao_Wei
68f578b0-defc-563d-ae9b-a71d5cc13352,lfw,Carlton_Dotson
68f83b5a-5ede-58b5-8b8b-3f01043b5724,lfw,John_Negroponte
690aaca1-9ee4-5007-b5e3-421c46570d4c,lfw,Charles_Rogers
69108f7a-44ad-52c0-ba10-e5a56e68e414,lfw,John_Sununu
69168696-842c-5ac3-9380-f0f9bc12a3b8,lfw,Albert_Montanes
69197b69-13d4-59c1-95d7-ff4c448f6698,lfw,Brooke_Adams
691eac75-5edd-5ebd-ab08-b2eb4d528d6b,lfw,Tina_Andrews
6925bf73-1493-5283-a670-5fd68717aed8,lfw,Mike_Miller
69298cb3-8f83-5c55-b5f6-70d6ce9b79dd,lfw,Liam_Neeson
694570fb-8669-5713-b995-1ae09c653937,lfw,Jesse_Harris
69559762-38dc-547c-b81b-43fffd41fad2,mfr2,NancyPelosi
6955a4a0-6a2c-5cea-a14b-32730611ab62,lfw,Takashi_Sorimachi
6961c485-4626-5c18-8479-fb157ebeaaa5,lfw,Patricia_Phillips
69b2fc7a-e1e8-5773-86ed-94f32dd95723,lfw,Prince_Naruhito
69c42802-57df-5c7e-9f65-1bd68605248f,lfw,Jan_Pronk
69d715b6-99e8-5b90-b839-5aa05bd67e4b,lfw,Daniel_Barenboim
69e3f37b-843f-5e42-bf86-381ebfdd1233,lfw,Tracy_McGrady
6a20579c-cf30-5416-a78d-97d001eeb40b,lfw,Darcy_Regier
6a3989f9-dc44-5ab7-95a8-61b91600a7b4,lfw,Joseph_LePore
6a39cc72-ed06-5677-81bb-79b25a6be14a,lfw,Christian_Malcolm
6a5c1388-97b8-51b3-804f-d9235831313a,lfw,Irina_Yatchenko
6a5e6131-5e6d-59bb-9e8f-b12e49cbe8fa,lfw,Lisa_Stansfield
6a68ac4a-5d03-5d4a-a8ac-756e0cc2dfac,lfw,Inga_Hall
6a6a5aa8-c975-5e32-a8f6-6b3f4f3c3644,lfw,Hilda_Fortune
6a751611-78b8-5f5e-b8e2-f3d336e31911,lfw,Hubie_Brown
6aa92d74-6108-51ee-9fed-2d0089920568,lfw,Abdulaziz_Kamilov
6ac544fa-377e-5665-8a74-f19e37968254,lfw,Joseph_Nacchio
6ac78bab-da35-551a-844c-5e9cffefc329,lfw,Earl_Counter
6ac8d771-fd9d-59a1-bd65-b8d85861a7fe,lfw,Pat_Summitt
6ad3dcf2-8786-54fe-ba8c-e7ea423c05ca,lfw,Javier_Solana
6adaa327-0ec1-53ee-84a4-707ff9467ad3,lfw,Cyndi_Thompson
6ae144a3-9fad-5713-934f-41b55f9e6aae,lfw,Judd_Davies
6af442d9-493a-5d3e-a279-8b8205cb58e3,lfw,Leland_Chapman
6affdb03-130e-5b73-86ee-21763690d5b0,lfw,Maritza_Macias_Furano
6b0ab27c-d2a8-5e98-8bc1-a389ae08e89e,lfw,George_Papandreou
6b0fb174-490d-5bbf-a04f-c14111ff82e9,lfw,Allan_Wagner
6b1bb6cf-fd36-514b-82c9-13ebac04162e,lfw,Jose_Miguel_Aleman
6b2aa369-c79b-516d-9ec6-f3d8fe3b1cc9,lfw,Hitoshi_Oshitani
6b39646e-5170-5bfe-a57d-068663c09f10,lfw,Adam_Kennedy
6b39f94d-ffac-590d-b25b-59e3a50078f8,lfw,Bob_Beauprez
6b3ae3f6-ce93-597c-bb7b-bf127adb4452,lfw,Marsha_Sharp
6b58ddec-94bd-52e7-b774-82b0cc344803,lfw,Pierre_Lacroix
6b64ae33-5544-55de-989a-a1fb6c602dca,lfw,Julio_De_Brun
6b68827d-ed77-5b3b-8259-c87742261bc7,lfw,Jayson_Williams
6b75a48d-a772-5f32-923a-45aafd4e43b4,lfw,Norman_Mineta
6b78ecca-6a7c-54fa-afcf-7510c3e53389,lfw,Richard_Langille
6b799f98-c569-5a86-8197-e8b9c1aa5899,lfw,Thierry_Mariani
6b7a821b-0c13-514c-8d6e-e37c736e1258,lfw,Yoon_Jeong_Cho
6b8ca5de-5aab-56ec-9a64-6b184f9e76db,lfw,Clare_Latimer
6b8e0706-0b90-5271-8248-b234415f0836,lfw,Mohammed_Ashraf_Hafiz
6b98af61-4942-5e4b-8c20-c88e2d8a761b,lfw,John_Spencer
6b9ac6a8-f78f-5051-baa4-16c2a9143dae,lfw,Sergio_Garcia
6b9b2317-1875-5c9e-b790-5ba0d2349fe2,lfw,Jesse_James
6b9cff08-9d54-5754-a01a-cc3442d97b83,lfw,Jose_Cevallos
6bb80699-8e3f-511c-8c49-bffb42504cde,lfw,Robert_Kocharian
6bce2f86-cae2-5eb4-bbad-367f47f80b18,lfw,Pedro_Alvarez
6bd37126-4b52-5668-8e84-495972f199d1,lfw,Steve-O
6bd95988-337a-5b56-9dca-e2dc29642eaf,lfw,Gordon_McDonald
6bdbd4c2-28f8-53c5-ac1c-8598224ec1c7,lfw,Jeffery_Hendren
6be1e1a0-41a3-5ebd-9c1b-faab47b3340d,lfw,John_Cornyn
6bed8c35-630f-5b36-a036-7f41007b8d52,lfw,Christopher_Conyers
6bf40d4b-6dee-5f4c-bfb7-362104765824,lfw,Henrique_Meirelles
6bf77397-4949-5945-9618-3f000a4bdce4,lfw,Rick_Bland
6c113a52-8376-574c-806e-2f247d950308,lfw,Keith_Brown
6c1ec29a-3cc1-57d2-b009-78e67ebfbf32,lfw,Kathryn_Bigelow
6c2e88c7-6f2d-5780-9e8f-da87b809b7f8,lfw,Donna_Barrera
6c332585-dbdf-521b-8084-eac647a4870f,lfw,Fernando_Alonso
6c3505b4-837b-5a4c-b1c8-f511517f8eca,lfw,Lee_Chang-dong
6c3acda9-98bc-500e-9fa6-f89dfaa4f8ae,lfw,Jaouad_Gharib
6c498f28-21dc-5c71-9c5c-82f8c15391f9,lfw,Mariana_Ohata
6c567f82-6f1b-526e-89b9-a37309702a54,lfw,Sherry_Fisher
6c65409d-4f06-5f73-8c7a-9824ebcd346b,lfw,Talisa_Soto
6c681ceb-6512-5245-97f2-3bd9a9f89e7a,lfw,Chris_Crocker
6c882f29-79b9-527e-a780-4eeca67f93d4,lfw,Ruben_Studdard
6c94afdc-06cd-59ec-8acb-f3f56e186b92,lfw,Amanda_Plumer
6cafbb1c-df4f-5d0d-b6ba-a48d5ca81fd4,lfw,Ellen_Martin
6cb3f64a-0c96-5af4-91a5-63721d4bda29,lfw,Elvis_Presley
6cb7cca1-fbd0-56db-b175-69f1c8eccdec,lfw,Margaret_Caruso
6ccb701f-7702-5848-aa01-b4a357aab398,lfw,Kellie_Greene
6ccd20b8-21b0-5f46-be60-b0a9ba0418fa,lfw,Pham_Sy_Chien
6cced8e8-7690-5d69-8c18-351ebdc7879a,lfw,Katie_Holmes
6cd11aed-41d4-5f11-928e-bdf9a0ea708d,lfw,Daryl_Parks
6ce42d3b-d7a3-5242-b1ce-3eb9939d51db,lfw,James_Blake
6ce81ba4-c090-575a-b962-a8b9d6689de8,lfw,Todd_Haynes
6d10726a-3b6d-5448-866d-98cdb917820f,lfw,Monica_Seles
6d162e8a-452a-54a7-a1da-2ea8f381e863,lfw,Julie_Infante
6d21fe9c-f534-584a-bfef-756667975b72,lfw,Hung_Wan-ting
6d3b8173-2ac7-5b1f-a1e1-a6d88d6cdb20,lfw,Leon_Barmore
6d4341c6-d579-5b49-8ecd-44c3c0d9241b,lfw,Mahathir_Mohamad
6d438408-936c-5910-ba1d-de590adcf2db,lfw,Ron_Howard
6d59243a-3966-590b-95b0-7b49728dc560,lfw,Henry_Castellanos
6d5dd8ef-7fd4-5a87-b970-44c5ce8ce1d8,lfw,Laurie_Pirtle
6d5ef5f5-3561-5a5a-8f4b-4ee6c32c3458,lfw,Martha_Sahagun_de_Fox
6d646ebc-4dc0-5121-8160-975560a4279a,lfw,Zach_Pillar
6d6c7364-e84f-5574-bc30-90d7ccae28d0,lfw,Ambrose_Lee
6d869803-e403-54d9-8879-a42deb16bc1e,lfw,Adriana_Perez_Navarro
6d8b7285-2fb8-5548-8ff2-c5f2b4b40a61,lfw,Li_Ruihuan
6d8cee02-0172-52a8-b271-f7511fb463cf,lfw,Karin_Viard
6da01464-7a43-5688-a55c-a123fa0ff785,lfw,Gary_Bergeron
6da26ff2-f1b5-523f-8a56-72c0adf8e1bb,lfw,Ali_Khamenei
6da3e99b-4734-5fb6-b47d-c87cb19bd3db,lfw,Bob_Riley
6dae1f73-bcc0-5360-9ddc-d3da22bfb13d,lfw,Paul_Crake
6dba0ad5-d43f-5251-be48-323f5c846dca,lfw,David_Stern
6dc06639-580e-5496-ad16-488c7d559c6d,lfw,John_Lithgow
6dc2b536-51e9-5c9b-ac5d-14187559618d,lfw,Rod_Jong-il
6dd34bc6-8565-5a59-bf93-7805134ceafe,lfw,Jim_Piper
6df19f84-b3d1-52e2-9a3c-780dafc27c20,lfw,Melissa_Joan_Hart
6df9b947-6436-5c0c-8ec9-b86fbe8994ff,lfw,Franko_Simatovic
6dff3a69-2fe6-5241-a4ae-63da980d5238,lfw,Mohammad_Fares
6e008380-185b-5d82-90e3-17d3d7f3ea4b,lfw,Howard_Wilkinson
6e055035-727b-5523-bdd2-18eeae60aa5f,lfw,Job_Cohen
6e10c2a4-c539-538a-99cf-cd62e0d351bf,lfw,Young_Kim
6e145f12-0819-56c5-9028-838b1a541c37,lfw,Tim_Lobinger
6e1db251-1484-5c29-b024-d2930be5dd3e,lfw,Roberto_Cercelletta
6e33aafd-caf1-5fe4-9718-2fadce751d34,lfw,Dawna_LoPiccolo
6e3c2792-636a-50a3-955a-e6e966db78f0,lfw,Erik_Morales
6e57d6bf-859e-512b-8022-a61fd279d891,lfw,Marilyn_Monroe
6e61ecea-f651-53ad-8a23-196827ab9c02,lfw,Zhang_Yimou
6e666409-9541-5bef-b035-a0d865167fe2,lfw,Cristian_Barros
6e7acd3f-0264-5b52-b23a-dc230bdb3dae,lfw,Kim_Dong-hwa
6e7ddff1-c5cc-54b8-8be9-91767fd59ef1,lfw,Roy_Halladay
6e81c87c-08c6-5e58-ba24-f6765eea5b79,lfw,Hong_Myung
6e822682-fa82-5456-8b20-7e14ef5925a9,lfw,Gina_Gershon
6e82ae05-f0fe-58a5-aa88-b8cdd63aae25,lfw,Hugo_Chavez
6e91811f-9608-5481-bdec-cc7449d44918,lfw,Jim_Fassel
6ead1d29-61bb-5966-b6b3-990a3d675c6f,lfw,Jason_Alexander
6eadd602-396f-5730-9a17-c6edc5e0a671,lfw,Oscar_de_la_Renta
6eb3e9b0-28ef-563b-8453-e0d4269cdc5c,lfw,Takuma_Sato
6eb8b7b9-b531-560e-8197-5ca852da8ab4,lfw,Catherine_Donkers
6ec99ee6-78a3-5177-b9f1-b75d1eb604f4,lfw,Stanley_McChrystal
6ecb60b9-64e4-5afa-bc74-a6041e10a268,lfw,Tony_Stewart
6ecc4f56-27fe-55bb-92ad-690981ed9503,lfw,Phillip_Fulmer
6ed14a3f-aaac-5526-a42d-e6c4e375930a,lfw,Michael_Fitzgerald
6eebe6bd-13c0-5459-8f36-5007e9202c87,lfw,David_Surrett
6eedbd8f-0677-5f54-9a82-da1354fc1e65,lfw,Raf_Vallone
6ef05319-3757-5819-9498-ecc5820a225c,lfw,Juan_Roman_Riquelme
6efdb00c-7c50-5ee7-be3a-7b86ab3cca66,lfw,James_Kirtley
6effea2e-aafb-56bd-b84d-a3f6b08459bb,lfw,Seth_Gorney
6f004d32-8903-5d98-9e2d-190e5bbd6212,lfw,Justin_Wilson
6f1a923e-012a-503a-95f1-721939951a52,lfw,Jonathan_Fine
6f2aaf23-4446-5ae7-a33e-1c27e73a2173,lfw,Vanessa_Incontrada
6f34478b-448b-5464-a9d3-692f86dc53ad,lfw,Manuel_Llorente
6f3927ec-5f8a-5576-b652-a9ad2f431616,lfw,Michael_Smith_Foster
6f59004c-f9b1-57a0-8219-065c6a63d5dd,lfw,Salman_Rushdie
6f5fa996-b871-5197-a28c-1fbe856d3310,lfw,Doug_Christie
6f7d5562-cc76-56f1-9a47-7bec7724a21d,lfw,Mona_Ayoub
6f836913-ff40-5176-85ff-678095ec6a06,lfw,Billy_Beane
6f8523f2-30b5-5337-969d-c6f942c31928,lfw,Louis_Van_Gaal
6f8965d5-cbed-5a4b-ae23-cf46c33e4859,lfw,Florecita_Cobian
6f8ae3df-e59c-5d03-b8cd-dd316a3515a0,lfw,Grant_Rossenmeyer
6fa0eb97-29dc-549a-b2d3-cb8440636663,lfw,Joseph_Estrada
6fc2d6f6-d467-5a0b-91d8-c950542e0db6,lfw,Chen_Tsai-chin
6fcbfece-3ef9-5f4c-97b5-fa6e36df4f04,lfw,Zeljko_Rebraca
6fcd648a-a5e6-5886-8c1d-d02e3ed7858a,lfw,Ahmet_Demir
6fdd9b75-effd-51fd-b55b-09dc2ebc2fd4,lfw,Joaquim_Rodriguez
6fe1cdb6-49fb-52fd-9df9-6c262bcfa96f,lfw,Dennis_Powell
6ff9662f-b7a9-5ed3-8dbc-03b07c815f21,lfw,Christine_Ebersole
6ffd3a3c-9ba2-5e56-8b7f-65b5349abe2b,lfw,John_Burnett
70050879-8b16-58cd-aee4-4a66bfbc8936,lfw,Bob_Hope
7012d274-63a3-507c-a643-76a8c2551cac,lfw,Seydou_Diarra
70190a70-cf6e-5fec-bc90-cb845462687a,lfw,John_Ruiz
701c492f-bd5a-5220-b7b3-fb5c73a49cc5,lfw,Jorge_Moreno
702cc249-754a-59c1-b8c0-340e8f3b3b8e,lfw,Mark_Sacco
70322fd2-0a70-5af2-b9d6-56a42385b8f3,lfw,Timothy_Coughlin
70349211-ce5d-5e51-94ed-992230c2eebf,lfw,Micky_Ward
703aff9d-6360-5469-b7fd-e440ce207cd6,lfw,Miguel_Angel_Rodriguez
7050952e-6024-5977-9313-4c3bcd5fb138,lfw,Nikolay_Davydenko
7051ec5f-cd42-57b2-90e7-4989e68c29ae,lfw,Alejandro_Fernandez
70640405-4ad6-5f1a-9f23-d048d6efabe4,lfw,Anthony_Pisciotti
7066e44d-f60a-50c4-90e3-d629f63f4279,lfw,Chuck_Bednarik
706ac654-c45c-5d7f-9cd8-9f423b2b937a,lfw,Mary_Bono
707b9a1b-f0ee-52b2-b75f-0e4bf02ba8e0,lfw,Noelle_Bush
7087b82e-3265-58de-835a-54ffd183eb43,lfw,Mary_Tyler_Moore
708e0720-cc5b-5511-9be7-19f9b51f1e72,lfw,Richard_Chamberlain
7094ab8e-f792-5484-bca7-e414f29ab707,lfw,Eric_Fehr
709b5eeb-1342-5c68-b067-b2c6d804e1f5,lfw,Joseph_Blatter
70b24b59-3ae0-5ffd-a958-08006df677c1,lfw,Andre_Bucher
70ba8fc3-ee90-551e-914d-76ce84026e87,lfw,John_Hartson
70c856ba-e144-5b62-9188-b22966d9dce0,lfw,Jean-Claude_Van_Damme
70ddbf97-22cc-5cf1-8ae2-873635e953ad,lfw,Mike_Babcock
7116b0f3-6bd4-5a6e-9db1-07ebef0eb278,lfw,Lee_Jun
71521af0-ae00-5184-9acb-66b27c16adf1,lfw,Fujio_Cho
7152bb72-6e1d-5b33-91b5-48e1a979e3b8,lfw,Denise_Locke
716df747-eceb-50d0-bd5f-c50051e1d626,lfw,Crispin_Glover
717720f0-9ecd-53fb-977c-97bac2768f45,lfw,Edward_Greenspan
717e1b02-38bb-545f-8209-e689d695c2ba,lfw,Donna_Morrissey
71809680-0f43-5436-a452-5a5317a47e3d,lfw,Bud_Selig
719807f7-5050-5286-885f-9d1afa0ae19f,lfw,Rob_Niedermayer
71b1aae7-ff07-5b49-83aa-d5bdab40a001,lfw,Steve_Blake
71d395e3-c133-5d07-999e-5456a34302ee,lfw,Tim_Matheson
71d39ebf-8a61-55cc-bb02-510b26340207,lfw,Pham_Thi_Mai_Phuong
71e051b5-d335-5c18-be1e-62fbcb4c88ee,lfw,Tina_Conner
71f05362-0c66-5858-8886-748426428c62,lfw,David_Chase
72190c6f-1b64-5ae6-b7e9-c1b98665afab,lfw,Cliff_Ellis
721d606b-4fde-528e-919d-5a2f7f2b48fb,lfw,Carl_Pope
722ba947-f555-5d0a-8f79-f16fe32b6d49,lfw,Joe_Lieberman
7254e0b2-972c-5bac-aa8a-d6c009f9a728,lfw,Dennis_Archer
725e49b8-7a5c-5d2a-b4d1-fa4bc72ff38b,lfw,Maryn_McKenna
7284b443-e50f-5802-ae42-4d412e8ed340,lfw,Jeffrey_Immelt
7290f8b0-a275-5789-873c-db4e2db2b7d7,lfw,Jean_Charest
72948dae-707b-5e44-a6a9-c29ceed2b88b,lfw,Stefano_Basalini
72989b89-e9c1-5239-b947-be048468a1fa,lfw,Francisco_Urenda
7298bd4b-1fb9-57a2-afa4-7838d032e756,lfw,Kwon_Yang-sook
72a54304-1c4f-55f5-ac4e-d2703b12009d,lfw,Tab_Turner
72b1394b-621c-5cd4-96fa-9828e1deea23,lfw,James_Lockhart
72b5f084-43a8-58be-be09-a4d438fae73d,lfw,Rogelio_Ramos
72c18ced-6ca8-5b1a-bf23-dda46e60a48b,lfw,Jan-Michael_Gambill
72cd1438-a96d-5283-9d57-50792b800d18,lfw,Dick_Bennett
72db87d6-4fc0-5d94-95ba-82f02ed74f8b,lfw,Zhang_Wenkang
72e8f34c-a412-5d32-afd3-ac819accd0b3,mfr2,RonDesantis
72ec5050-b57c-5c56-9d48-9570da3baf97,lfw,Ben_Wallace
72fee23b-a4c0-54f3-9fc1-7497809c73af,lfw,Robert_Weitzel
72ff45dd-be71-5e1b-bafb-2e4e7c537d8f,lfw,Leslie_Ann_Woodward
72ff73c9-a498-5044-9c22-7280e6999e14,lfw,Stephanie_Moore
7304e95a-4f1f-51a3-b55e-b69040e4f307,lfw,Anibal_Ibarra
73108958-2f61-51e7-8b38-586d65d80c8e,lfw,Dan_Bartlett
73123b15-c280-59fa-8a5d-63739150c253,lfw,John_Lynch
73235253-cb9e-5cf1-8089-d325da3aabbd,lfw,Joaquim_Levy
73361a77-cb3c-587f-8f33-2ca11fc0c761,lfw,Jeane_Kirkpatrick
733b6fef-ef04-56d4-96a8-608731b3bd43,lfw,Jean-Pierre_Raffarin
734bd0f9-7211-5ee0-a42b-dbfffd7b94f5,lfw,Hans_Peter_Briegel
73512c8a-0c11-51ea-8ab5-5f036824616d,lfw,Kathy_Gannon
7358bee7-14c7-5e55-b90f-01744c41508d,lfw,William_Cocksedge
736f2bd9-b1dd-5e7c-804e-d9da3a7fa192,lfw,Anthony_Principi
737b0a05-4fd9-5881-beaa-8964c152dbfb,lfw,Margaret_Hasley
73824ec2-915d-599b-97a2-ba373dcd8daf,lfw,Bobby_Bowden
7383b588-b35f-5e8b-b98e-928098898e9c,lfw,Christine_Rau
738b2e48-29dc-59da-a496-1025fe5b7622,lfw,Guillermo_Canas
738e1bbb-fdce-5486-ad9e-59bc15f09af7,lfw,Daniel_Zelman
73a9903d-1987-5a23-a8ca-2a9a4064e60c,lfw,Michael_Bloomberg
73b1220a-d067-50f4-b720-495f7b3ed1a7,lfw,Milo_Maestrecampo
73c4a060-1f40-594e-94a8-e015a7886055,lfw,Francesco_Totti
73cf6fb7-e32c-5307-a747-a9ec61b82344,lfw,Sean_Astin
73d30813-2d3d-501a-9ef8-ab11b6c21d8f,lfw,Benedita_da_Silva
73d40f84-1e99-5fff-9117-6f27bdd2a10e,lfw,E_Clay_Shaw
73d979a8-8833-5f9e-b48f-6c146b6be051,lfw,Francisco_Santos
73e4522a-8e80-53db-8cb8-3bd613f748b0,lfw,Robert_Beck
73e46f28-96d9-5faa-994e-9de99970b952,lfw,Ruth_Pearce
73e6cdfc-1c23-506d-a169-db70bd5290f9,lfw,Goran_Persson
73ee9c8f-c6fc-520d-aeec-750f61b5ad3f,lfw,Cheryl_Hines
73f29ba8-aa62-54f4-b201-ae82d42e9d90,lfw,Shia_LaBeouf
73f56519-4e93-5531-8cc2-a4e2e5fc7637,lfw,Eliane_Karp
73fdea0c-0f6a-52ef-9f22-2a4c8c0d179f,lfw,Jean-Pierre_Bemba
73fee8f5-3537-57ee-834d-c3dea6837cc8,lfw,Hun_Sen
74057cf2-c593-5128-9176-0e7ef8bebb73,lfw,Billy_Tibbets
740681f2-470e-50b9-b72b-8482b7b59f64,lfw,Gary_Stevens
74085797-4501-5cc0-b5f8-2b0cc1e05288,lfw,Ellen_Saracini
740943cd-2161-594b-910b-628605349a8f,lfw,Martha_Smith
742684bf-48f5-54a9-93c7-a88b0a53f3e1,lfw,Wendy_Kennedy
742ed25f-9569-56f1-ae91-225fad643e5c,lfw,Connie_Freydell
7445784c-b674-5a61-9126-41f3412a216d,lfw,Jacqueline_Marris
7448ef09-0287-586d-8074-2fa7eac432a2,lfw,Arthur_Martinez
74498020-65e4-5bec-8f13-327a08e1fb01,lfw,Andy_North
7474245a-3048-571a-a478-fc63cd3c5b7f,lfw,Alexis_Dennisoff
7475f979-80ff-5102-b5ee-299d45b8191c,lfw,Patrick_Stewart
747e866c-2884-5d7c-8f00-da4770dc74cc,lfw,David_Oh
748b71e8-5ac2-5af6-8606-276aff93afd3,lfw,Caroline_Link
749aed9c-48d4-5dd4-bb6d-2016b349dab6,lfw,Hedayat_Amin_Arsala
749bea89-1fe9-5dda-be64-b08a0469b34b,lfw,Evgeni_Plushenko
74a32050-1bc2-5bd2-8242-4ba0f25d7822,lfw,Yang_Pao-yu
74bf7266-b91d-58a1-be41-c600d6bef260,lfw,Doc_Rivers
74cb0c1c-1d14-51da-8280-56ff034bd2c9,lfw,Bob_Petrino
74d171a1-4329-51a9-9443-3dcea0d39f19,lfw,Julio_Rossi
74d6b933-a052-5289-8f0c-ec3305395cf8,lfw,Grace_Dodd
74dc9c95-d51f-515d-b7b2-a58fcfe31f33,lfw,Myung_Yang
74eee502-946e-56d4-9374-3d4718c6e2ba,lfw,Giulio_Andreotti
74ffbcc2-54c6-5e05-84eb-c5366998b108,lfw,Sadie_Frost
750d8d51-2655-586b-a256-b261109ead5e,lfw,Christiane_Wulff
751ae972-7ed6-5297-b6a4-5db1e9229f96,lfw,David_Przybyszewski
75226363-f0d9-55d0-96b3-4011ce746b5f,lfw,Jack_Smith
752a13d6-1d8b-5aef-b1ec-58eb58b5da10,lfw,Sohail_Abbas
7531c42d-f57a-5f15-9946-1f9c8e3ae5bf,lfw,Barry_Nakell
75357ba8-bbad-5716-82cd-7bbbf534dd29,lfw,Ellen_MacArthur
75358c9b-7d87-5177-ba50-a9d6694e7f7a,lfw,Hanan_Ashrawi
753b97c2-6487-535b-b255-a9ee2090e4f3,lfw,Geraldine_Chaplin
753db81e-6b0b-560e-b47b-da082a0e786a,lfw,George_Allen
75404bda-0802-5988-877c-3e657a6315af,lfw,Melissa_Manchester
75407fe4-2129-5cea-8c9d-de30a66420fd,lfw,Jason_Jennings
7546b405-ff4e-5e93-9dfe-760e9565b590,lfw,Bob_Goldman
756dcf33-9f76-5a57-8e5a-6a7862d85357,lfw,Augusto_Roa_Bastos
756e8347-8829-593b-bbc7-70cdc562da13,lfw,John_Henry
7585836a-b816-5510-bc57-cc0d29a18362,lfw,Evander_Holyfield
75a25561-4eec-5b11-83ce-7164b383f504,lfw,Kofi_Annan
75a3fe36-63e4-51e9-bc98-74a3526f2a69,lfw,Dan_Morales
75b9b8ac-36aa-5997-b380-3c92c9c1293a,lfw,Laurent_Jalabert
75c8cd16-49c2-5d97-a5bd-4be71f87f7d8,lfw,Eddie_Jordan
75d7b729-0c48-5a9a-9b67-22aa4ef82172,lfw,Alberto_Fujimori
75df535a-a77d-56f0-a9da-0c431c8e85fa,lfw,Lemuel_Montulo
75e10ab1-9fae-5b30-ae66-25e60d6cb497,lfw,Rob_Schneider
75f50a52-1e49-55fd-bb17-976a079b2789,lfw,Bill_King
7616adb6-5156-5ae8-bdce-a8909a702093,lfw,Moshe_Katsav
7617451d-6e38-5270-8586-d9ae1360cd9b,lfw,Saburo_Kawabuchi
7626d73e-50f6-5825-9de9-7cfb3d42e0f4,lfw,Alexandra_Spann
762b5479-fa2a-5877-ad4f-98e6f05c9230,lfw,Anna_Jones
7639491b-42bb-5237-bacd-5ce6f857e188,lfw,Bartosz_Kizierowski
7659aa6c-2a67-5519-8d38-64444ac39fa7,lfw,Will_Smith
765c070f-3656-5ddf-9959-366398c93753,lfw,Gloria_Macapagal_Arroyo
76692162-16a8-5b98-a0b3-61ee9f61f604,lfw,Maura_Tierney
766cc5e1-10f9-5e07-add5-ee95b72e496c,lfw,Mark_Polansky
7672dde3-a124-582c-90d8-c2adb039eb15,lfw,Ernie_Harwell
7677bd2e-526e-5dd9-aeb3-337532d4d9e6,lfw,Carlos_Fasciolo
7677d927-c3c1-5c2c-a7e8-914999aaeaa2,lfw,Susan_Sarandon
7679cf23-b9c0-5c0a-8ce4-be3aa51cfc0f,lfw,Bruce_Willis
76870a1f-d31d-508a-9045-c99428189f4d,lfw,Arnoldo_Aleman
76906872-cdf0-5eee-92c0-491832f0e525,lfw,Wilbert_Elki_Meza_Majino
7699a915-7844-56b0-a5d0-587e6b889228,lfw,Celso_Lafer
769d30d2-73f0-5f8d-93e5-a2a9dd1e0467,lfw,Chris_Klein
76a51b68-e84e-56ff-9b2d-ac7f0fb7f6b8,lfw,Ali_Bin_Hussein
76b6d405-add7-5f61-b087-66172100747f,lfw,Leonard_Glick
76c260f4-06f5-5ff1-9936-dc627c6e2c0d,lfw,Jennifer_Reilly
76cef32c-b718-52c1-a0d8-eebf784e7777,lfw,Lennox_Lewis
76d6b861-3305-54d3-9fb1-6baaf6f84af1,lfw,Byron_Scott
76da54af-2423-527a-95c3-beaf9425a95d,lfw,George_Bovell
76f96a6f-71b9-5dfe-b863-fee701757013,lfw,Mario_Vasquez_Rana
7705ae7b-ec9a-5d76-9c38-4b4d8ced1142,lfw,Chris_Noth
770983a6-cc8a-5116-b989-27f61beefb64,lfw,Vojislav_Kostunica
770a5e47-fe48-50f4-b1ce-fca1da282572,lfw,Frances_Fisher
7723a2c1-7537-5ad7-8061-0526d0578f60,lfw,Marc_Shaiman
7727cf51-31bb-509d-8746-113a903d07c9,lfw,Helio_Rubens_Garcia
772d32d8-6fc1-5485-bf35-9e27fd264452,lfw,Alfonso_Cuaron
7734eeed-f5c5-5f2f-b37c-12f8e24c7f57,lfw,Lloyd_Mudiwa
7737d65e-0723-5fed-aef8-77ed027d7545,lfw,Aishwarya_Rai
773b6ba2-0f71-53d6-aeac-ad86121ed360,lfw,Chris_Columbus
77457879-6f36-5a0b-aaf8-a719d82522b2,lfw,John_Prescott
7758bbc0-96ef-505f-b585-fedd1c881753,lfw,Princess_Elisabeth
775a48bf-bcc8-51dc-b256-47ecd0e42057,lfw,Matthew_Broderick
776786f4-e64b-5b6c-9f3f-480df5efe88f,lfw,Toutai_Kefu
77771308-7b0b-53fd-96cc-c3335371e55c,lfw,Emelie_Loit
77778970-41a6-5540-8ecf-40e47af09864,lfw,Rick_Dinse
778e1199-d94f-523e-9cb4-cf933fee4e8d,lfw,Woody_Allen
7795fe3f-3ead-5484-a7d9-7f0abbfa5deb,lfw,Abbas_Kiarostami
779d21c6-9aa4-5f0b-903a-7119c91501e4,lfw,Lloyd_Ward
77af5149-25cf-5b41-9839-e68ce462e39e,lfw,Lina_Krasnoroutskaya
77afc425-4c4a-58f1-9dd6-e7d4f69be84c,lfw,Rolf_Zimmermann
77c9ccfd-dd1b-5ae0-92c4-0e644c987b23,lfw,Graeme_Smith
77cd72a5-d20c-50a3-b844-80bc68cc0a5a,lfw,David_McCallum
77d2ae5e-068a-51a5-ba6a-ab50fba0e9c2,lfw,Simona_Hradil
77da8fc8-d541-55a2-84db-cfc3c2834fc3,lfw,Abdul_Rahman
77dc981a-094a-5c41-8808-987f53340d84,lfw,Owen_Wilson
77e8ac14-8a24-5c78-b9b6-44ab2e0f0bec,lfw,Franz_Muentefering
77f33776-a047-5d47-b63c-1704d50ff902,lfw,Mickey_Loomis
78073577-fa20-5b43-ac08-2656e775291e,lfw,Laila_Ali
784ea352-8732-573e-bce2-ab117a52ca40,lfw,Mark_McClellan
785669dc-22f3-53b7-9845-5254462577a3,lfw,Amy_Brenneman
7872e66f-d485-5d07-b0f9-156f56211e76,lfw,Hiroki_Gomi
7887cead-1eb0-52a0-9ac3-cd807196f719,lfw,Emmy_Rossum
78996b2b-198d-5445-84c0-a217d260b0dc,lfw,Mickey_Rooney
789b4f88-0460-50b1-bcbd-6dd1373ddfed,lfw,Paul_Bettany
78a1a388-0135-5e4d-b940-e98a92160343,lfw,Bill_Rainer
78c85a86-aafb-520e-be74-33d8a4cf9b5a,lfw,Javier_Vazquez
78d17ad8-e2ba-50d8-985d-7b2691ce8e0c,lfw,Henry_Suazo
78d3da13-2c50-5810-b7e4-0bdbfb0cd21d,lfw,Akiko_Morigami
78d44258-c57a-508a-927d-1fe4b36920eb,lfw,John_Goold
78d79efa-5b19-572c-9e94-7b142c256c0c,lfw,Ethan_Hawke
78e14ecb-726d-5c51-8b12-4c2ab5263cfa,lfw,Dino_Risi
78f0ab55-802f-592e-86e7-7cbdf200b372,lfw,Tim_Lopes
78f0be5b-4cd6-5985-a7f4-2979e7dcb6c5,lfw,James_Schultz
78f11511-d1ca-5b65-b824-18a9a0ca2920,lfw,Jim_Talent
78fce461-08f6-5038-94e1-262402d29c87,lfw,Silvio_Berlusconi
790a125e-193f-5ae8-8673-ff13cfe71aa2,lfw,Larry_Nichols
790e34eb-f565-5da1-b3b1-9c8b2b36da49,lfw,Joanne_Woodward
79115a2a-d823-500d-8468-f9ab8effbac0,lfw,Gong_Ruina
793bb09d-c0d6-5fa9-ad53-ab50dbdf2ea4,lfw,Cole_Chapman
795e92d2-5b6a-5a04-ba19-f8e86fc91cea,lfw,Ronald_Kadish
796204b3-b3bc-5183-9cec-86b0bdfa124f,lfw,Jennie_Garth
796d6df4-858d-5d9c-b1b6-f7346446c201,lfw,Maria_Garcia
798e4a2e-4b31-50c4-bd17-0e8dc70fff32,lfw,Lee_Ann_Knight
799030b4-6bfb-5bc3-af45-eeea7a9b4ac5,lfw,Pringe_Ernst_August
79946835-80c6-5fd9-a20d-7fc9550f6abc,lfw,Tom_Izzo
799b73eb-7b50-55e9-a649-5e2f73d02bc3,lfw,Galen_Rowell
799fd8f7-1e3f-581c-a946-c30a561337a7,lfw,Bustam_A_Zedan_Aljanabi
79a7537a-367a-5a04-93e2-065f55cc048a,lfw,BB_King
79ab32c5-e92e-54b7-8881-0a9c90e10432,lfw,Dave_Odom
79c095d7-f14d-59f1-bc05-8056d09440e4,lfw,Marlene_Weingartner
79c11511-cbc2-5b4f-83ba-c3c151f7baec,lfw,Anastasia_Kelesidou
79cda360-b29c-5e24-8bf1-eb5f0ec1dfe0,lfw,Neil_Moritz
79e1e8cf-8428-56a6-ac04-0039cc5d357e,lfw,Mario_Kreutzberger
79e5a845-dd96-57a5-a0f7-1cc666f0d23a,lfw,Ismael_Miranda
79f3d5db-eb70-5336-9358-4ed8b9ef69bb,mfr2,EmmanuelMacron
79fd5dbb-00bb-55dc-84c3-5b7b57001d05,lfw,Jo_Joong-hyon
7a01534b-a508-50ef-8418-67e44a1f14fe,lfw,Kate_Capshaw
7a0259dd-b55d-5992-9998-b8344e1e5c1e,lfw,Roy_Blunt
7a0cd703-4fe2-5047-9ae2-c3c7dc7a8f96,lfw,Dion_Glover
7a1ce46d-0fe4-5ca1-8d42-5bf7236358be,lfw,Tatiana_Paus
7a203500-bf03-5d2f-b81f-776d3ad20099,lfw,Elena_Likhovtseva
7a307cf6-b739-579d-97fa-3083beb1e39f,lfw,Colin_Jackson
7a5febc3-e4f4-56e0-804f-c721db40c078,lfw,Fernando_Gonzalez
7a637ec4-85bf-5f06-95c6-03840d5b5e36,lfw,Teresa_Heinz_Kerry
7a6a67b8-d77b-5e9e-8b44-63b7e0f26281,mfr2,ReneeMorrison
7a8610c4-86b9-521f-9c7b-1b784762a179,lfw,Rita_Grande
7a911f23-ec27-5dab-a5d1-b7a4804047be,lfw,Wayne_Allard
7a916029-57a2-5ad1-9c8a-d1afd85e7d66,lfw,Brian_Florence
7a9f1751-89af-524b-93fc-e83ed9d13d6e,lfw,Mark_Cuban
7ab41da1-45ee-53d7-9824-4334773a528f,lfw,Andrea_Bocelli
7ab67a6b-cc65-5e10-b5c4-868df6c86970,lfw,Mark_Wahlberg
7ac447a8-e88a-5a7d-bc8c-4f6b6ef7f42f,lfw,Rani_Mukherjee
7ac4fe18-e387-542d-bb84-1ff707821003,lfw,Jason_Statham
7ad3b9a3-6633-54c7-afe2-c0e42e4d2ace,lfw,Charlotte_Church
7ad83590-8d60-5963-b7ec-8a2031286975,mfr2,MatthewMorrison
7add494e-8240-5d97-9ebd-629ba712e90f,lfw,Budd_Schulberg
7adf0f5a-1b93-5fc9-bad6-cd2d213f5e0e,lfw,Eloy_Gutierrez
7af17d55-9026-5c4d-8058-90c90732ef65,lfw,Ed_Rendell
7af31c98-069e-5d77-a2af-4d8679d06210,lfw,Johnny_Hallyday
7af65720-8428-5eaf-b508-9f6f0ed71927,lfw,Oscar_De_La_Hoya
7af6cbbd-7a0b-59e9-a1ce-fd349ba0a2d1,lfw,Chris_Bell
7af8d7f4-abc5-58d4-b8c1-9b65d636db00,lfw,Ray_Sherman
7afbbc82-0fda-50a2-8b90-665e918f42b5,lfw,Mike_Easley
7b040fde-d73a-5ab7-bcb8-030fdaf3c74e,lfw,Joe_Friedberg
7b122001-e59c-5f6a-8825-27519c22a854,lfw,Ludwig_Ovalle
7b192510-9423-5002-accd-d5604fdc1437,lfw,Mike_Gable
7b1e674d-a601-5ec7-b87f-2a76b43f8864,lfw,Tomas_Enge
7b277997-55df-5815-bba0-8615ef0e6c03,lfw,Nathalia_Gillot
7b38ad5a-868a-5d53-ac80-f4463af22733,lfw,Curtis_Joseph
7b7a24e1-adff-5fd3-a5f6-f9907499f1b6,lfw,Andrea_Yates
7b971c62-4281-577c-a78a-5313ed1091ea,lfw,Kaisser_Bazan
7bbe1386-0c74-551d-a7c0-6b0b4bddaa69,lfw,Choi_Yun-yong
7bd11056-b738-5b63-bf42-98a62e14d0b3,lfw,Enrique_Bolanos
7bdb5a86-b91e-55d0-89c1-27c32baf26e3,lfw,Jeb_Bush
7be0e2c6-cb4b-5c82-ace9-2e770fa3b871,lfw,Claudia_Cardinale
7be1ae45-e573-5ffb-8a9d-6cd0d237167d,lfw,Jan_Paul_Miller
7bf752ca-41bc-5b20-a95f-32265ce848d9,lfw,David_Dewhurst
7bfa4884-c036-5bf4-8788-8c9f34a7c5b1,lfw,Matt_Morris
7c1d336e-60af-5ff5-a8fb-318cb1ad1a9f,lfw,Otto_Schily
7c22eb5a-c4ce-5616-8562-d8d219e512ec,lfw,Gustavo_Franco
7c2cf0d7-aa4c-5564-a4e3-300eb5c8ef8a,lfw,Christian_Lirette
7c2ef98a-1144-5404-94db-13e8327eb590,lfw,Jim_Haslett
7c34191a-7ea2-5b76-b5e4-6770ef1eb73f,lfw,Penelope_Cruz
7c3d2e69-1fe9-59b5-a5b2-ba8c47cc83b7,lfw,Marie-Reine_Le_Gougne
7c44f959-973b-5807-91e8-0680f95c7ee2,lfw,Rogerio_Romero
7c53da3a-9527-580b-a5cf-7b5201209cbb,lfw,Mario_Gallegos
7c557ef4-3d3c-5ebb-b093-db3d23387be1,mfr2,DennyTamaki
7c60e131-741c-570a-ae0a-052cd3bc667f,lfw,Ben_Glisan
7c6301fa-4d30-554f-a7ef-a586a40cbc53,lfw,Mike_Webster
7c6b1f75-2d90-5a70-8d5d-cb46a084d40b,lfw,Claire_Tomalin
7c6e3a74-acbb-50e6-b3f3-0675dc0c67a0,lfw,Orrin_Hatch
7c745a45-3246-5315-931d-8af368337732,lfw,Marissa_Jaret_Winokur
7c75bd43-a70b-5fda-b49f-c323dc921cab,lfw,Ian_Moran
7c770fcf-8b45-5301-9213-f3cbf8220726,lfw,Malcolm_Glazer
7c7b1bad-1698-561d-b0da-5a8b631ef6e7,lfw,Jorge_Enrique_Jimenez
7c917c3f-c2b9-5f68-b7ef-fcffd494c7f2,lfw,Marquis_Estill
7c92fd4a-a020-5faf-966d-5f793a49cca1,lfw,Franco_Frattini
7ca3c15f-a7b9-56b8-9488-593b2650b991,lfw,Carolina_Moraes
7ca9239a-2de9-55aa-934a-fc33bdf9a5cb,lfw,Mike_Weir
7cba776c-06c9-59c6-8234-dfeebae3062b,lfw,Rollie_Massimino
7cc2c702-ef1d-51ee-be4c-623ce45a8a8f,lfw,Jayne_Yarris
7ce3c965-f102-51c3-af9c-ce8944a70821,lfw,Dewayne_White
7cfb3c75-b2b7-510d-838f-f843204e0a5a,lfw,Edward_Burns
7d0a7218-ac5d-5ff1-8135-24fdcc868684,lfw,Antwun_Echols
7d270bb3-9816-58e4-a0d9-054d25a1bf7c,lfw,Steve_Lavin
7d2833bd-0ffc-5b74-b53a-e7f30ad1a27c,lfw,Roland_Koch
7d3eda94-2cee-5a6e-9dfa-d537242d01ec,lfw,Peter_Rasmussen
7d401a47-a34f-5a85-9969-a9491d6a2e90,lfw,Cora_Cambell
7d5335c7-ec8b-5346-ac02-ae5c6e0a6c14,lfw,Franklin_Damann
7d54a5ef-b399-57f1-8fbd-ff28f42c6fba,lfw,Tori_Amos
7d562c60-c473-511b-aae1-8ce51cf94121,lfw,Janusz_Kaminski
7d59b676-2929-5d6d-b517-2a367de41c82,lfw,Mohammaed_Ahmad_Al_Jarallah
7d66f5fc-f504-579c-8cba-534371fdeb68,lfw,Milan_Kucan
7d70ed15-772e-5022-98b5-059ec2d75918,lfw,Frank_Shea
7d7dd0e2-0a13-5c26-a137-ee187052f7fd,lfw,Kathie_Louise_Saunders
7d8ac2cc-c3c6-58a4-863e-076448b68ffc,lfw,Jose_Mourinho
7d932ee7-7fa0-5f03-a5f2-cd348f55b181,lfw,Armando_Carrillo
7dacd795-d7e4-5aa5-8f16-cd85e6a48177,lfw,Ibrahim_Rugova
7daf89c6-23c5-5a6d-9ff4-ed257228b98b,lfw,Cindy_Klassen
7dafa0d9-99a2-51d2-952b-f63c8fff13fe,lfw,Amelia_Vega
7db640af-000d-5173-984e-008391fe4e68,lfw,Peter_Gabriel
7db85d86-7849-598d-b2c0-fb672c2b1af1,lfw,Roberto_Marinho
7dc74cef-98cb-527a-b726-fb8f21141ceb,lfw,Babe_Ruth
7dd17f1b-40d2-56f3-8590-9cede814ad67,lfw,Sybille_Schmid
7dd7ac4d-34ad-510e-a006-fc0273315f46,lfw,Chen_Shui-bian
7de8cd15-de73-5318-ac66-e23dace0b60e,lfw,Bruce_Arena
7dfc2a1c-d64e-54f3-a222-8369d83dff27,lfw,Thomas_Fargo
7e296a25-3f48-5e3f-80bd-be3bbb772610,lfw,Nathan_Smith
7e805ee2-854c-55ca-bbc8-1ab1123a8795,lfw,Natasha_Lyonne
7e989804-2a39-5c7c-b9a2-a0194f9867a6,lfw,Igor_Trunov
7e98f6fc-f4fc-519a-83d5-5e3b3f5563b3,lfw,Karen_Sharpe_Kramer
7ea66333-aec6-5bd4-bcf6-aefa81725417,lfw,Aiysha_Smith
7eb18439-acbb-5b41-b50a-b7fac087da34,lfw,Beecher_Ray_Kirby
7eb2adda-5b5c-5400-9c0d-1bbb9bf6b15b,lfw,Tabare_Vazquez
7ebc254d-a5e8-578f-8207-ab23e78fbf10,lfw,Barrett_Jackman
7ef8e20e-2175-5969-960a-83dbe24e7c43,lfw,Milton_Berle
7f04ea44-e92b-52c2-89bf-9fda64c25fcc,lfw,Robert_Lee_Yates_Jr
7f1c3395-06d2-5813-bc9d-f7e7f04f1ee7,lfw,Martin_Brooke
7f29beb8-a75a-53a2-93d2-907520a9132f,lfw,Wendy_Selig
7f324758-458e-53bf-a222-6e06d8696a0a,lfw,John_Wayne
7f3c03e3-e202-5c0e-9cc6-e9a2698678b7,lfw,Richard_Tubb
7f50e751-bbda-5ba8-9b12-b96adfb81b36,lfw,Grady_Little
7f5cddef-40a1-5c9f-84c2-225216daa4a5,lfw,Brett_Hawke
7f6ac3c1-c208-5ad0-b785-68236c382dce,lfw,Arnold_Scott
7f6dd1a6-8964-5bf4-869f-62f6ba42a880,lfw,Collis_Temple_III
7f724f29-1f26-508c-8488-b2d82c934047,lfw,Rick_Bragg
7f74a615-a254-56b0-b115-32d601866717,lfw,Fatmir_Limaj
7f883431-02d1-5ecf-a5cc-d5c4eb2233bf,lfw,Brian_Gregory
7f896cf8-a9f6-5d6c-babe-cbfb5ddd7389,lfw,Herb_Brooks
7f9bb308-59e0-5026-b7a5-3c5998659559,lfw,Ahmed_Chalabi
7fae0e56-09f2-5007-adb4-a1fff22b1e80,lfw,George_Clooney
7fb39500-297f-514b-83b6-b1483032dbea,lfw,Rob_Lowe
7fb969aa-c3bb-545c-a69e-869b7e44406c,lfw,Steve_Peace
7fc2eab7-df5c-5f66-bcc3-4eb4773186c6,lfw,Jude_Law
7fca6a63-12b4-5d13-a770-6c0ecfa123fd,mfr2,LadyGaga
7feb390f-6fe7-5c33-a2b3-1d6d61b0facd,lfw,Mike_Martz
7fef7c59-0fc3-569b-b01b-160cbd70d2a7,lfw,Thomas_Scavone
7ff03407-bcbf-51c1-b213-cef16528241e,lfw,Tim_Robbins
7ff7fc7a-c9b2-5d29-a415-7e5ad8011456,lfw,Donald_Trump
8007fcfe-3133-5137-ba60-a7e3ff4ab0f1,lfw,Sara_Silverman
80126b8d-e3ff-58ec-8aec-8e21f6df0ee6,lfw,Rod_Paige
8018afe2-db53-56f3-8622-018f3343db7d,lfw,Eddie_Compass
80250fee-288f-5ce8-b116-8488f442dc0b,lfw,Melissa_Etheridge
8027451c-b57c-51a1-abc5-9d8ea241af6c,lfw,Bobby_Jackson
803192ba-63d4-5453-a3f5-7b2565e8bbcc,lfw,Jackie_Sherrill
8040dd0c-d500-58b4-8692-7853165e36a6,lfw,Javier_Delgado
804a0bc0-705c-51c3-8f6d-aa9cf131dcbc,lfw,Jamling_Norgay
804fadce-1b12-54cb-a226-0ecafedaa76e,lfw,Brad_Banks
8058ae21-7cb8-586a-b56c-a8973f1651dc,lfw,Mel_Gibson
805ca0e3-e55e-53d7-ac30-c8a1d294d22b,lfw,Charles_Richardson
80626f6f-4cc7-5000-a4f3-b4f6322bf8c0,lfw,Carolina_Kluft
807491a7-9d3b-518b-9b07-41b0c224b1ed,lfw,George_Tenet
808900ed-04d7-5b42-adf9-17416c2acdec,lfw,Brad_Gushue
808a3ca7-8f96-5ded-8867-25b12268afe1,lfw,Robbie_Coltrane
8095c444-3eb4-5704-be67-d77a5846f768,lfw,Darren_Clarke
80a38e2b-3c1a-52a7-a591-ab6b0f17fe8d,lfw,Mary_Katherine_Smart
80aba847-0d6f-5863-90ea-d0e2be9a844c,lfw,Kelly_Osbourne
80b22177-e50a-5002-98db-bc82eb60e3db,lfw,Max_von_Sydow
80c6dc93-2e5f-5f15-a961-3a1826896b0c,lfw,Jimmy_Jimenez
80cf8ae6-3271-5d95-8790-a30bd759b6ac,lfw,Juergen_Peters
80d7acb5-7e40-5db7-af58-21c751108070,lfw,Cathy_Chisholm
80d800bd-bcec-5d6f-bcc3-223048e11985,lfw,Billy_Boyd
80e4eba8-0019-5903-b538-65023d3d681e,lfw,Stacy_Dragila
80efe2c7-00a7-5896-8a5c-337acd75d00f,lfw,Masao_Azuma
80f59b70-178e-5c6f-9c22-53931aee5cd5,lfw,Esteban_Cordoba-Velazquez
81096cd4-54b8-5561-bcd0-63603466ca36,lfw,Eddy_Hartenstein
810a7d8f-7ad8-5007-8423-34e339a8b658,lfw,Marcelo_Rios
812e2a2f-c019-5cf9-a544-b6a49b65bc89,lfw,Hestrie_Cloette
813c708f-c335-58eb-9271-2acea80e10df,lfw,Mark_Foley
813e5e60-a4de-5225-86ff-849c5c4a069e,lfw,Jennifer_Connelly
814842b0-8442-55e8-a6a6-4aed66468cb9,lfw,Johannes_Rau
814b48e6-8c4d-5034-9de9-af0ce8d5a085,lfw,Hitomi_Soga
81599aa7-d013-5a3e-a145-663b0f354607,lfw,Erika_Harold
81667e35-15cb-56bf-8b75-90163da5484c,lfw,Mona_Locke
816fc333-81cb-5dde-a1de-a362cfb63131,lfw,Costas_Simitis
8185ffce-722b-5f48-85ff-dd8ab67a2e6e,lfw,Billy_Bob_Thornton
819998f0-30de-541f-89ab-8bf49ec77bc1,lfw,Harry_Schmidt
81a33f85-0eef-5d59-a870-15abf30ebd3f,lfw,Abdullah_al-Attiyah
81a694ff-6ad7-5377-9661-d1448ec9fa78,lfw,Mohamed_ElBaradei
81b14d12-670f-5a17-af3e-0edc19c4a4fa,lfw,Gabrielle_Rose
81c29ea3-0d0c-593a-a999-089ca32e91f6,lfw,Chris_Whitney
81ccd8a6-97df-53c2-9208-b3f41a17ed60,lfw,Carl_Reiner
81e98556-41d5-5526-b0f9-3eaedd96dfcf,lfw,Guillermo_Ruiz_Polanco
820e24b1-45c5-50c2-8ec9-1550ac3c2d5a,lfw,Michael_Arif
821b56de-c9be-5d0c-9450-9ec53394c14e,lfw,Terry_Gilliam
8229adf0-15b1-5d5c-82ac-8a821cf3f00e,lfw,Melana_Scantlin
823f4965-df4a-5c4f-845c-bbf5e35f866f,lfw,Anastasia_Myskina
824e3dcc-24e1-5fe7-8ff8-879025c3efbe,lfw,Colin_Campbell
825176b8-104e-50e1-8bb4-57fe272d12a9,lfw,Rachel_Wheatley
8253dba1-4ed1-5dc1-b5e2-a4f1991fcc62,lfw,Angel_Maza
825bb1b7-35b2-5427-ac60-7e3f9b536872,lfw,Patricia_Garone
82621ca5-6271-5ac9-b3cf-781f11a1635e,lfw,Leon_Silver
82661006-54d4-55fa-ba63-4eca0f92a3a7,lfw,Paul_Pierce
826c5261-0751-55d5-9425-a53fba253431,lfw,Benicio_Del_Toro
8279e152-7ca5-5f65-ba0e-7e02aa81546d,lfw,Lee_Hyung-taik
827c24dd-5a96-5061-9ea9-41011f12c3c4,lfw,Mahmoud_Abbas
828b2afc-afbb-5c34-96d5-98b47aacf6f1,lfw,Nicanor_Duarte_Frutos
8295ffc8-3f13-5fee-9286-006e2180bb85,lfw,Steven_Craig
829ce6ce-dd7a-5518-b37c-1c5c81441f70,lfw,Malik_Mahmud
829d3ff7-cdd5-5452-af3a-2be52cecb72a,lfw,Nicholoas_DiMarzio
82aa43f0-86b1-5636-b1bf-32cb88d57b6f,lfw,Joey_Harrington
82ad1e07-f237-5549-a310-963c1db9459e,lfw,Jodie_Kidd
82b529e5-37d0-5bd1-943d-0f9e7ce2e479,lfw,Anjum_Hussain
82e7e815-d56c-5f22-8b06-8a5e5efbddac,lfw,Jim_Parque
82eae6ba-ab8f-5564-98e2-05afd8260f8b,lfw,Queen_Beatrix
82ed7b38-d252-5569-9215-0ea058e0bc07,lfw,Andre_Techine
82f99663-bc98-5117-9095-503ed8f36908,lfw,Karin_Stoiber
831035e7-5dba-5bd1-9aeb-f8278a5d3431,lfw,Phil_Vassar
831c132e-dbc9-5fed-88b4-015ec430edfd,lfw,Andrew_Gilligan
8321997b-0651-59f5-b938-1471b1731082,lfw,Hussein_Malik
8328fdd3-90f4-501f-8d54-38bdf3efd929,lfw,Thor_Pedersen
83331b65-f111-5c5a-b316-16fe3ef6c89e,lfw,Claudio_Lopez
833986c7-8659-5e90-89a3-5dc8c453e31e,lfw,Bela_Karolyi
833bbc19-d30a-5c3d-9dba-707478ccf6d1,lfw,Juan_Jose_Lucas
833ecf79-c286-56a0-9bab-ba17bb3b3c26,lfw,Anatoliy_Kinakh
833fa866-f692-5cab-9203-41e389e8c709,lfw,Tommy_Franks
83433baa-e605-592b-bf45-6da37f8a134b,lfw,Mack_Brown
834addbc-794c-5c54-a6a4-ae42af781531,lfw,Turner_Stevenson
834e1a0d-4f08-5e06-a297-ffdb88b9fbaa,lfw,Jennifer_Furminger
835c21f1-dcf3-5fea-9ff0-f9a3afd5344e,lfw,Luis_Horna
835db594-2048-53b1-9bc6-ba100ce99551,lfw,Sharon_Frey
83668f69-a06e-552b-8f6a-39e25290c68b,lfw,Fernando_Vargas
837f2812-4800-5e3a-bd54-793ebf28ecc5,lfw,Ernie_Eves
8380f68a-3ac8-5118-84f7-20a1dfed7774,lfw,Trent_Lott
838280ea-cdb9-51e9-8af0-5b8913c05ab5,lfw,Jaime_Pressly
8387452a-ec00-5364-9d47-e31d5e8965e4,lfw,Steve_Rush
839f7160-de29-570f-880f-3466d08a29f8,lfw,Donna_Ralston
839ffa5c-e6be-56ee-aaae-7e9b6071fe6b,lfw,Veronica_Lake
83a21d5b-1c7f-5885-a77e-b83b9c046f39,lfw,Pedro_Malan
83a35ba2-18cb-59ce-bcab-a0d57dbc4a84,lfw,Mikhail_Youzhny
83a59436-72c5-5c9e-b9c7-25b9c5d0a3c1,lfw,Andres_Pastrana
83a7bb0a-72d3-5222-bef9-188b69058b86,lfw,Gary_Bald
83a88755-1a90-5edc-93a0-a13c82b31558,lfw,Sue_Grafton
83af3cf1-aa16-5100-a111-092d3bf0f7ad,lfw,Manuel_Jesus
83b63dd1-c2c5-5676-a2c1-d341b35bfb63,lfw,Larry_Tanenbaum
83be3efe-8723-56b6-bea7-64562d7832df,lfw,Luis_Sanchez
83ca8f7c-73ad-56fe-9f1b-78ca175fa0eb,lfw,Margie_Puente
83d4f94d-118d-5a84-908b-7d4039cf098d,lfw,James_McPherson
83d9b426-0a5a-51d3-9a0a-8c4269d1073e,lfw,Elizabeth_Hill
83df3f61-d316-5aa5-8dd1-64c8450b2e80,lfw,Tyler_Grillo
83e0f265-77e1-5caf-950a-66b613bf1d56,lfw,Carlos_Ruckauf
83e24c08-e1c0-5e68-b020-43bee29a47c7,lfw,Mireya_Moscoso
83eaed7e-0f3a-5a99-ba4e-da77f4ff0572,lfw,Lloyd_Novick
83f65090-60b8-5ee2-a7eb-cbd5a1f721bd,lfw,Steve_Coterill
8405399a-cfb3-5a22-bdea-25ded316d7b9,lfw,Natalie_Coughlin
840644ea-4e17-567e-b4a7-78fede4ffb91,lfw,Pascal_Lamy
8410bfc9-27d6-5f00-9f16-eb8101f11c18,lfw,Hamza_Atiya_Muhsen
841a144d-89b0-5db7-a554-9f3be5ece8cb,lfw,Olesya_Bonabarenko
84263c98-aef2-505e-b63a-118a4038d111,lfw,Samuel_Waksal
8427810e-945b-59e1-9737-86ca7b9f0d24,lfw,Leni_Bjorklund
84379032-32bb-52da-b8c5-5a69e083db2b,lfw,Dan_Reeves
8445778e-cbb1-57b6-b1f7-89e8280738e5,lfw,Nathalie_Gagnon
84575f53-b155-5493-9f50-5478ec1bff84,lfw,Deniz_Baykal
8487f031-e49b-5a01-8b0f-aa45e577f9f5,lfw,Daniel_Darnell
848a88d1-2218-5041-8ecd-c0a2de8d3b07,lfw,Magui_Serna
84a2cc3e-2a15-5fc3-a2c8-51b13acc0f40,lfw,Abner_Martinez
84aa1c9d-e4e1-5e01-95b8-d9f8a55d31ac,lfw,Jim_Hahn
84b451b8-19ed-54d8-bc62-cee88eea6595,lfw,Gerry_Kelly
84ca7798-0eec-569e-a773-7e404213ce6d,lfw,Jim_Nochols
84da629c-696c-569b-8bee-ff084631a106,lfw,Princess_Diana
84e52945-cb64-54c4-83ee-6c6c840418fd,lfw,David_Montoya
84e63c68-9251-5899-95ca-4a4956b7a0eb,lfw,Joan_Laporta
84e9634c-4a74-5611-beb2-54dd449a2971,lfw,Kurt_Suzuki
84eb10e9-cbf5-570c-acd7-c178d9c90deb,lfw,Yoon_Won-Sik
84fb1faa-920e-5666-aeaa-13d7afa42f75,lfw,David_Alpay
850305d9-7258-55a2-8f8e-7e47c18a9d75,lfw,Elsa_Zylberstein
850cb100-e4f5-552d-b8fd-18faca1d602d,lfw,Raul_Rivero
8529fdcf-57f3-50ef-b3d8-55976cad1333,lfw,Fiona_Milne
852bbe97-85b5-5a0f-a45f-a5bb0c31f01d,lfw,Alfred_Ford
8539f678-babe-5725-8cf1-a19b929cbb1a,lfw,Christian_Von_Wernich
85428ab7-35d9-589e-bf7a-c291bf6a39af,lfw,Matthew_McConaughey
855b9b08-0997-5dae-80ac-2a73b461f993,lfw,Muhammad_Ali
855ba58b-a497-5d29-9570-e57449f65111,lfw,Rey_Sanchez
85819845-f92c-540a-bdbe-4f09fcf00f96,lfw,Andrei_Mikhnevich
8588c8ac-ff5d-5eaa-89a6-45b2a9d808ff,lfw,Oliver_Stone
859101ad-39a4-536a-a4b8-938f8a40ba90,lfw,Ascencion_Barajas
8593feb7-06b6-5183-88aa-296155fa0475,lfw,Tatiana_Gratcheva
8595d58c-c0e7-55e8-96ea-d8dedd4cb755,lfw,Stefan_Holm
85b271f9-1548-54b6-ba66-804dfc2dc988,lfw,Richard_Paul_Evans
85bfd41c-8cce-54e2-a44c-00c9436d0a9b,mfr2,RoyCooper
86007c28-3855-5381-8614-01ddab711b2c,lfw,Kirk_Douglas
86043abf-e986-52b2-8cc4-49b06c8f30d1,lfw,Morgan_Fairchild
8607b77f-7f02-536e-a12f-11f933c9c5ab,lfw,Mike_Tice
861038e8-2856-5e57-b6ca-eac5222f9c70,lfw,Christoph_Daum
861352f6-d10a-5fb7-8f82-211da386b303,lfw,Allan_Kemakeza
86273ca4-5cf6-50d5-b5ea-277e5f792c2c,lfw,Alvaro_Noboa
86287bb3-ac5a-582c-b544-f682530740d9,lfw,John_Swofford
862c0182-71f9-5399-bd63-b0cacd55ae2c,lfw,Hashim_Thaci
8637b80c-121e-5cce-97c9-98478b28b581,lfw,Alfonso_Soriano
86421d78-e88d-5360-b498-a87e6e2ec740,lfw,Arthur_Johnson
86444692-30f3-540e-98a2-ed695181ce52,lfw,Wilma_McNabb
864873a0-893a-57ee-8adb-584b099b8bad,lfw,Paul_Ebert
86489e18-69d4-53a6-9ac5-cfe2c00e16b9,lfw,Serge_Tchuruk
864fc5f3-651c-56bd-a004-d3b64562da39,lfw,Jeff_Roehm
86546a9f-f039-5d04-998c-9b00a6e42e44,lfw,Billy_Gilman
86567dd4-ae06-5a7a-9304-70208df34dd9,lfw,Eric_Robert_Rudolph
86747399-a86d-5273-9f85-f9d2ec9034c6,lfw,Dale_Earnhardt
86803664-bed6-5f8d-9791-a249009db792,lfw,Kurt_Warner
86839fc3-916e-532d-93f1-325063d70c64,lfw,Emma_Nicholson
86934a4b-8303-583a-b70d-75073a46696c,lfw,Ray_Halbritter
869ec2d8-ea26-5f78-80fa-deaaf2ba0fd4,lfw,Jane_Krakowski
86a4d8e8-a346-5501-b937-820b628afba8,lfw,Patsy_Kensit
86afa763-7203-5da8-8954-6804cbd5f08f,lfw,Robert_Torricelli
86c30984-4c8d-54e8-8a6f-6e298cb07f1c,lfw,Khaled_Sawalhi
86d33323-6f95-5766-b53b-71595db2f81a,lfw,Rosalie_Perkov
86d60a5c-6b6a-56d6-b8a5-98349b006adc,lfw,William_Jackson
86dcd1ef-b6f7-5049-8d88-c3fed1e7bb1e,lfw,Jennifer_Tilly
86e5a298-443c-5e53-86e8-744932dd89bd,lfw,Eli_Broad
86eff1f8-6f3e-5579-8ba2-2cf6557c52e2,lfw,Johnny_Depp
86fdc592-c88e-52d1-87f4-6aab7fd2a427,lfw,Joey_Buttafuoco
870a6454-356d-54db-a527-5443b8b93e9b,lfw,Gil_de_Ferran
870e39a1-6ae5-5a0d-b655-d6a26e3ca08c,lfw,Lee_Byung-woong
8722b4be-ecba-55d3-b650-bb6c6ee49425,lfw,Brent_Coles
8724b6f8-1c4d-5d83-9683-60afa70a3403,lfw,Armando_Avila_Panchame
87254f40-a419-5ed6-a3eb-213aa60be898,lfw,Cindy_Margolis
872aa038-b76c-5859-a852-20f7bda401da,lfw,Baburam_Bhattari
872ad302-9f99-584b-99d9-5d268897a1a9,lfw,Kimi_Raikkonen
8734a979-df28-5fc5-8222-85f653dd8f65,lfw,Toshi_Izawa
87352cb3-22af-5356-881c-073b1beb6c22,lfw,Frank_Hsieh
873f03a5-eec2-5894-a0e4-3bcb1e5db791,lfw,Nestor_Gonzalez
8740cdf8-69d6-579e-82b8-8b2b7df1abb2,lfw,Jim_Spinoza
87672c2b-f854-5fd2-9bb2-7129d41c657f,lfw,Robert_Witt
8769be4f-a446-57ae-af8f-a6a8c5df8061,lfw,Katharine_Hepburn
876fe5ba-7211-5c6c-ad70-292d7d1b7d6b,lfw,Carlos_Menem
8775c607-6785-5b9c-b013-d07a67bec54d,lfw,Rudolf_Schuster
87784cde-996f-5eac-bb43-e77877b01524,lfw,Maha_Habib
877ef747-2f30-598c-86f0-76cb89146b63,lfw,Jane_Riley
878eeda5-43cc-5862-9497-7bf9250b96ed,lfw,Himmler_Rebu
87924fec-fd93-53d3-8698-310c9f2b0651,lfw,Patrik_Kristiansson
879f3cfb-b9ec-50da-b692-15264c1bf187,lfw,Raza_Rabbani
87a53f6c-f093-57ba-984c-faf07a0a2272,lfw,Brad_Wilk
87ad33e7-89b9-578d-92e8-5ce581a86a4d,lfw,James_Ballenger
87b7f6d8-d813-5e0c-a0ef-2904f10cc140,lfw,Stephen_Thompson
87c12d01-12b8-5473-a09c-f3733a107e84,lfw,David_Westerfield
87c6414a-5593-585c-a981-06f7baa8ec7f,lfw,Heather_Whitestone_McCallum
87cc7f75-9b5d-5a56-a92e-9381ed40dffe,lfw,Omar_Vizquel
87d0868b-dac6-50b0-b7d8-9f1ff19041d3,lfw,Michael_Rolinee
87deb50b-603a-5085-8638-0bea3529509d,lfw,Hugh_Grant
87e146a4-dd2f-5dae-b710-682edf496fe4,lfw,David_Duval
87e16613-5ae9-5fe8-a889-675fee20056a,lfw,Lionel_Hampton
87e52561-d9dc-51f9-b570-87a0018ecc50,lfw,John_Rowland
87ead24e-d544-587e-8ab3-87c279c10c52,lfw,Suh_Young-hoon
87ff2941-100b-5c83-8ae2-cc38c9429cf5,lfw,Bob_Ferguson
880389be-dca0-50c7-baa8-8449fe5ba7c8,lfw,Joseph_Salgado
8806519b-c501-58f7-989b-78350cdf66cd,lfw,Tom_Coughlin
880d8626-3210-5b6c-9b36-1f3f716668a2,lfw,Ali_Mohammed_Maher
881015a2-a40a-5974-a3e0-b7f2c91abd12,lfw,Adam_Herbert
881d7fb4-3dd1-5aa4-9029-c48ae8e6488b,lfw,Michael_Winterbottom
881ee115-a394-58af-815d-5cd5695d04e9,lfw,Eva_Amurri
88228c25-221d-567a-b15b-fc00c3e7f3fe,lfw,Sidney_Poitier
8822966b-86af-5af6-ab56-0cb1d3ac62d9,lfw,Jose_Carreras
8824bf9b-adbd-5490-8fd4-d6daa97e88db,lfw,Jane_Fonda
8833a4b7-a1ce-5a4b-83d9-984bdb66e8f4,lfw,Charles_Lebois
8849361f-6382-5867-8ab3-e26ebccaf3a7,lfw,Suzanne_Haik_Terrell
8851e6ea-8b20-5939-804b-1472ea073d3c,lfw,Nasser_al-Kidwa
885394fc-23e8-5226-a99f-3eb438fc7a7e,lfw,Bertrand_Bonello
88576401-b926-53c9-8b3d-4fc5ab5bdbf6,lfw,Brad_Smith
887617b1-28b9-51a4-a360-9b7257fcd19b,lfw,John_Allen_Muhammad
887b961a-cfd4-5aa4-826b-a04bee2b0ade,lfw,Azmi_Bishara
888b26f6-4b99-5982-8e71-c7cfd339f741,lfw,Priscilla_Presley
8894e851-4900-5d04-bb3e-43e6d60e6c35,lfw,Vincent_Gallo
8895220a-9af9-5b99-b685-13e2ef04adfb,lfw,Laura_Romero
88956e99-580c-5273-bd8e-35787b80ddd1,mfr2,SteveHarvey
88a13811-eaef-5b88-81a1-9d0b1903bcdf,lfw,Tom_Glavine
88cee66e-874a-5262-aeaf-690be00c9bd4,lfw,Eladio_Larez
88ebab0b-9cc2-501c-949a-0eb36f5798c6,lfw,John_Nash
88f0a06b-cf81-50ea-8b4b-3d20b310c15b,lfw,Ahmed_Ahmed
88f6ccf0-3102-5ec8-a3fc-bc4c2599f83a,lfw,Warren_Buffett
8900025d-bda0-5059-bcc3-8d351c4a360e,lfw,Sergei_Yushenkov
89114d36-aa76-581a-9ada-635f3348cc1a,lfw,Bill_Walton
8916ce7e-34e4-533b-9885-4ffa4f6193f6,lfw,Emmanuelle_Beart
892dee21-9a0f-524f-a9d8-2a7e50659dcc,lfw,James_Spalding
89335f31-38dc-5d3a-b9a9-d071ac6990ac,lfw,Miguel_Contreras
894ea274-9690-5f4e-bbc0-c8ea44cb4271,lfw,Alexandre_Daigle
8956f3cc-1859-5f45-a62a-324bd06afde8,lfw,Cameron_Diaz
8963931d-28ce-585d-b258-6e6a12bd2c79,lfw,Carlos_Moya
89642f62-dca3-5472-8fea-ceac02bd493b,lfw,Jessica_Alba
8988ad38-a36c-5963-8818-459215ba5ffe,lfw,Carla_Del_Ponte
898c0c48-9321-517a-a231-b08306bb1c92,lfw,Florencia_Kirchner
8991457f-0db1-5ec6-a3ba-65ccef7afd33,lfw,Alberto_Acosta
89949144-7aea-55c6-b835-4895cedc0029,lfw,Bill_Clinton
89ae81c4-8506-5947-93b5-f675c95b1f01,lfw,Jason_Bentley
89cd68f1-dbfc-5b73-9039-0179d8b8c93d,lfw,Geoff_Dixon
89cf526e-970d-5a17-8813-1313d3e39dde,lfw,Luke_Ridnour
89d02812-3a2a-57e5-8f56-6338147e44d4,lfw,Michelle_Rodriguez
89d700a4-1ce4-5da9-a36a-2951ed91c0d7,lfw,Natalia_Vodonova
89da4a2c-8da4-5e32-95a3-1d1789fbb033,lfw,Cemil_Cicek
89da841c-cf51-5c75-bf88-d7414e6f4fca,lfw,Mireille_Jospin-Dandieu
89ecc4cc-18f8-518d-b75d-8ef72073102f,lfw,Zhang_Ziyi
89fa2e0f-070e-5dea-9f1c-ac4324b9dda0,lfw,Beatrice_Dalle
8a1821d7-a198-5a39-b469-868d7dac7e34,lfw,Keiko_Sofia_Fujimori
8a1ba8aa-d99a-519b-b32b-f5833463fbfd,lfw,Sofyan_Dawood
8a24069b-dabc-5826-8f70-45ebeb8cf408,lfw,Albaro_Recoba
8a2a5ec3-251c-5c70-a349-d398704f476b,lfw,Dave_Potter
8a82378a-82ab-5987-b5f3-148eea504d04,lfw,Rafeeuddin_Ahmed
8a993552-8dc5-5f9d-82cb-2f68ecc35b26,lfw,Brett_Boone
8aa3478a-3ac1-58d6-8dde-c9b67b3b139d,lfw,Paul_Kelleher
8aa7e65f-4540-52e9-bac3-d77c42f4c759,lfw,Tim_Welsh
8aa8c274-8781-567c-a794-f531d1214cfe,lfw,Fernando_Valenzuela
8aae060e-39a5-53ae-adcc-8e4a642b146b,lfw,Michael_Leavitt
8aaec5aa-04d5-5a9b-87b9-ca2687da7e26,lfw,Danny_Ainge
8abf00b6-1ce5-5698-b7d4-fd77447c9a38,lfw,Roberto_Cavalli
8ac7865c-9a42-5f89-8586-45ef2f38d7b9,lfw,Thomas_Bjorn
8acf7158-af7c-5d32-abcb-6255edaf70d1,lfw,Flor_Montulo
8ad4cfb7-70cc-566c-af9d-6546b6d84b69,lfw,Andrew_Shutley
8ad6a54b-159f-5709-81a1-c893f5741950,lfw,Omar_Khan_Sharif
8ae589bf-a32c-5238-aded-b4347163ea03,lfw,Shirley_Jones
8ae88b6d-be2e-5fb0-b742-a3303b274fae,lfw,Ziwang_Xu
8ae8dcb2-d3c4-56f7-ab48-d11005e89fc8,lfw,David_Modell
8b089d7e-fa07-594b-b9ae-d44522ca6446,lfw,Cass_Ballenger
8b14a9d9-a63d-59d6-97a2-1a7f6e88862d,lfw,Alyson_Hannigan
8b1b2d6a-7ecc-5298-9dba-bef3a955c8d5,lfw,Dave_McGinnis
8b2d25b1-7807-5f91-8204-22caab849023,lfw,Itzhak_Perlman
8b43a3ba-0d3e-58d4-bdb5-9cd7b2fcc291,lfw,Tom_OBrien
8b4ee82b-7be5-5445-9507-8902d6d9e654,lfw,Colin_Prescot
8b5863c8-70f9-59c1-8f26-fe8b621b8f6c,lfw,Adam_Rich
8b83559d-2330-584e-9211-57dcb1be1aa3,lfw,Alanna_Ubach
8b84d694-4e45-5997-bf1f-d55d74dc7879,lfw,Charles_Cope
8b8b33d0-de63-55d7-8df3-865639222296,lfw,Paul_Otellini
8ba21f7b-74fc-522a-b48b-974b7a2dd98b,lfw,Eli_Rosenbaum
8ba3ba44-380b-5c22-9642-7059dd731c6f,lfw,Sara_Elisabeth_Ahmad
8baad6c3-60e8-525d-a1b9-6fe608250d3a,lfw,Piers_Sellers
8bb9f7e2-f7db-51c4-8e77-9117daf23445,lfw,Mary_Jo_Myers
8bbdc9da-b674-5b4f-b66f-00dd8ce17ba4,mfr2,AdrianDunbar
8bc19418-976c-5090-bbd5-becfaf325acf,lfw,Mesut_Yilmaz
8bc45068-ee98-5bc0-a2df-201254c65bde,lfw,Carol_Niedermayer
8bcb112b-f2d2-502b-a951-10fcda2f8314,lfw,Steve_Karsay
8bea0e23-44b8-562b-a22b-f1cec817ef95,lfw,Bill_Herrion
8c09f81e-d1bc-5c8d-8196-c67ecc320688,lfw,Millicent_Martin
8c0c7dca-ca50-5259-a781-57deaf67fd49,lfw,William_McDonough
8c17d534-e581-5231-ad85-cd9efb8f60f0,lfw,Andy_Hebb
8c22d41f-ab25-567a-8937-5a2789d4586c,lfw,Patrick_Ewing
8c25e17d-77f7-52f0-b906-ffadd31aa3b5,lfw,Joshua_Harapko
8c3b9037-ecf1-5fb4-9dbc-e736ce10786a,lfw,Brian_Henson
8c4e532b-b696-5330-937e-2f8253adbf01,lfw,Lew_Rywin
8c6ea300-82c0-5188-807c-58633dbe847e,lfw,Quin_Snyder
8c718e76-804f-5208-9e25-83c8e14666ee,lfw,William_Overlin
8c74a8d1-6bc8-5b38-8a69-fe8cef91e60e,lfw,Roger_Winter
8c7dfdf3-5a6b-5752-aa3d-0ddfabbe08f5,lfw,Tracy_Wyle
8c8a8acd-57d1-5f29-8833-18884c7cd22e,lfw,Cindy_Taylor
8c8dd852-9b24-57cd-a6c7-8d0159ad8ba3,lfw,Virgina_Ruano_Pascal
8c8f7512-caee-519b-ad1d-411f432e496f,lfw,Chris_Forsyth
8c9cce89-5315-5bde-8e6a-1e89b3e8b4e2,lfw,Wilbert_Foy
8ca2c36f-b963-5811-b15a-51a237930f22,lfw,Robert_Evans
8cc06c1c-989c-542d-b511-d95211b09aec,lfw,Richard_Barry
8ccbe60e-d765-57d5-a33e-c9bed0a9f311,lfw,William_Hochul
8cd58fe1-81ac-50f4-8f62-36b3b6873f46,lfw,Devin_Harris
8cdaa0c4-4a23-52d3-a8ba-f351f27893d2,lfw,Ivan_Lee
8d157a22-e2c4-5777-9af8-3194af93303c,lfw,George_McCloud
8d21129e-41fb-5fa1-9581-8145573e5119,lfw,Debra_Rose
8d2196ed-bb8f-52a1-9ad8-5fd0cc9e7600,lfw,Ozzy_Osbourne
8d30abcd-2f90-5ae1-923c-6c27c97b4e55,lfw,Wayne_Newton
8d38692c-9557-5598-a6a6-ff2a2f9dc92b,lfw,Brandon_Inge
8d5a2428-5794-5a27-8af7-efcee4727770,lfw,Gerard_Kleisterlee
8d628126-03c9-5fef-9602-53bc7b0e1833,lfw,Peter_Ueberroth
8d64b92f-dace-5206-b553-a8044813fb9e,lfw,John_McCallum
8d6605a0-ebcc-5aca-9f75-e33f3d1a9391,lfw,Mariam_Ali_Hassan
8d6cf73d-b6a2-5130-94c7-1ee696bab89f,lfw,Kwame_Kilpatrick
8d7750cb-a370-507f-b15f-1af113a080ce,lfw,Hernan_Diaz
8d7e9514-a88f-5a15-a09e-a6407561cdd3,lfw,Marion_Barry
8d9c56be-44dc-5e14-8d27-6cc3e23f32e5,lfw,Melina_Kanakaredes
8da3dd2d-1254-5735-8b8c-7203b94fcc77,lfw,Elena_de_Chavez
8da46fbe-21c4-5a74-8df5-e1456322d995,lfw,Enos_Slaughter
8da94a42-2274-5588-9d90-d39086c3c184,lfw,Jan_Peter_Balkenende
8daaa20e-05be-57e4-89f0-84dd8d5e816d,lfw,Lance_Bass
8db0e409-ca07-5f0c-b0cc-b28cf7234ed3,lfw,Danny_Green
8dbc654c-2f26-5fcc-be65-664df539d426,lfw,Emmanuel_Filiberto
8dc1e94a-43d0-57ba-9b2a-23b2a38b528b,lfw,Hank_Azaria
8dc7deaa-aac1-5fbc-afca-24e8e4ad1f8a,lfw,Kiki_Vandeweghe
8dd0e6ea-b52b-5411-852d-b5146a01974f,lfw,Pedro_Velasquez
8dd7b7c8-3cfc-5836-b9e9-ad1ae81f2409,lfw,Bonnie_Fuller
8de67dde-066e-5468-9ed1-b77a549df011,lfw,Ben_Stein
8e105cb4-9dd9-5c4c-ab87-e6d708a3ace7,lfw,Denis_Coderre
8e14caeb-d87b-5ea5-abef-ffa3255149ab,lfw,Prince_Harry
8e1b6df5-9bfd-572e-9b8c-da38c5e8ed17,lfw,Phil_Cline
8e2066d1-efc3-54a8-9463-89eba1804393,lfw,Tiago_Splitter
8e33a7cd-ba48-5af3-8c2d-bcfc5aef62ca,lfw,Juan_Pablo_Montoya
8e3cfea5-9433-59bb-a1ca-4a7cabefef4a,lfw,Chris_Gratton
8e53a48d-40ec-5a96-abdf-d2acff6c3a0b,lfw,Adrian_McPherson
8e56cf9b-5b3e-5ae8-9293-44195fde893f,lfw,Chris_Swecker
8e686ae7-d91d-5364-898c-d6cc7aa52068,lfw,Henri_Proglio
8e6faf12-c883-5898-9d55-abaaacabff1e,lfw,Michelle_Collins
8e713dd5-3222-572d-be93-e15229c86642,lfw,Marieta_Chrousala
8e759f09-c9a9-5137-999a-65bfa2414503,lfw,Phil_Cullen
8e866025-6836-5a5a-9a4c-a5137a2c3a55,lfw,Bernardo_Segura
8e87fc30-5bd6-5975-b470-2ba7a236dff6,lfw,Ellen_DeGeneres
8e93ab9a-92ef-5cf9-b286-47279a398613,lfw,Akhmed_Zakayev
8e93abf5-d53f-5a8d-868f-384673d0ec7c,lfw,Mary_Steenburgen
8eaadcbe-ad16-506c-b9b0-aa00b3d23f2f,lfw,Richard_Naughton
8eae122a-64af-585a-af33-c295603abd12,lfw,Masum_Turker
8eb7c9d3-c79c-50d0-b865-89351b76f370,lfw,Janez_Drnovsek
8ec3e38b-cfe7-543e-8e6f-c5f759efee12,lfw,Mary_Elizabeth_Mastrantonio
8ecb1ed5-5cc7-5982-ab3a-ba4f3d4327d6,lfw,Annika_Sorenstam
8ecc5472-e52d-58ee-92f5-fac7727ab4cb,lfw,Ramon_Ponce_de_Leon
8eec39c1-0024-5a0c-86fe-d0071dabbc7b,lfw,Shae-Lynn_Bourne
8ef2e13e-bed3-541e-b479-0ceccf3240d9,lfw,Mike_Duke
8ef4a786-c443-5364-8b98-9aaf56435cbd,lfw,Dick_Cheney
8ef61c39-73d2-5901-92de-dc570fb93223,lfw,Brennon_Leighton
8efb87b6-4f29-5c70-acb8-6e46dfaa0453,lfw,Charlotte_Chambers
8efec692-d68d-5958-b9f0-821d62c5055b,lfw,Rudolph_Giuliani
8f084423-0485-5d0a-8f7e-dd19034655fd,lfw,Gen_Meredith
8f122591-51ac-5a4f-bf93-8226aaa666a9,lfw,Garth_Drabinsky
8f1ba6f5-4d95-5f73-82cb-838ccf6fc945,lfw,David_McCullough
8f26929f-94ef-52ea-bf70-43ae0eba52a8,lfw,Michael_Killeen
8f2c4fad-cadb-57d5-89f7-a42f151cb124,lfw,Luc_Montagnier
8f3b51e0-f9fd-5741-9590-13efd6d20d31,lfw,Stella_Keitel
8f3e74f2-f552-520b-a15a-206341689137,lfw,Anwar_Ibrahim
8f47b2a6-2670-5797-9e1a-0b047abfedc7,lfw,William_Bratton
8f486e18-f2ca-5d31-b02f-0af7f6ed8f1f,lfw,Joel_Todd
8f4a050a-7f25-5f8a-b6d3-6501fda9e098,lfw,James_Robertson_Jr
8f4e6b32-dde5-5dc8-be8a-7b9723ecf607,lfw,Jennifer_Aniston
8f73a9e4-4dbf-5a73-90db-f03905630887,lfw,James_McGreevey
8f8d5100-0aeb-5363-a5d4-2f0b68f048b4,lfw,Yuvraj_Singh
8fa9da45-4fbd-5921-b6bb-834f05b420b6,lfw,Yu_Shyi-kun
8fbdfedc-b253-56a4-8dce-ec701b6c7024,lfw,Jose_Rosado
8fc745a2-cf81-59a8-b765-00ed8d742701,lfw,Marat_Safin
8fc9b5f6-89b5-5a4f-afe1-d5b5ddf958b9,lfw,Shigeo_Nagashima
8fea4a29-303e-51e2-a6d5-147b1dbdbf1a,lfw,Claudia_Schiffer
8fed23f8-3b68-58ce-ad0f-41f690b039ba,lfw,John_Herrington
8ff1cfb9-185e-5ba5-9476-62db5eb0f7ae,lfw,Michael_Capellas
8ffefa93-058f-5a7e-88e2-f0a82055fdad,lfw,Adam_Ant
8fff8040-998a-5a96-a251-d1e3f3df0b6b,lfw,Phillipe_Comtois
90005e5d-0626-5b81-8f07-afff9f7e8861,mfr2,FloydMayweather
9004c806-f6b9-58d2-9b56-122cac67ad33,lfw,Lily_Tomlin
90105eb0-7fbd-599a-bd2c-12b9e4f2616c,lfw,Julian_Fantino
9014aaa1-2ea9-52c5-9dfe-23960af374a2,lfw,Thomas_Manger
9015f885-5783-5589-ae25-d32f764afaef,lfw,Paulo_Cesar_Pinheiro
901d7bf8-34ad-598f-a931-efbc683f5770,lfw,Kyoko_Nakayama
90295984-7d9f-59a8-baee-03ae2478c93d,lfw,Jose_Canseco
9033fe98-736c-55cd-b91d-86d6fd36c153,lfw,Jelena_Dokic
903e3392-a4f7-5590-9e8a-5f2851435954,lfw,Diana_Ross
9040c031-e82a-5c09-b092-85f1ef472e38,lfw,Kevin_Garnett
906551c6-866d-5b0d-aad1-0f174a19c45c,lfw,Kenny_Brack
9069e1e0-1cb7-5473-9f10-847868867472,lfw,Bashar_Assad
9085718d-4337-54cb-801e-69c6e1182f8a,lfw,Jessica_Biel
90991402-b945-57cf-8c82-b6556ffae6a2,lfw,Franck_Cerutti
90995dcc-c8bc-5332-b052-52d34fec5533,lfw,Noel_Niell
90a3b02d-1f91-5794-9afa-531459e692d8,lfw,Mary_Landrieu
90a5b298-e7ca-525b-96d1-d52de6f90b0e,lfw,David_Millar
90b687af-2c09-59a4-80ac-69efafd39a96,lfw,Boris_Henry
90b794a6-d58b-5cf0-babd-8786f501dfc8,lfw,Carolyn_Kuhl
90c041ad-7af3-599a-81ac-d51a45b1be52,lfw,Wim_Duisenberg
90d5bb92-790e-52cc-80e8-f6e42e790660,lfw,Edith_Masai
90dc8034-487b-5abc-9cdd-7acd3d6f79be,lfw,Dave_Tucker
90dd4eec-1ecf-50e9-9d3e-2170aff76833,lfw,Takeshi_Kitano
90e24ab3-468d-56d3-97c9-dea47199d837,lfw,Jerome_Jenkins
90f26243-83f1-5b75-81bd-4645c345842e,lfw,Tom_Smothers
90f760ab-c8f0-55f8-88ed-0262ebab1533,lfw,Calbert_Cheaney
91079088-2745-5b0a-bf28-f23d483bbe04,lfw,Dot_Helms
911fd285-0d52-5550-a8fa-dfdf5e7d2e8e,lfw,Jewel_Howard-Taylor
9134a9be-452f-5a9a-b78f-e3e46e40075e,lfw,Cindy_Crawford
913e8c9f-11dc-5d43-8b2a-1464e69d4753,lfw,Vinnie_Jones
9142a1b4-4289-53b6-ba0e-da033882a79a,lfw,Bertie_Ahern
91486b84-6797-5cbf-babb-3cc224c3dd39,lfw,Peter_Albertsen
915317f1-1b72-5f76-844e-a538e6d7b5a6,lfw,Chris_Tucker
915a71fe-5141-5eeb-bde9-35fefb753701,lfw,Marc_Bulger
915ecdc4-983f-5482-8831-aeed0fe915cf,lfw,Masatoshi_Koshiba
9162be8a-0b3d-58b0-aa6d-42643f0c2ceb,lfw,Chea_Sophara
9165a880-4fb9-5b7d-a458-dc54bbdae385,lfw,Marvan_Atapattu
916f38eb-bc60-5be4-8cb5-4d9b1904f8e4,lfw,Tom_Poston
9175dc89-606e-5b75-b0c6-bc61bc9b37d4,lfw,Kevin_Crane
917e4962-b430-5b7a-b0ba-a2f5fdea4758,lfw,Brandon_Knight
91854e57-f5f3-5359-a0ec-148d1d20236f,lfw,Geraldo_Rivera
919c29dc-8290-5fd4-afdb-41cca020d0e8,lfw,Jose_Genoino
91a359de-7c87-547c-a846-88db889a7ba8,lfw,Justin_Leonard
91aa73d4-e262-55eb-870a-94580e90081b,lfw,Ralph_Sampson
91b0f530-c7df-5bc3-be1e-72825ed2ac96,lfw,Sergey_Lavrov
91b6f3b5-5c9d-5b25-be85-5f6f1b18b77f,lfw,Martin_Burnham
91ddf475-5871-562f-b2b2-6edf18b81626,lfw,Mark_Komara
920b804e-e23f-5045-abf3-2eb435def70f,lfw,Bill_Mauldin
9216f9fb-9527-5eb3-a860-e30091831ca9,lfw,Nick_Cassavetes
921ffd8e-00ab-56a1-b20d-bdca0bd44193,lfw,Fran_Drescher
9226ac6b-c080-5b4d-a50b-8ce451ac54b3,lfw,Regina_Ip
9240cf51-8f99-538f-bf12-358d79e8c222,lfw,Danny_Avalon
924234aa-1faa-58b2-abf0-c9a4056ab028,lfw,Mladen_Naletilic
925471d7-a35f-55b1-a647-0b274cb33b93,lfw,Ann_Morgan
925ba3a2-56a8-5a52-b8bd-a035b4aa9033,lfw,Hushiar_Zebari
925c3383-c48e-56e1-87cd-1a266248433b,lfw,Thabo_Mbeki
92815ff4-eca3-5e49-99d0-9aec983c13da,lfw,Raul_Cubas
928a4db3-5741-5195-b1fd-bc0a7c11bd0e,lfw,Mark_Stuart
92b0f4ec-61cf-52d5-aaae-e3609664790f,lfw,Robert_Vowler
92bd4cfb-460b-5b73-9198-c43199ade045,lfw,Doug_Melvin
92c20824-af9a-564d-814b-5603dfbaea93,lfw,Nancy_Powell
92dce81a-35a8-5ce4-abd0-486c3a328d99,lfw,Robert_Blake
92e0682c-8d45-53ba-bed2-25f90c895f28,lfw,Elton_John
92e57863-cb5e-518a-8744-3d7c29d43589,lfw,Kalpana_Chawla
93032993-a717-507b-891f-4d40934d4f98,lfw,Cherry_Jones
93154d86-26e1-53b1-bc9d-344574cde210,lfw,Magda_Kertasz
93230931-56a5-5a32-9104-936db67812ab,lfw,Antony_Leung
93261f93-fba9-5b3c-b165-44f1bff10050,lfw,George_HW_Bush
932a820c-6317-5509-8f94-201abe7fcd66,lfw,Laurence_Tribe
932af2d8-350a-5c19-b8cd-70fa2f566941,lfw,Mitch_Kupchak
9332f976-9eb8-5e2c-aa40-1b1786e3ee63,lfw,Serge_Melac
9336fc00-a898-5c94-9c37-6e7c810d4d38,lfw,Jaromir_Jagr
933822d9-83b0-571c-8275-d36d73ea4dab,lfw,Stephen_Swindal
934004d6-6846-5db4-b593-ad7dcdb12626,lfw,Szu_Yu_Chen
9340d80d-96f9-5d9d-b8ce-16efaba68f5f,lfw,Gonzalo_Barrientos
93495203-b0a9-5131-accf-3ba875cacdc8,lfw,Mike_Samp
934d84b2-86cf-55ac-83c8-20bf134fa8aa,lfw,GL_Peiris
935e60c1-e991-50bc-8fb3-46d7576786ee,lfw,Prem_Kumar_Nair
9361d9db-4fbd-5c67-b88a-f29aad2e5965,lfw,King_Bhumibol_Adulyadej
9363abdd-3dc5-5954-a358-44ee8b0d877b,lfw,John_Connolly
936d3b2e-b614-50d8-881e-8bf99cf679ee,lfw,Yasser_Arafat
937eea3f-fd0a-5d88-91d8-dca264985a6f,lfw,Vernon_Forrest
93965546-35dc-5f05-bb44-f1c2b931f905,lfw,George_Gregan
9398ba61-8a99-5818-966a-25cae19c00c9,lfw,Pedro_Martinez
93a26cba-3325-589b-b8d8-92e27b43ec69,lfw,Faye_Wong
93a4eb57-43de-528b-a8e8-8f291ecf06c5,lfw,Ricardo_Lopez_Murphy
93a8ffe7-4c6b-5fbe-9801-f9352947e317,lfw,Bison_Dele
93ad67b0-8630-5b6c-8398-c338f7c43c86,lfw,Pedro_Solbes
93ad858a-71bf-51c9-b01d-9687de3a9130,lfw,Afton_Smith
93aff726-347f-5e33-b237-e8137242d9a5,lfw,Paek_Nam_Sun
93bf7b09-1745-507a-8941-74dc2a0633f0,lfw,Reggie_Miller
93c5e8a5-4353-599b-a59b-4ca355befdfe,lfw,Javier_Zanetti
93cfe988-40b9-5f63-88d0-974f9b393242,lfw,Randy_Brown
93d9c798-323f-517d-a71b-dd423a5c810f,lfw,Vladimir_Golovlyov
93de3338-4e32-598e-9886-6f5ae51a70ab,lfw,Mary_Maddux
93e2ca1a-7bf6-5661-b9fe-6957a3c5001e,lfw,Adisai_Bodharamik
93f7d2cf-89d0-5006-b413-4ab5b2ce1398,lfw,Aaron_Sorkin
94052c29-b5de-5ea0-a687-1bf1e92da0ad,lfw,Stephen_Daldry
9407208d-7f7d-5ed1-b7de-4b270d8fdef5,lfw,Michael_Guiler
94078554-14ec-53fe-a92b-61b4af56f849,lfw,John_Engler
940d0cd2-8d02-5564-bd7e-7f06e6ebecfc,lfw,Wanda_de_la_Jesus
941b8ad0-1b87-5fd0-a3aa-d853705d1504,lfw,Jacqueline_Gold
9427d111-299b-5e1c-a84f-7e29b5e73fc6,lfw,Cedric_Benson
9436d418-d7af-5298-9fbf-29857fb5b3a2,lfw,OJ_Simpson
943f7972-a928-5e64-954f-26e7eb849a48,lfw,Kathy_Baker
943fc23c-29a3-5c8f-bc07-a0f3c0c5dee0,lfw,Gael_Garcia_Bermal
944896ad-d625-537f-b7a8-a3d79fe46ee6,lfw,Rubens_Barrichello
945185b4-b055-5f7e-be0b-62470b1804e4,lfw,Lou_Lang
945b7c02-87e5-50f4-9d3f-c4c7d80b8fe8,lfw,Lois_Smart
946a2d72-aa2e-5c41-9eea-cbcefd59cc36,lfw,Marty_Mornhinweg
9472a6ce-71b8-52dc-834f-8b30b4052388,lfw,Marcelo_Salas
94739bf5-b365-5ecd-9e27-be1398f65570,lfw,Michael_Schumacher
947a1a9e-772f-510a-8d81-c5d446deabb9,lfw,Thomas_Enqvist
9487155a-6778-59e5-b74e-2b3a9edd6d85,lfw,Michael_Hoffa
94890f8e-f301-5ef5-a37c-d8b7005e98c7,lfw,Demi_Moore
948e27b8-b651-561d-8a12-df6bf4fc23b2,lfw,Deb_Santos
948fbec6-39b9-5b81-b8a3-b82647cb0c80,lfw,Jack_Nicholson
949e904f-9f09-5dbc-9fec-4b958aae8b4b,lfw,Jeong_Se-hyun
94abdbaa-c235-5f15-af8c-7c134f4291e7,lfw,Valdas_Adamkus
94b4e360-04d1-5b01-8c8f-4a321794a342,lfw,Terunobu_Maeda
94d81345-212d-5292-804e-b5dafd502727,lfw,Herb_Ritts
94dcdaed-69be-5cc2-8319-26fe5c643a91,lfw,Paul_McNulty
94e9b0da-3eef-5f89-a8c7-0f6e2ee6fe50,lfw,Mariana_Pollack
94eb1c7d-d1bc-50db-951b-e6293bdfba4f,lfw,Raymond_Arthurs
94f36a7c-91f5-50f7-8120-228f190ab8a7,lfw,Alexander_Payne
9507a278-f533-515f-ae92-a2d3830fe757,lfw,Debra_Yang
950dd1aa-64cc-5499-9923-7d440c56e443,lfw,Robin_Williams
9518a9e3-a442-519a-a5dc-75a7cc44c973,lfw,Faisal_Saleh_Hayat
9518e3ec-af5b-562c-a888-31e0f3b906a2,lfw,Oleksandr_Moroz
9526e872-1d70-5685-bbf1-309ea2b8f05d,lfw,Bill_Paxton
952915f7-fcea-599a-aa2f-141c8ab26f66,lfw,James_Sensenbrenner
9530a0f8-b078-5bb0-b955-6edbef353065,lfw,Kevin_Gil
953993a6-239a-51b9-a600-ea4661660cc8,lfw,Stephen_Cooper
954036fc-925d-54cf-8340-12ae74bed7cc,lfw,Leonard_Schrank
95478828-b532-5fe6-8484-b02a9259f214,lfw,Andres_DAlessandro
956c5ba1-563e-5ead-ba9a-c867cfa4ad1c,lfw,Arnie_Boehm
9577d97e-a0cb-5951-a9ee-9cff1ef2be82,lfw,Margaret_Okayo
9580eaf7-3d65-5069-a5d0-d4b06dd2a033,lfw,Michelle_Yeoh
9582860b-63ab-5388-bf6e-9a59ac99be2c,lfw,Maria_Simon
95967247-effa-5efe-8ebe-5c08095943a7,lfw,Bill_Curry
95a3a0b7-206f-52b4-8878-47f457044017,lfw,Andre_Lange
95afd0cd-1235-52b7-873c-005826d903fd,lfw,Peter_Schultz
95b9900e-6543-583f-9339-588a18fff9d8,lfw,John_Perrota
95ba4a04-2dc2-5cc4-8cfc-3332800198ad,lfw,Albert_Costa
95ba8389-532e-5b53-abf7-85d9707a0f4b,lfw,Roger_Moore
95bf387e-8ec2-5790-ab78-4385cee314f6,lfw,Lee_Hoi-chang
95d08ca8-754f-5c88-80e1-7206c22f9a9f,lfw,Paris_Hilton
95d3e7cb-310d-509c-a2e4-b3e5f41c743e,lfw,Kevin_Harvick
95e155a8-ce4a-5cec-a161-32d810854387,lfw,Andy_Griggs
95e7a2c7-7fb7-5748-80d6-2cd39c828d1f,lfw,Stephen_Ebberharter
96059d73-dc6e-5838-b16b-54809129d5a8,lfw,Jerry_Angelo
961839ad-e2fb-5ae4-a41e-e28ff6a7e9f0,lfw,Serena_Karlan
963d93b3-79a9-5ef1-b9e9-a555de76432b,mfr2,TomWolf
96401505-51b3-5edf-b90c-f8fd9f608019,lfw,Zinedine_Zidane
9649bcbc-5bd0-5277-9465-4dabd93a0a3f,lfw,Kirk_Johnson
964a0351-17ef-5e4f-9f99-83c66b7d3616,lfw,Lucio_Gutierrez
966c29be-b112-5c0e-b26d-553b37bb8736,lfw,Andrew_Caldecott
96700c0e-cf98-50d7-875c-7d99c8753ba6,lfw,Thomas_Birmingham
9670783b-9757-555b-b920-cce3c622a651,lfw,Mike_Bryan
967294a3-9f5b-5f14-8b04-3429b6d1a9ed,lfw,John_Anderson
967ad108-c18b-528c-b56a-1a376128d6cf,lfw,Halle_Berry
96802963-2d27-5f73-bbb7-f927a1b9f682,lfw,Ivan_Stambolic
9680ac9e-6629-53b3-b35e-0b6bd7b03a99,lfw,Roger_Toussaint
96949a3f-2583-53fa-923b-8836b1c668c3,lfw,Gordon_Campbell
969f310c-4a46-5982-b149-2d3a148b375c,lfw,Erika_Reyes
96a7cb2c-3e88-5c71-954c-7cda56660368,lfw,Timothy_Goebel
96c6028a-43ed-50d0-b35d-72af2d5223f6,lfw,Steven_Seagal
96daa871-948e-51c7-b1ef-ef0ebe897c06,lfw,Lene_Espersen
96f5eddb-54ed-571b-8c2f-41bdb843be44,lfw,Chris_Cornell
975610f5-7141-59e5-997e-cfdda47df6b4,lfw,Yoon_Young-kwan
97571fd4-fed3-550c-9b59-9d2c96beb3e9,lfw,Joe_Strummer
977b16a8-1c66-51e4-a8ef-b41b59862c50,lfw,Lawrence_MacAulay
9789dd14-e0a5-5195-a943-f0c6e86c4438,lfw,Rodney_Dangerfield
97985c23-37d9-53be-b300-c88837873663,lfw,Chuck_Eidson
979a13e3-8406-5960-a7a5-a8e938b39cba,lfw,Kostya_Tszyu
97a88e67-2815-5aaa-be0a-95317a5ceed7,lfw,Heather_Mills
97b53ddd-0427-5bd5-8da9-0f250ad6a490,lfw,Vaclav_Havel
97bc6c33-bee8-50b7-b1d3-8d72784ba71b,lfw,Antonio_Cassano
97bea19a-99dd-52f5-bd8d-f1f3a477939c,lfw,Leander_Paes
97d71fb6-b340-5a3c-990c-94f5c0bef4d8,lfw,Hermann_Maier
97f7dd23-fad9-5923-988e-135993f31049,lfw,Heidi_Klum
97fc124b-1c35-5817-a47e-4a0879d9c6da,lfw,Jim_OBrien
980c451c-4087-5bd8-b295-1184190975ed,lfw,Scott_Gorelick
9812b361-bd1a-5c74-8726-1cc78f67735e,lfw,Sushma_Swaraj
9814ac92-a33a-5679-bb15-56767e890164,lfw,Michael_Bouchard
98215e40-2721-59d5-92d7-382d7a2368ec,lfw,John_Kerry
9827ac27-caf3-5d14-bd9a-959d5a43d3a0,lfw,Michel_Duclos
9828263a-9fcf-5ced-bd56-7d5e5929072b,lfw,Peter_Sejna
982e1ecb-fad2-5e9a-a112-e7c054f07c7d,lfw,Sadam_Hassan
982f4d31-50c3-5d26-a3dd-22e65f9ed7c8,lfw,Paul_Newman
98344375-b071-5912-9845-a553c46d2936,lfw,Raja_Zafar-ul-Haq
98352281-9ac4-5462-93ce-06332926857e,lfw,Shimon_Peres
98489b31-0027-5af8-8f77-3fd3e71c4103,lfw,Diana_Krall
984f0861-93f1-57df-93d8-32906a265304,lfw,Leslie_Wiser_Jr
9852c920-cb3b-56f3-ab17-c0be7503e7f1,lfw,Aaron_Pena
9858ac82-b494-5d5b-b875-13f9e9e18dfc,lfw,Al_Cardenas
9860ca99-3084-5e13-b259-7a4ce3796fec,lfw,Ismail_Abu_Shanab
98696943-2f63-5adf-9b50-f3db3012996e,lfw,Allen_Rock
9876affb-9f8a-5602-a626-3267abd7acde,lfw,Frank_Wycheck
9884b5e9-2444-5cab-9800-589dcddb9f32,lfw,Jose_Serra
988ad6dc-131a-553e-890f-059378a9bd69,lfw,Suk_Chung_Hong
989fb32c-da24-50cc-8f09-e93a96ad18ee,lfw,German_Khan
98a35088-a727-5ef0-9d7f-afd5fe5621b9,lfw,Amanda_Bynes
98b413f8-72b1-5dbd-b1a3-1599bc7f1f5c,lfw,Janine_Pietsch
98c3a1c4-9947-5f64-b416-8e0037dd9842,lfw,Christina_Aguilera
98d57a30-bdb3-53e8-b666-b359a7e1f195,lfw,Chyung_Dai-chul
98de8da8-dccf-52b1-9cf3-c334001cf725,lfw,Susie_Castillo
98e70b65-2257-5102-9040-8c10ea3c56b7,lfw,Alessandra_Cerna
98f7b832-f25b-54fa-8c8c-fd39106c0bd3,lfw,Claudio_Abbado
9900ab04-0df3-5310-a4cf-24303af8c09a,lfw,Andy_Garcia
9901a8b6-c2cb-590d-a8c2-ff2130fad2e9,lfw,William_Donaldson
990b2d95-d3e0-5636-9100-276d518278a5,lfw,Ai_Sugiyama
991c78d9-d9d8-5a64-8c75-76d5af1d0f38,lfw,Kate_Lee
9928dda9-5d1f-5b2d-a620-477be22b3fc6,lfw,Lucia_Kenny_Anthony
9933482d-2d4f-5493-99f4-bddf2fd29c47,lfw,Pete_Gillen
993a9cf5-6d1f-56d7-b2ea-43cb0bc7d113,lfw,William_Shatner
99416126-0028-57cc-b7b0-c2e48e59b530,lfw,Mayumi_Moriyama
994d8856-0bbf-50da-bc06-2a70aa7a6369,lfw,Cuba_Gooding_Jr
994f3896-120f-5a25-912f-66038bdac902,lfw,Mario_Dumont
995955ef-45d3-50d5-aecb-226103b4ffd2,lfw,Hugh_Carey
9959b709-4248-55d4-924d-2fb0ad417e9a,lfw,Michael_Munoz
99649833-fcbc-51a9-a8bd-497dcd65fd50,lfw,Ray_Romano
996b90c7-1c22-5a0c-8911-695bc3da3de6,lfw,Patrick_Bourrat
9971595b-a4a9-591d-9f68-9724603d2e27,lfw,Philip_Zalewski
9971f95b-2b5d-5d3b-b064-df83bfbcf4b6,lfw,Gerhard_Boekel
997a9b73-b9c7-587e-9aba-7fda5af8c59f,lfw,Mary_McCarty
997ecbe5-5ef1-528f-bb61-7098cb8f52c2,lfw,Dave_Lewis
9984d4c1-b5c5-52c1-9761-086f1f72bb34,lfw,John_Elway
998e1af9-2b46-5786-b704-4d520b4dba5f,lfw,Perry_Compton
998f85e9-7499-544f-8eda-14648a83349b,lfw,Tim_Norbeck
99a62aa0-3c5c-54ea-9251-5a2455e44d31,lfw,Larry_Campbell
99ae2d69-2a06-564b-802e-1d8096d1a65d,lfw,Gary_Dellaverson
99b8cc4c-9157-5a15-8f27-5552b45310cf,lfw,Uzi_Even
99c83227-f6e4-5aca-8a07-e6b760f1410b,lfw,Robbie_Mc_Ewen
99d4aa17-c434-5b9d-9a16-357da4d02f6a,lfw,Tony_Cummo
99d96ef7-681c-51f4-988b-c6b1c7182a19,lfw,Roger_Cook
99def355-0113-5e4a-a76b-8f9793e1d8da,lfw,Darryl_McDaniels
99dfe262-d036-5991-b602-c36a9f18b142,lfw,Shamai_Leibowitz
99e27e56-9757-5f9d-bc82-a35334d9c427,lfw,Scott_Dickson
99ffdcc6-cea4-5138-9070-4fb5bbb3a630,lfw,Jim_Kelly
9a02c0b8-57af-5b63-8624-7b39221dd5a4,lfw,Alex_Ferguson
9a1d2678-8766-50c5-8127-56662c6d418b,lfw,Alan_Trammell
9a3bb21e-1538-5664-9392-412103d7395f,lfw,Naomi_Campbell
9a4bf60e-a2a3-53c5-9320-3fc2f78f9a22,lfw,Adel_Al-Jubeir
9a4d836e-a115-5adc-a3d6-b62dfbfedb68,lfw,McGuire_Gibson
9a56811b-2ff4-5795-95c7-f3ed07e16f9b,lfw,Joshua_Davey
9a5ebf81-08fe-541c-aa79-8c7339933feb,lfw,Patrick_Leahy
9a6a680d-6c4f-5842-b6ea-635c87ae4daa,lfw,Peter_Chan
9a6ae7fb-8b4d-5bb3-9281-6f97067c4c86,lfw,Michel_Temer
9a91ce3a-173b-5d00-be55-4e697c1c1ff6,lfw,Sigourney_Weaver
9a9a176c-6fcd-5267-a10c-a70a75e657d0,lfw,Dave_Williams
9aa02ac8-cf48-55d8-b89f-a28192c82170,lfw,Jane_Menelaus
9aa897cf-0b05-54e9-8cb7-54b40cb93797,lfw,Ahmad_Jbarah
9ab19939-a5f9-5d87-ad0a-8b3c90e7ec26,lfw,Steve_Backley
9ad3d2b7-f8ee-5b84-862a-b14d4760ab0b,lfw,Andrew_Bunner
9ada6a89-165e-5ea2-a230-0cd930d1e382,lfw,Michael_Kors
9ae5ce0e-d82d-5739-92df-ada548873a56,lfw,Michael_Doleac
9af113a2-0597-5042-9094-8166a75f9374,lfw,Lance_Armstrong
9af67192-962e-584c-a325-c758fc5b7e8d,lfw,Camryn_Manheim
9af8e58d-62b4-51ba-a426-9648e6871f79,lfw,Shafal_Mosed
9afdf801-3f97-500e-8863-c63d852fa539,lfw,Stefan_Koubek
9b06fa0f-a4cf-537e-a6fb-65b50f35179f,lfw,David_Coulthard
9b086d05-8a63-5099-a7cd-cceed5056167,lfw,Christy_Turlington
9b167694-d458-5258-a816-4a3b11568826,lfw,Leon_LaPorte
9b3cdc6d-8793-52b0-b2d3-667f5d0fc03b,lfw,Guillermo_Coria
9b41ec96-2ba0-50c3-90b8-9735496f874b,lfw,Hideki_Matsui
9b4cb5e3-394a-5691-8059-adfbf04a5a54,lfw,Arsinee_Khanjian
9b70d679-5bf1-545b-83f7-218c27e6d6a4,lfw,George_Roy_Hill
9b8d1896-f2b8-5af7-b803-b7eb365de5cb,lfw,Brian_Clemens
9b9bd962-a965-5cef-abe3-d020f5311254,lfw,Michael_Andretti
9ba589cb-d109-592b-b79f-262adfe7b373,lfw,Kieran_Prendergast
9ba9fdc4-bb2a-510d-aa28-f963728b94d6,lfw,Frank_Keating
9bb22bbe-c254-5049-93dd-09999bcb3355,lfw,Zach_Parise
9bb2da00-3333-5ff0-a87c-8cf7231f4f56,lfw,Marina_Canetti
9bb2e94e-5e70-53cc-8b72-3f1d8ee09ee8,lfw,Jon_Constance
9be391b1-b020-5863-89e9-8da065255799,lfw,Greg_Owen
9be3960c-6f80-5475-a16a-065c91b94384,lfw,Tom_McClintock
9c010f7b-61e3-557c-8222-9801a4a0acd7,lfw,Edward_Egan
9c017074-0d39-58f0-bb66-b1433ba6e5e6,lfw,Herb_Sendek
9c024156-fc65-5642-8588-f3086b1a7e7b,lfw,Daniel_Osorno
9c15682e-f709-531d-863d-3f5a5c0ec08d,lfw,Chang_Sang
9c1c0f47-3bfa-581a-a021-d97334538c4b,lfw,Richard_Sterner
9c225ba1-4eed-5074-a1f9-e8d8422149cb,lfw,Richard_Haass
9c2680da-d94e-5ed7-ba20-46d167ac725c,lfw,Kelly_Santos
9c2b3f68-cf21-5104-a36d-57d6fb8ae774,lfw,Christian_Gimenez
9c3f5b75-2b5f-59e1-8f8d-f3f8ad8c9f28,lfw,Betsy_Smith
9c45ceb9-3b94-5da3-a615-66b9033f8932,lfw,Martha_Martinez_Flores
9c5f67a9-415f-5742-a71b-84fbe4c8de77,lfw,Frank_Taylor
9c63ed8f-7a23-5d6c-a98e-322b2fbc584c,lfw,Eduardo_Duhalde
9c6a8e05-7857-5050-9d76-eb49b83a3cb8,lfw,Peter_Greenaway
9c82e65b-2875-56f9-9054-36f84b5699bb,lfw,Jamie_Villafane
9c844bea-84af-5472-a29b-16027f51a0c3,lfw,Gina_Lollobrigida
9c8a7f09-6521-596b-b250-01fdc3454c79,lfw,Eric_Taino
9c9b2061-0aab-58a6-a524-a24d1e000929,lfw,Yasushi_Chimura
9ca55da1-917e-5849-aced-e99fff991825,lfw,John_Lawrence
9ca7eeff-a7a2-56d5-bd86-81be4d521d99,lfw,Sarah_Price
9cafcf21-3817-5119-a3c0-95c7b3b6988c,lfw,Mohammad_Khatami
9cc38864-d1e1-57d0-b57f-c2427c6f7dc0,lfw,Hank_Bass
9cc3c8fe-5d76-524e-8557-b29476e82bbe,lfw,Bernard_Law
9ccf082b-0862-5a33-8e40-a1f7ee3e2745,lfw,Uma_Thurman
9cd232b5-d54d-5e0d-8e77-95865abd21af,lfw,Tonya_Payne
9cd4ba36-bae0-509c-aaed-5eef07c5d7da,lfw,Valentino_Rossi
9cd6829a-6131-59c4-853a-a3e0384020bc,lfw,Ross_Verba
9ce72ef6-ceaa-5a96-b84f-9a68afc501eb,lfw,Paul_Johnson
9cefc186-722b-50a1-9e1a-59b8c9e348af,lfw,Robin_Cook
9d015983-a2a1-52bb-b107-595fcee06b28,lfw,Gary_Paer
9d040539-a901-5696-baa6-7d5ba41c557e,lfw,Wendell_Bryant
9d043f57-acd0-5dd3-ab9a-c4a84f8b4f32,lfw,Rahul_Dravid
9d0ca6e4-c36b-5b2e-a0b5-1ea0084e3008,lfw,Larry_Harris
9d1751cf-8939-55f0-8f25-235dc4bdb5fa,lfw,Rosa_Haywa_de_Condori
9d1dee13-d165-547a-b3e7-932612907b50,lfw,Vincent_Spadea
9d2b5cbb-a683-57f0-9c97-8a690ab5f476,lfw,Richard_Rodriguez
9d2b9587-73fe-539a-b84d-1bda5a83e83c,lfw,Shingo_Suetsugu
9d5cf5ab-ad15-5549-90d7-a1b95a69068b,lfw,Emyr_Jones_Parry
9d620672-fade-5442-86f6-7aca0c027d6d,lfw,Cheryl_James
9d8272b2-d292-5e93-be65-ba61c9136ba4,lfw,Ronald_Young_Jr
9d8893cd-07c4-5330-9d84-fcb7b96cff8d,lfw,Dan_Bylsma
9d936634-af04-58ca-9342-0bb74705185a,lfw,Sheldon_Silver
9dac9069-4576-502c-a75c-2fc85cff7f21,lfw,Basdeo_Panday
9db5926c-dea1-55f4-9a43-58e37df19904,lfw,Artieas_Shanks
9dbbc130-082e-598e-b28e-d41e8dcbaf94,lfw,Joe_Glover
9dc2a0cf-78eb-5078-b80a-20e16dea64de,lfw,Jessica_Lange
9dd3f456-3dbc-5d2b-a1a5-5d737821a456,lfw,Kim_Chinn
9dd87873-c662-5a0f-bf0f-fa12aa6e02dc,lfw,Noer_Muis
9dd9d566-1012-54ef-87dc-d1604414a996,lfw,Charles_Chandler_IV
9df38663-0ab3-55bf-a8a5-9e3843da73b9,lfw,Kultida_Woods
9e0a0fd4-f43a-5c55-920a-d5300fca731f,lfw,Stan_Heath
9e179379-2680-5f5a-8fb1-3ba5dc1ef138,lfw,Sheila_Fraser
9e236832-803b-5d1f-9896-8a2fe2f00353,lfw,Des_Brown
9e2d797c-90ee-5b3e-9be7-2d3cc379617c,lfw,Felipe_De_Borbon
9e3894e9-d13e-5030-9125-c9aae64614e0,lfw,Stephane_Rousseau
9e4ac2a6-fc50-5ad2-8953-fefe656bc959,lfw,Haydar_Aliyev
9e51f0c1-1063-59dd-88b2-80111acb6dc2,lfw,Bob_Krueger
9e537a35-2c4a-5f8e-8387-a960336002f6,lfw,Randy_Johnson
9e5e1051-9d81-55b3-8f1b-d09f33f13cf3,lfw,Isabel_Orellana
9e610b23-50be-5b54-943d-c5f6b13b7425,lfw,Monica_Gabrielle
9e622c1a-0d02-5bf2-9728-fbb7992a49b4,lfw,Brendan_Stai
9e6bfbe5-4c53-5d66-8709-eb0426656b37,lfw,Joy_Lee_Sadler
9e817685-e1b5-50bd-a7f5-d10ba3631e92,lfw,Taia_Balk
9e890abc-4ba6-518d-baa0-fa4ff56b0875,lfw,Phil_Johnson
9e8c3197-1509-5c09-9bb8-dc2db8eef62c,lfw,Juan_Ignacio_Chela
9e9aafd1-7a69-515e-9fff-102f1118cfae,lfw,Dianne_Feinstein
9e9ebbe8-6440-5e31-8dd5-1c54042c2a76,lfw,Ron_Kirk
9eb2b362-aa43-51ad-bd84-ecbf6281911e,lfw,Helen_Darling
9eb4c05d-b13e-5beb-8165-37bee9101434,lfw,Antonio_Palocci
9ecb4521-96ab-5e3e-9cb3-37630b436670,lfw,Jason_Sorens
9ed0b883-1f49-52a9-b318-600fc3fda013,lfw,Victoria_Clarke
9ed0c800-21fe-5066-a367-56ee9cd6d0da,lfw,David_McKiernan
9ed1b1fc-01eb-5dd7-9e6a-25a24cf6dd1b,lfw,Jen_Bice
9ed8e94c-87ca-5f49-a920-4d9e107309ae,lfw,Corinne_Coman
9ed991fa-aa15-538a-8ee5-a28145577403,lfw,Bob_Iger
9ee4d782-e14d-5439-9ae0-ec2b7b565602,lfw,Ahmed_Qureia
9ee83a63-1cb4-5edd-b328-2ab8e4251f4a,lfw,Bart_Hendricks
9ef6c459-84eb-5b3b-bd79-d3bb5fb258d1,lfw,Thomas_Wyman
9efa9fec-fd54-53ab-8932-0a7acf415abd,lfw,Mariana_Gonzalez
9effa258-43aa-5f44-88a0-e895211936e4,lfw,Butch_Davis
9f00be0a-979c-5504-a4d2-fa6d088df219,lfw,Luis_Pujols
9f0495dd-9403-5258-a766-a5403948fd81,lfw,Marco_Archer_Cardoso_Moreira
9f060756-5554-504f-9f6e-782a9e23b102,lfw,Jim_Calhoun
9f15d1c5-dee5-5be7-9909-2a858952e23d,lfw,Robert_Douglas
9f461968-c0c7-5e4b-b38a-4c01be21e2e3,lfw,Reinhard_Buetikofer
9f488efb-cd73-52e7-b58b-2b292ba9cbaa,lfw,Bernard_Ebbers
9f4b0c2c-d0fb-5a36-bf5f-b8d207f6078f,lfw,Roger_Suarez
9f4b1db3-7b88-55d4-8c47-2de3385fac6c,lfw,Ricardo_Sanchez
9f56d91d-a915-5d7e-95b4-89fab7767189,lfw,Natalia_Dmitrieva
9f5ef78f-db17-564f-a9f5-4a47c5e24274,lfw,Kevin_Satterfield
9f626025-d568-563f-bb95-4ba50414e7fe,lfw,Jack_Welch
9f6450c5-a912-5164-92b7-eab7d1249b35,lfw,Guangdong_Ou_Guangyuan
9f6d6f25-f33b-52d0-a8fd-bf0625fe1a5b,lfw,Jackie_Dennis
9f82b0a6-ef2e-5610-a085-b714658c4b52,lfw,Edie_Falco
9f891240-c6b1-5fc3-93a6-433a9f9394ca,lfw,Elena_Dementieva
9f894b4b-c2f5-568f-b925-f14c9555c912,lfw,Wilton_Gregory
9fb0a333-a6a7-5fd3-892d-15bf803edd85,lfw,Keith_Lowen
9fcfdd96-347b-5cce-a474-5249e580db42,lfw,Hiroyuki_Yoshino
9fe3f088-a42d-5ded-869b-51700902e88c,lfw,William_Murabito
9ffde402-330b-507a-821b-110bc5b2fbe8,lfw,Miguel_Juarez_Perez
a0015a86-9f67-59cf-9614-eed81688537b,lfw,Richard_Parsons
a0078d8c-96e3-59e4-8995-453d605dec27,lfw,Paul_Gascoigne
a00a2ad6-9e6c-5ea3-b21e-92485b82379e,lfw,Charlotte_Rampling
a014f2bb-9e25-5031-8fba-6f94a41b9edd,lfw,Monica_Bellucci
a0170210-f38a-5996-a581-1c09f489aafb,lfw,Antonio_Trillanes
a022b4d2-0aaa-508b-a68c-8dcdf89d98d8,lfw,Georgina_Papin
a0318663-ce42-59bb-93e1-93c061f36ca2,lfw,Jennifer_Keller
a0337860-d050-5624-8e31-adbdcc225b1c,lfw,Nicole_Kidman
a03c34d6-1970-5117-b812-a8bd1db52886,lfw,Douglas_Meester
a04477e6-63f4-5cf6-9681-5c29de3ff3d5,lfw,Joshua_Perper
a0517d1a-85d1-5b4a-a68e-59cd8e9a26d1,lfw,Shinya_Taniguchi
a052f5ef-8a62-516c-b423-9d5c6e265c41,lfw,Betsy_Coffin
a05ae0c8-3c4e-5ce9-8026-c1487f57dafc,lfw,Ernie_Fletcher
a05bec50-ce14-5d18-9765-9bcfc17518d8,lfw,Chung_Mong-joon
a0611e9f-6b1d-54a1-ad29-6ba18ce0b831,lfw,James_Mathis
a06b9e3a-31c1-578a-83cf-76411fc2b878,lfw,Ed_Mekertichian
a06dd999-d521-587b-ade8-5383e9b9a3a5,lfw,Lee_Tae-sik
a08c39b5-f857-5db9-974d-75722f79a21e,lfw,Val_Ackerman
a0945840-91a1-5ad6-b6ad-35d5287e7594,lfw,Nancy_Humbert
a09790ac-f989-5cb2-a2a4-79b696a368b4,lfw,Jeff_Weaver
a0a3f308-caf4-5cf5-b5b4-c5d9a7ac51d9,lfw,Shane_Hmiel
a0ab190c-7dc4-57f8-80e3-2ad3fe09389f,lfw,Thomas_Rupprath
a0bce35a-17df-551e-922b-b2655c1a1d1f,lfw,Sandy_Wise
a0dcd259-1497-5005-aabf-7351ebceac85,lfw,Fabiola_Zuluaga
a0e2efd6-1a4f-5813-a92c-745a2ebae2ad,lfw,Eva_Herzigova
a0e6da08-dff7-58da-86fc-63d258330512,lfw,Sanjay_Gupta
a0f8e1e6-179f-5f29-92ad-5c08a0bf7eca,lfw,Dustin_Hoffman
a10d061e-d956-59b7-819f-446ceda232d7,lfw,Craig_David
a111a7b3-eeba-52e5-955b-e457017775af,lfw,Matthew_Ouimet
a118b4a4-b27b-50cc-bf61-c71e6deffda5,lfw,Barry_Collier
a11c90ee-7be2-5b47-a392-6419ce8b6eae,lfw,Syed_Abdul_Rahman_Geelani
a1223f4a-a8b0-5c80-8460-c320686904fe,lfw,Svetlana_Koroleva
a12829f1-26c8-54fd-99ce-8c834dca5098,lfw,Spike_Jonze
a131e6d2-4812-56db-8d1b-c539489fc01c,lfw,John_Snow
a13a63c4-5ad3-5ff4-b967-4f898d56bfdc,lfw,Kathleen_Abernathy
a1468b52-32c6-542a-8901-17324803a21a,lfw,Kosuke_Kitajima
a15a6b52-0ea4-51c3-b2e6-cd8cd7ebb8f3,lfw,Luciano_Bovicelli
a15ecee3-fb68-583a-bee2-21c734ab6e6a,lfw,Christopher_Matero
a15ef1f5-4633-5f26-8cce-b74f73f46d53,lfw,Desmon_Farmer
a1696d9d-d2e7-5f05-9ed3-18656fcabea3,lfw,Yoo_Jay-Kun
a17ad230-01a2-563a-91d3-31f076503e36,lfw,Aline_Chretien
a185294d-4915-5036-993b-d8e4c09b7e85,lfw,Jamie_Cooke
a19c6fee-c3d6-5e41-8121-6ec6b51fc56b,lfw,Karen_Pereiras
a1a61475-9df4-5a63-8dc9-8fcfae35bea0,lfw,Bernadette_Peters
a1ab235d-3eee-5d19-b6b7-b4df1d489405,lfw,Fujio_Mitarai
a1b279ea-a7cf-5f1e-9d8a-c2efe250581d,lfw,Andrei_Konchalovsky
a1ba0545-5e74-5cbb-80a0-c475b5ff51d5,lfw,David_Brinkley
a1d27869-ea4d-5df7-9406-68c2053104ac,lfw,Martin_Frost
a1df0f09-bd21-51c1-a9f0-ad47edfc4ed0,lfw,Julianne_Moore
a1df10aa-6d35-5f63-84fd-8f4f49e64064,lfw,BJ_Habibie
a1e4f70e-f21d-54f0-a139-f486cd9dcf29,lfw,Angelica_Romero
a1f2c51d-d30b-5bbe-b2ea-4d0d1862effe,lfw,Leonardo_Fernandez
a2187cc4-cdea-5a24-b65f-7e862f4d6e04,lfw,Gillian_Anderson
a21baf2c-1c2f-53e5-9dbc-fdead39b7af7,lfw,Billy_Crawford
a21f5ebd-aa80-593b-b458-2973e7cbab96,lfw,Tanya_Holyk
a22f82e6-c72d-5163-8d07-eb090db249b4,lfw,Craig_Morgan
a23aab4f-7ddf-5ea3-92ba-8ff3d6c15bf9,lfw,Jim_Ryan
a23f6bbf-7134-5b27-9c2b-8ef26514ad76,lfw,Mo_Elleithee
a24e9427-32db-5638-b9e6-5bf80fe1f36d,lfw,Jim_Letten
a251a7a4-efd8-5304-b843-b16e7c7ac9d4,lfw,David_Scott_Morris
a25dddbc-7337-5617-91d0-e23c4283e2ed,lfw,Doug_Duncan
a26110d4-4b4e-5103-b689-c14dd43a2e9d,lfw,Michael_Denzel
a26edd6b-216b-556e-82d0-1b4d876f525a,lfw,John_Paul_DeJoria
a2904b77-0c3b-530e-993d-61a8dd5b22c7,lfw,Eric_Clapton
a29a6b63-a570-5c64-8a69-dd99f44168f9,lfw,Carl_Levin
a2b0ae5c-40ed-51d1-a84d-c45c532ea93f,lfw,Alberto_Ruiz_Gallardon
a2b65046-5246-5eea-b109-b0133fc315b6,lfw,Anton_Balasingham
a2cbd8f8-6ad3-5dfd-89b2-0c973fe5ec5d,lfw,Dirk_Kempthorne
a2d26497-7850-5d21-bb27-1c159e4fbd25,lfw,Dave_Barr
a2d27c4a-3937-511f-b760-907c8becbe89,lfw,Sean_OKeefe
a2dc5b61-e30b-5235-be34-6c8111ea302c,lfw,Frederick_Madden
a2e0224d-d33e-54bb-bc61-f3d70d536561,lfw,Stan_Kroenke
a2e4c342-f0ad-5265-b980-d63ba14e294a,lfw,Malcolm_Jamal_Warner
a2e8844e-aa85-5ca0-9a2d-b8bcf6a4b854,lfw,Christopher_Amolsch
a302c9b6-8b73-51bd-8818-b32f134f7bdb,lfw,Vicente_Fox_de_la_Concha
a303ddfd-2585-5901-9c28-299911341924,lfw,Ridley_Scott
a308ee96-88f2-577d-a2ab-883ad5a0ac9c,lfw,Noer_Moeis
a316a741-7d37-5ec7-b802-e9b6ec4a0478,lfw,Dionyssis_Georgiadis
a3330e8d-0625-50b0-a137-02259eb54fd4,lfw,Eric_Lloyd
a3353ffc-5cb2-5c04-a704-93340f017fb1,lfw,Taoufik_Mathlouthi
a34c31ca-65ee-5ecd-bbca-6bf9851b9785,lfw,Eric_Shinseki
a35133cc-ab23-52bb-b7b1-83dc33cc918f,lfw,Anderson_Varejao
a351f0c4-91f2-5299-b9dd-bdc2ab1cd8d6,lfw,Rainer_Schuettler
a364c874-cb37-5978-a766-5ef647862ae7,lfw,Goran_Zivkovic
a37de5a3-6a52-53fe-b5a8-6da0b00e6702,lfw,Dustan_Mohr
a38fac79-e09e-5dc2-afed-d0345a91a4ac,lfw,Mel_Brooks
a3a3787d-5de8-541f-9013-96a03323e4d7,lfw,Ralph_Friedgen
a3ba3c47-78e3-593c-a66e-853ac87f3850,lfw,Bernard_Kerik
a3d5d8a8-54c3-537d-9280-f6f51ce60888,lfw,Erin_Brockovich
a3dc5660-e9c6-5443-bc4f-314b387bb151,lfw,Infanta_Cristina
a3e50018-9fb2-5bcb-862f-971a0df55faa,lfw,David_Ballantyne
a402b6a5-81e2-5d85-a3e6-4721c1b250ee,lfw,Mary_Zorn
a4031cb8-c59f-5e59-9fa5-9bea43e45c69,lfw,Eric_Rosser
a405161a-fe0c-5d7d-8484-36ba5b408ee3,lfw,Andy_Benes
a40b1ab8-f6a8-5d64-a7c5-fab10a70946f,lfw,Hamid_Karzai
a40bea56-7c48-53f4-b1a9-7b3f3ed22174,lfw,Casey_Mears
a40d6d34-1c56-5b33-a598-6983d25ef318,lfw,Inocencio_Arias
a41c2388-68a2-509d-97e3-f768b9d633fc,lfw,Luis_Fonsi
a41c529a-1838-5605-9843-0dfd673f07fd,lfw,Drew_Bledsoe
a4342b2f-dab0-5442-9e8f-4841f1b7a489,lfw,Elgin_Baylor
a4506b46-22da-5178-8238-1ebb42ea5ff9,lfw,Andreas_Vinciguerra
a4536520-3297-5b6f-b675-b831502f25cb,lfw,Bob_Huggins
a4777848-f51c-54b5-b9a8-a56f5428c4ef,lfw,Martin_Landau
a4a9e28d-4672-5f5e-94cb-e4c813730f54,lfw,Alina_Kabaeva
a4ada313-f78d-5501-af87-4a0830262ac3,lfw,Brendan_Gaughan
a4b7f45d-3329-5dbb-bad6-dbb66d8f5063,lfw,Chris_Pronger
a4c803a6-c50f-5a00-853a-ef9ce78ec8e7,lfw,Richard_Reid
a4cbf3de-06b3-5e77-8679-a6843fcf17c7,lfw,Alex_Gonzalez
a4ce6311-7961-58f5-af3c-78fd71f1a617,lfw,Khatol_Mohammad_Zai
a4e24689-20c3-53cc-a9c1-92a3264c89a5,lfw,Pamela_Anderson
a4e86915-970e-510a-9973-dd67aa38901e,lfw,Brian_Lara
a4ecea99-c2af-50d6-b06e-37a14d6f7eb3,lfw,Nikki_Cascone
a4ff63fd-c871-58d2-b2ac-8d695b82f86d,lfw,Darin_Erstad
a5055af4-73f4-54c2-a4f4-d92888f9c180,lfw,John_Duprey
a50e8c07-e530-5c4e-a82f-b05520f143e1,lfw,George_Voinovich
a5104cfb-c625-503d-b17d-7edbffc93910,lfw,William_Delahunt
a516d2ee-72c1-5edd-b8cf-df332333cf1e,lfw,Chris_Cookson
a540970e-fdfb-521f-a6b8-69bb363e2910,lfw,James_Smith
a544af9b-efde-537f-b1f1-46ccae2300c5,lfw,Antje_Buschschulte
a5458cf3-85ac-5ad6-8d38-ca1a5ee6e5b2,lfw,Hal_Gehman
a55c945c-7900-55a6-a660-8796eb1a61cb,lfw,Taku_Yamasaki
a584beef-4272-52fa-88ee-51028cbe9566,lfw,Martin_Boryczewski
a58d925c-6045-59a8-8e0d-c614d77000f2,lfw,Antonio_Banderas
a595f9ed-9f07-5053-b671-98b7cedbe820,lfw,Michael_Ballack
a59937dd-b452-5103-b97f-110ee03672ea,lfw,Jimmy_Gurule
a59ef94d-8cdb-5942-b55e-3a71bc057bc8,lfw,Sonja_Kesselschlager
a5ad891e-c436-5692-ae2c-6693b46ed516,lfw,James_Ivory
a5c1321a-4099-5385-b0bd-472bbcd6e11b,lfw,Laszlo_Kovacs
a5c1f4a0-64e2-5452-836a-2a3ee3bc5027,lfw,Mary_Lou_Retton
a5d8812e-5545-5bc0-bde2-8d14468e37bc,lfw,Imran_Khan
a5d91b47-d055-540d-8ffc-7d948298e8d5,lfw,Mike_Montgomery
a5e11999-bbf9-5738-b32d-9cce95a1d7e8,lfw,Chip_Burrus
a5e1672c-eecc-5f2d-bf36-8ec02e1f06ec,lfw,Gerald_Barbarito
a5eb3731-8602-5ba8-a012-5c015b86c874,lfw,Scott_Fawell
a5f96c74-f8e6-5822-a798-c89c9ad878f2,lfw,Shawn_Marion
a604481c-05b3-50f4-b4b8-7ef92d11e0bf,lfw,Prospero_Pichay
a60bfc66-d3cc-5598-a170-d51e03c50d7b,lfw,Alejandro_Lerner
a61322bd-8086-5510-bb38-88f9eee9286d,lfw,Peter_Rasch
a6231553-a713-5c34-95db-db6a2531ddc0,lfw,Rod_Bryden
a6275cd3-d2db-5ac3-9a58-d549fd112725,lfw,Muffet_McGraw
a62b7bf6-9221-541d-bb74-9b45ce57ac57,lfw,Robert_Woody_Johnson
a637fa4f-488f-5916-8a1f-a46b60f673c3,lfw,Asa_Hutchinson
a64272bc-6a0d-5e43-bdcf-29134eb9d61a,lfw,Brad_Brownell
a650633e-47af-5b48-be0a-dfb0bcb7565c,lfw,Jose_Sarney
a66a0925-2795-5906-8e60-8e96a8525e64,lfw,Eduard_Shevardnadze
a68613d0-a6e7-56b4-9967-6bc6e5c7b512,lfw,Petro_Symonenko
a6a77acb-64ad-555b-a105-3c6bd5e2baf6,lfw,Jacques_Rogge
a6aa89bb-f203-5eee-a908-3614d125f86b,lfw,Augustin_Calleri
a6b60f43-48af-5a68-85b3-c082f72f67f7,lfw,Aby_Har-Even
a6c89fbf-05fd-59e1-8777-7079580e9bae,lfw,Ilan_Goldfajn
a6d04c84-232d-5ce3-bc34-536108891cf3,lfw,Frank_Zappa
a6e43842-8199-5771-ba92-ef36f92a5c0d,lfw,Omar_Sharif
a6ebeae5-bc70-509f-83c1-0c83af107a73,lfw,Lawrence_Vito
a7035dae-9b49-5b72-bf34-1cf7d152a128,lfw,Manijeh_Hekmat
a704878c-c0a7-55fe-a903-99e15e03d90d,lfw,Sedigh_Barmak
a714c843-cffa-55c4-8835-ffeb433f5d90,lfw,Steve_Coogan
a71542e4-d892-5bb5-a261-929e099614be,lfw,Jeremy_Wotherspoon
a7180140-b4fc-58cf-9b50-d5fa371720d5,lfw,Darvis_Patton
a71eced4-5216-551b-984a-486955643829,lfw,Sylvia_Plachy
a721c9fe-30aa-5bcc-ba36-539ac04308d9,lfw,Harold_Scott
a7274e53-7059-56bf-ba66-a9a77c92e7b0,lfw,Donnie_Brennan
a72f611d-b25c-5177-98c5-c072671c12a7,lfw,William_Burns
a75704a2-fb91-5eb8-8804-05521b58f24a,lfw,Laura_Bush
a77912cf-4ed6-5bc3-a78d-40875ebd30de,lfw,Sarah_Weddington
a77e3faf-305f-5d38-a6e8-9886e2a2980b,lfw,Brian_Schneider
a77e493b-e678-5909-ada2-5d783d508feb,lfw,Garry_McCoy
a78a408e-0311-56f6-9f3f-769813ac3fe5,lfw,Thalia
a79b5fee-902f-5f68-a506-3af6cfd22259,lfw,Jules_Asner
a79fe25f-a355-5a99-baed-f1d684477abb,lfw,Lynne_Thigpen
a7a12eb3-54d0-5d0f-b61b-65b358d0c8bc,lfw,Richard_Krajicek
a7a8503c-a328-5206-958b-4e28d734f4fb,lfw,Daniel_Bruehl
a7abeb68-7bc4-529c-92f1-20ffcbe4b62a,lfw,John_Madden
a7c233ee-ec21-5223-8b0c-c08fa6aeb2a6,lfw,Princess_Anne
a7d166fa-f055-55b3-8b87-b7f61733bb60,lfw,Jia_Qinglin
a7d44f6c-0df3-5a7d-8b77-f177d66b5573,lfw,Bill_Self
a7d45803-5c89-5eb0-ab1b-4276174a3d6b,lfw,Harald_Ringstorff
a7e39dfe-f887-5ab6-941d-890cc3b52c1f,lfw,Billy_Edelin
a7e5d82c-7606-5588-9a2d-6feafe305cd4,lfw,Rachel_Leigh_Cook
a7ea460d-5a1b-51e9-b079-14f1f1b98c13,lfw,Robert_Wiener
a7f0e2ef-3ab0-5444-ab56-04e495082489,lfw,Elinor_Caplan
a7fdb6e1-67ba-56de-956b-f87878bc496c,lfw,Helene_Eksterowicz
a8049eb5-b519-598d-8e86-3af9d63448cc,lfw,Barbora_Strycova
a80be5fd-51c8-53f5-bced-3b5fdf0d3d60,lfw,Kristanna_Loken
a81064a2-82f4-511a-b1e9-7fb55b5601ae,lfw,Horst_Koehler
a8171721-fd60-5a1f-b8ec-baf5e186da79,lfw,Hermogenes_Ebdane_Jr
a81a0735-78c6-559b-a71e-d6dda65a6304,lfw,Helen_Alvare
a81c9099-7084-5305-a7d3-a60f6d8e5768,lfw,Paul_Cerjan
a8251df7-98b1-5347-b223-1baba46bdf91,lfw,Li_Peng
a82652a1-7363-521e-ba4f-43f12f9258c6,lfw,Lori_Berenson
a82a6d74-ae84-5958-b636-ee2bf6f9cdc6,lfw,Teresa_Williams
a83a3857-9839-5d6d-be07-7a316b2e0fd2,lfw,Peter_Caruana
a88fed4f-40eb-5828-87c7-40693ede33b1,lfw,Huang_Suey-Sheng
a8946f73-af21-5546-aae4-e9036ce15ced,lfw,Muhammad_Saeed_al-Sahhaf
a89f1c4c-024a-5262-9acf-4396d8427daa,lfw,Lachlan_Murdoch
a8a23e3f-f4c3-5aff-85ba-4956c55ea378,lfw,Bob_Wright
a8a33ae7-8ae7-5a88-96ba-d7f144dd12cb,lfw,William_Joppy
a8ab9e8a-8b1e-5057-b02f-58809cf71b5c,lfw,Janica_Kostelic
a8ae89d3-b995-5136-80a1-8e373f6a5f5a,lfw,Kamel_Morjane
a8bb20a2-dfe6-576e-8ad3-bf512f35aaeb,lfw,Enrique_Medina_Gomez
a8c1a00d-cb4b-5454-8793-f88afe367fd2,lfw,Holly_Robinson_Peete
a8c53550-cb08-5cd8-85f8-35b9a0dbaac3,lfw,Franz_Beckenbauer
a8d33487-fbaa-5ec1-95f8-da8d37069de1,lfw,Prakash_Hinduja
a8d5570a-d925-5f00-a80c-62fea5dc7957,lfw,Courtney_Love
a8dfd019-fd23-58c5-80ef-b1ba27d279df,lfw,Miguel_Cotto
a8eddd65-a82e-53b5-a8f8-80143d281635,lfw,Rick_Reed
a8f2e8ba-6dc6-5b58-a935-a1d540e16fc1,lfw,Khalid_Khannouchi
a9121282-18ee-5d8c-82fd-67a1b9812cdf,lfw,Marsha_Thomason
a93567fb-22ad-511d-99bc-bd206eb817e6,lfw,Moon-So-ri
a9454ad9-f681-5581-a5ae-a48fca2c63d9,lfw,Begum_Khaleda_Zia
a949912b-17f6-5c4c-b6af-31e4472a85dd,lfw,Parris_Glendening
a9783ddf-34ea-5cd8-b7bc-b3ce83c6846f,lfw,David_Trimble
a9844948-c4f7-58fe-8dfb-a4a615b5446d,lfw,Roger_Daltrey
a986c79e-cef8-5d9e-afe2-c0e8cc802b65,lfw,Mike_Thibault
a987acea-1ae5-5a7a-8461-50f8147d96ce,lfw,Charlie_Zaa
a99a58f0-9d81-59f6-ad27-7ebcc0c8e67b,lfw,Derrick_Taylor
a9a06374-0a8a-505a-b96c-46c2b4297e08,lfw,Pat_Rochester
a9a263cb-0bd8-5098-94c5-cf0c9d369b78,lfw,Claude_Jorda
a9a8954a-d68d-511c-85f7-6023cc3fde30,lfw,Judy_Spreckels
a9aa7e77-28d7-5f9b-bb28-fcdace953c0b,lfw,Dennis_Franchione
a9b0b800-a0e6-5f8c-89b7-5a5fa6cf9ac9,lfw,Danis_Tanovic
a9b60a5a-d97d-5c4f-9409-88ebe347f57b,lfw,Bill_Frist
a9bb206d-6a0f-58f2-96f5-1e191610bf49,lfw,Paul_Vathis
a9c12317-4162-5888-b8e5-be3654338c66,lfw,Zico
a9c8e849-209f-522c-bdbb-5c9acf7447ff,lfw,Anne_Krueger
a9ca19d7-e11c-5f0d-88df-0765bac60999,lfw,Brenda_van_Dam
a9e532f9-9e4b-5c10-8fa3-85490f12a8a0,lfw,Christopher_Speer
a9e6306d-2cbb-5e0c-a232-b75df423423e,lfw,Mukesh_Ambani
a9f49ed2-6114-5ebd-89c6-7a8a17c54297,lfw,Ruth_Harlow
a9fe5991-6f34-51d4-96f7-e02cf65871f3,lfw,Mitt_Romney
aa033957-9015-56ce-89b6-0f4c1ac0d67f,lfw,Didier_Defago
aa0721bf-29b8-533d-a65e-3bfc49bc8a9a,lfw,Katja_Riemann
aa1a0117-849d-502d-9301-84ccf6b920aa,lfw,Sam_Rockwell
aa20b7bb-f231-5f65-9e66-5455b0159f7d,lfw,Martha_Beatriz_Roque
aa21d1c6-4881-5011-ab22-5c5f7670a2b5,lfw,Parthiv_Patel
aa26fd8e-fc85-50b4-a5b9-d30deae4db3b,lfw,Kenneth_Brill
aa4796ba-503e-5a95-b373-43235f4a0516,lfw,Roger_Staubach
aa5bb47d-8d23-5276-8943-3df7b5e67de0,lfw,Georgina_Bardach
aa73db95-b17a-5c7f-a0e8-f9c84bfb73f3,lfw,Irwan_Fadzi_Idris
aa7877b7-7c85-5a12-b56d-6cb87b6ad530,lfw,David_Tornberg
aaad095e-21b4-5826-bbd4-f26850be75e6,lfw,Elias_Attallah
aab78a68-4ef0-593a-99d9-ed87e2250358,lfw,Lindsay_Benko
aac4f533-861e-5744-a550-0b500758ec8e,lfw,Kalid_Kaid
aadfc4dc-2079-5ed7-8c02-61665a287a3b,lfw,Kate_Winslet
aafeb443-5c64-5980-8e4a-42aa47be9dc4,lfw,Leo_Ramirez
ab000694-9cd0-51d7-8729-d9320f7daaca,lfw,Clare_Short
ab002887-c23b-5784-b300-2ee3f9b77be2,lfw,Fatma_Kusibeh
ab05a770-8d49-540b-baa4-6770efaf0941,lfw,Martie_Maguire
ab0c0415-bb42-5d61-bd59-249580e3d12e,lfw,Jamie_Kellner
ab0eb6aa-b170-59db-8db3-722f5ad0b576,lfw,Marian_Dolan
ab2a1ac3-8cf6-59f6-bbbe-82b91adb2f93,lfw,John_Burkett
ab3bc5cd-b226-563e-9c41-7e7aeba8951c,lfw,Jeffrey_Ashby
ab49cb7a-982f-5d24-9d77-828c9598fa92,lfw,Jerry_Jones
ab54412e-1008-55c3-b1af-7b91545cdcd1,lfw,Sasha_Cohen
ab5a0dd1-8c37-5526-89e6-2a97b8754ecf,lfw,Maria_Burks
ab648593-287e-552a-92a5-bea6c504ce98,lfw,Rick_Santorum
ab663dcc-7122-56f4-81f5-c3ac209053dc,lfw,Anthony_Lee_Johnson
ab76b9de-9d51-5b52-9401-3a39eb0d176a,lfw,Luke_Smith
ab7726ee-2ed6-5c63-b036-793982a046a8,lfw,Robert_Stack
ab7ad73c-83df-5ec2-ae2f-df897da621d0,lfw,Alexandre_Despatie
ab85cc30-32d5-5a63-9f8e-d2abd21231c0,lfw,Benazir_Bhutto
ab86f02d-7bf6-5a70-a6cb-2f75ebe8135f,lfw,Paul_Krueger
ab8f0322-fd5b-5144-aab8-f9025d862853,lfw,Jane_Pauley
ab935aca-4ae7-5af4-aacf-58b10c4a614a,lfw,Rick_Husband
ab935cf2-4083-5a52-a727-90c6ceb0b954,lfw,Francis_Ford_Coppola
ab9b2c93-e014-56d0-9425-149ed88c516f,lfw,Ernie_Stewart
ab9e058b-48ac-55c6-afee-41056dbbcba7,lfw,George_Murphy
ab9f7da8-58cc-582c-b0a1-13584ba1581f,lfw,Mireya_Elisa_Moscoso_Rodriguez
aba492a0-3b93-560c-9a47-af8feb9339d5,lfw,Mary_Descenza
abe00f88-b242-5236-bff1-a8b3be4d276d,lfw,Vicente_Fox
abe34834-5db3-530b-956b-038099ba02aa,lfw,Chris_Byrd
abfbacad-d264-5386-983f-289bea10ea45,lfw,Penelope_Ann_Miller
ac017c33-4486-5b02-b6e0-52b24a068484,lfw,Marisol_Martinez_Sambran
ac03e99b-fb7f-534b-92b7-a68657faef24,lfw,Boris_Yeltsin
ac09664b-ab2a-5e23-aa6e-6bd0886d6e11,lfw,Isaiah_Washington
ac09ba8a-56b7-57f5-b297-a191cf13a051,mfr2,GavinNewsom
ac1e6fd4-ba51-5481-8c04-2d11a456a44b,lfw,Mark_Andrew
ac3b3105-8288-5e14-97b1-d9c746d1fd6c,lfw,Troy_Garity
ac44b652-e80e-5096-bda8-026ed0be0cac,lfw,Gerald_Fitch
ac6805b7-9432-5f16-bc25-f68ae227a487,lfw,Perri_Shaw
ac69c1d5-d7a5-5676-a345-ea5de10d9920,lfw,Matthew_During
ac784c53-35a3-5c33-9d0b-9cfd592c4b26,lfw,Martina_McBride
ac7db5cd-6111-57ee-89a4-be977f2f795f,lfw,Jada_Pinkett_Smith
ac948f4a-510e-5e50-b987-2c318fd8974d,lfw,Sammy_Sosa
ac9722a9-eb95-541a-999c-a670edab052e,lfw,Ray_Nagin
acb42acb-5308-58bf-9326-0ede8c13259e,lfw,Heinrich_Wolfgang
acb88be1-246e-5e7f-94c4-2db4f0325e5a,lfw,Lima_Azimi
acb98a8a-c61b-5f59-bac3-acbcd7de7b61,lfw,Mitsou_Gelinas
acc15226-973d-5e5f-9887-dc8b1c87b0e3,lfw,Wolfgang_Schwarz
accf9c9b-1a9f-5c27-866b-8272191494bd,lfw,Tony_Curtis
acd8e095-fd12-54c3-bcda-0ad6ddd074be,lfw,Sachiko_Yamada
acdecb5d-ed65-57f4-bd4e-f6420a99fab6,lfw,Makiko_Tanaka
acebf9d9-192e-55b4-8939-70013711481d,lfw,Ramiro_Goben_Reducindo
acf77a68-99cb-590e-ba8e-30dfec496c9e,lfw,John_Ashcroft
acff0486-6a7d-52cf-bb1c-e9629b4d2fae,lfw,Jose_Canseco_Sr
ad195cfe-fa1c-587b-ae14-eea235c71756,lfw,Leandro_Garcia
ad1bd9d3-4ff8-5f27-8d2f-496df24b2141,lfw,Carlos_Ghosn
ad2822de-0597-557f-9290-cf2ac1e2c939,lfw,Lin_Yung_Hsi
ad2e8357-33e7-5cab-b312-28b733c13651,lfw,Grant_Hackett
ad523a79-038d-5c32-849f-764e30979213,lfw,Elizabeth_Hurley
ad545c5f-bf79-52d2-80f0-3dc1aed84cd3,lfw,Rupert_Murdoch
ad58621d-32b1-5da0-9c7d-aee8fb1e4ae2,lfw,Benjamin_Bratt
ad590ede-47a4-5577-a13d-410f1973d709,lfw,Carla_Gay_Balingit
ad5d8a3a-3c43-5775-8b99-6dff2cd610e8,lfw,Gloria_Trevi
ad6ab6af-4e6c-5e2c-8349-314a02f3b6f0,lfw,Tom_Harkin
ad6b264d-58d2-5fe7-bf40-81b8dd06fd40,lfw,Guenter_Verheugen
ad6f5269-b8b7-5c94-a7d7-7e706c8cf211,lfw,Robin_Johansen
ad7445d4-5013-5276-b7cc-727662e18a62,lfw,Ray_Price
ad7d88b2-1148-5627-90fe-d0eb3be3dcfd,lfw,Dave_Robertson
ad8092e1-a4b1-518b-886a-7df97231885d,lfw,Nina_Jacobson
ad80eda2-2997-5c69-8749-746722822bce,lfw,Frank_Bell
ad82122a-1ccb-5a40-8708-1379598f4bfa,lfw,Joseph_Safra
ad86ca44-7835-515f-9b67-9c273be375b9,lfw,Randy_Dryer
ad91c036-4767-5f66-b85a-52a5f671ca4f,lfw,Bode_Miller
adaf3d34-2919-5a37-a342-26a4d2a55982,lfw,Isabela_Moraes
adb1bd1f-26c6-5aff-9c64-f94b04257df3,lfw,Tayshaun_Prince
adb31081-8512-534d-98cf-71f24c560f59,lfw,Adrian_Murrell
adbf02b6-5a70-50cf-b000-d43f010e56ae,lfw,Luis_Gonzalez_Macchi
adc00e9e-aac2-5d3a-a72a-58f3b49e3749,lfw,Jim_Greenwood
adcffe44-c3b6-5ee2-b391-61b873e27317,mfr2,MitchMcConnell
add378c9-3f3a-5a55-873d-c07aca63e148,lfw,Stepan_Demirchian
addc2818-583e-5211-b5cb-eff05277c3a6,lfw,JT_Snow
ade752f1-fa97-57db-84c5-f4c9c08c7496,lfw,Neil_Goldman
adf064ac-bb0b-5b44-9f87-7eba5929785b,lfw,Dorothy_Loudon
ae09d55b-f9e9-5d3b-a3fa-529866f45559,lfw,Bernice_Wong
ae0c3776-2fea-5cd3-93e3-4746e74f80f4,lfw,John_Rowe
ae0ddc31-cf84-592b-b66a-cc3e93d570dc,lfw,Lester_Holt
ae167f1b-463c-5e79-8f19-34e66ccd31f9,lfw,Tom_Amstutz
ae33719e-4b15-5097-b0a1-025b40322c38,lfw,Brady_Rodgers
ae340bbc-cedd-57f7-b248-aace19a2324e,lfw,Morris_Watts
ae60ad1e-3af5-5124-b537-700d838a8460,lfw,Queen_Rania
ae79478e-6869-5950-b114-d8c2937dc78c,lfw,Andrea_De_Cruz
ae831a5c-4fdc-5a05-9cfb-7001a6ef149a,lfw,Sarah_Hughes
aea25bba-d0d0-51a4-8fe1-1f345738bd11,lfw,Jeremy_Shockey
aeb61137-60a0-5721-8c2b-354f2cde92af,lfw,Glenn_Rivers
aecf20b3-228f-53a2-a8d1-2e9481262f87,lfw,Lisa_Ling
aed318d9-b555-5f7c-853b-331bc76cea7f,lfw,Juan_Carlos_Ferrero
aed8dd3e-cd34-5adb-8abd-12e222d23c7e,lfw,Emma_Thompson
aedfac76-6d35-565e-a63b-50253711199b,lfw,Len_Jenoff
aef291e6-10a3-5f1c-9b60-47e55c34f9f6,lfw,Annie_Chaplin
af02c320-49ea-5bde-bc05-030b89751f37,lfw,Daryl_Sabara
af0e9cc6-e038-5407-8e0f-f7e01b3deee8,lfw,Svend_Aage_Jensby
af35f051-ddc5-55ef-a033-810eb87586d2,lfw,Desiree_McKenzie
af5563d9-5098-59ea-b679-ea4bc01ad251,lfw,Stuart_Townsend
af647893-620f-5881-8d7a-883e69c74ee5,lfw,Ron_Lantz
af6f07b2-2559-513c-9736-8f1e38de9331,lfw,Mark_Kelly
af759cc5-1958-5e1a-a064-04c27f289434,lfw,Lisa_Marie_Presley
af77b127-cd66-52cd-a2b6-2087d41eec55,lfw,Matt_Roney
af7cad9c-1c52-5742-9a71-8e7c9406128b,lfw,Barry_Zito
af92ea04-c2dc-53f6-b52b-5549b6893951,lfw,Victoria_Beckham
af98979d-c7e8-50b6-baac-29fe48771ede,lfw,Terry_Semel
afb434a1-a98a-550e-b70b-dacec6caf0c2,lfw,Tony_Elias
afc3dd7c-6e96-596c-94bf-8c7e52993637,lfw,Martin_Verkerk
afd3f378-3bca-578a-b705-66111e5f8e9e,lfw,Noah_Wyle
afd72418-1046-5403-9cc5-9aae74fa2b3a,lfw,Dan_Wheldon
afe0a20e-b16e-5246-8587-59a9685f8ed9,lfw,Paul_Kagame
aff16d37-06e9-51fb-a508-1a4e463d7e15,lfw,Lee_Ann_Womack
aff70d32-64be-5ee1-9221-8993ad5fa5a6,lfw,Hwang_Doo-yun
b00ba6e4-95eb-5290-91a8-911d26529665,lfw,Kim_Weeks
b01c4e20-3ab9-52cd-aad8-140de068333c,lfw,Kevin_Marshall
b02a3346-2d75-5210-992e-a8e4ea3a3122,mfr2,PhilMurphy
b035da1d-0ab4-5af5-a212-32200c8494e1,lfw,Earl_Campbell
b04128a8-ddb1-5f98-82ae-85c773af4511,lfw,Oprah_Winfrey
b0450a46-fd4a-5847-b7e5-51c9964e58f3,lfw,Lou_Piniella
b0461763-d706-50ae-a6a2-c466879baf44,lfw,Felix_Trinidad
b048dcd4-8c5c-52e9-9b4e-8e6ecd6e71c1,lfw,Justine_Pasek
b04fddb5-24d3-5e04-b2d9-a1442ccacd65,lfw,Jacky_Cheung
b0537926-d31f-5324-aa29-b2ca4eb40478,lfw,Joseph_Kabila
b058adc2-8cee-5138-9d44-a5def1172f58,lfw,Koichi_Haraguchi
b060e70a-1daa-5d8c-b1f4-7afd09669089,lfw,Meg_Mallon
b06f4f10-0557-5b24-9144-931d13090f04,lfw,Lee_Soo-hyuck
b0722304-15f6-59ea-b97b-af3c5420d632,lfw,Lucio_Cecchinello
b07c40ee-e884-548b-b84e-8db8ee0da8ef,lfw,Martin_Lawrence
b085abe7-45aa-50b1-93de-f6c4df15c2c4,lfw,AJ_Cook
b085b136-521c-5011-8d43-6d03a63cae26,lfw,Adam_Scott
b086651e-573d-575b-aff4-91b12e9235ba,lfw,Jennie_Finch
b0bcf62c-7bf2-5203-b860-8cdaf0859fca,lfw,Roy_Williams
b0d74ac8-8473-50ae-95b1-c79a2052c98f,lfw,Sally_Ride
b0e3275b-d02e-55b2-b78f-27c812f75f8e,lfw,Ruth_Stubbs
b0e39b94-db8c-5736-b55d-edbdc9be149a,lfw,Derek_Bond
b0e437cd-a0a6-5839-abbb-d54a1cd16473,lfw,Peter_Greenspun
b0e75f36-08b2-5626-8ef5-61a738f6bd7a,lfw,Jimmy_Szymanski
b106b3bb-9f4b-5cde-8704-1ab3e32952b3,lfw,Marcelo_Bielsa
b118a0d5-e029-59d9-bdff-dc9a251925e5,lfw,Horace_Newcomb
b11d0ef7-ec0c-5d75-93fd-aa413221a33e,lfw,Mark_Sisk
b12aeb2b-dded-5e49-8c1b-449de73404e0,lfw,Nabil_Shaath
b12bc51e-2348-5292-ba64-dca564aafdc9,lfw,Yusaku_Miyazato
b13160ad-8988-5c2f-b3df-4ddb1002c03d,lfw,David_Hilt
b1413dc7-cdcd-5d07-aee4-3060cbf4724d,lfw,Paul-Henri_Mathieu
b14ac0f7-1ba8-593f-a0a6-93a24e59ac54,lfw,Laurel_Clark
b164e691-9b48-5556-93a3-8b886204aa07,lfw,Simon_Yam
b16ce7b6-823a-5798-a127-7ed594cfd374,lfw,Terry_Stotts
b17bc552-9bed-5277-a112-a80e2a2094b9,lfw,Frank_Dunham_Jr
b181418f-8dc6-5491-877b-8692325afba6,lfw,Anne_McLellan
b181ea58-b95e-50f0-afe5-a136dbc44f4e,lfw,Frank_Marshall
b19e9684-1488-5b19-99b0-f19ce54b74bc,lfw,Julius_Barnes
b1a25935-264d-53dd-a910-1c91b700e189,lfw,Linn_Thornton
b1a4013c-b918-56b0-ac6d-636aa75e1d28,lfw,Irfan_Ahmed
b1a75466-c8e0-5e0f-a3cf-63e93d9a6989,lfw,Hootie_Johnson
b1c26299-ea7b-5d3d-a5e6-7b195555251e,lfw,Zulfiqar_Ahmed
b1e47fbc-bf78-5de6-b9a1-6b370e2c9c09,lfw,Park_Jung_Sung
b1f545a1-7678-5f10-9102-bc5f648b532e,lfw,Denise_Johnson
b1fb01b7-ce5d-5d2e-ab56-fe03e2106707,lfw,Kajsa_Bergqvist
b2081006-838b-556a-bd93-bcb9480c8e7c,lfw,Ronald_White
b20a2c3b-d5c5-5c1b-ab3b-a134c8978fdf,lfw,Lou_Ye
b21ce2c3-399f-5cbe-a590-9dc48b0d4e35,lfw,Luis_Rosario_Huertas
b22ef735-0ddf-513a-a524-1ce50acb58a2,lfw,Mary_Matalin
b2356bed-fc3c-5beb-9b7a-4fec9a4b5238,lfw,Dennis_Hastert
b23a757a-c5a5-5bc8-9a05-54f47afa8af0,lfw,Hank_Aaron
b241a220-a129-5ebe-a561-64788e066536,lfw,Bruce_Lunsford
b2421c2b-55ae-5a25-80e5-5e6aae64bb72,lfw,Edward_Albee
b2423e7d-8bc3-5822-bd02-33963f6d5447,lfw,Theodore_Tweed_Roosevelt
b265e60f-187f-54bb-8bc5-ac364a30895b,lfw,James_Comey
b2713eb4-2d37-5b9a-a77e-47650d7febbb,lfw,Susilo_Bambang_Yudhoyono
b286ddc1-2e9e-5c3d-afbf-06b243e19b0e,lfw,Richard_Palmer
b2a0cbdd-788d-5180-ba42-5988d7277f13,lfw,Brandon_Lloyd
b2b4dbc6-0343-5356-85fc-a866ad70c8cb,lfw,Brandon_Hammond
b2b667b6-10f9-5937-95a7-12bee545b71d,lfw,Federico_Trillo
b2bb575c-5ff7-5a6f-8647-224182057df0,lfw,Paul_Luvera
b2c1c090-4e41-5c35-bbd3-b64ee823bf21,lfw,Taufik_Kiemas
b2c7491b-4eed-5540-972b-8a9f77a07fca,lfw,Branko_Crvenkovski
b2c77d8e-3168-5092-a523-c86b358a5b8b,lfw,Martin_Hoellwarth
b2c88035-9c11-5e56-9d60-d9a93128710f,lfw,Ainsworth_Dyer
b2d063ae-ee6c-598b-b499-c7fbd58e9c74,lfw,Meg_Wakeman
b2e4e434-1a47-5dd0-a5ee-d4b2f51fe7ab,lfw,Timbul_Silaen
b2f54d31-d648-5cf3-a13a-52504b8ea8ff,lfw,Marc_Gold
b2fd9b25-a08f-587b-aa5a-c184bfb58b51,lfw,John_Williams
b307bf2e-76aa-5147-93a8-80de1430434b,lfw,Peter_Gilmour
b30bf8a7-b573-51a7-a618-a3706f28e0eb,lfw,Sebastien_Grosjean
b312a67e-0b7a-5d6b-98d9-54bddff7f06b,lfw,Larry_Hagman
b317c647-7ee3-5084-bf13-2eaefbec350b,lfw,Kelli_White
b321fc24-4a43-5099-890b-ddfef731ef17,lfw,Princess_Aiko
b3225543-b848-5b30-bd98-425e66b34d69,lfw,Jim_Anderson
b332c185-e812-5f11-b374-6910ecb05925,lfw,Mary_Catherine_Correll
b334094a-37d2-5a21-9aee-d8d1c6f7d31b,lfw,Julian_Battle
b346f041-78e3-5e15-914a-af3f0036a552,lfw,Milton_Wynants
b3529b79-c915-5806-a622-f3142631f464,lfw,Lindsey_Graham
b35f51e3-91ee-52cc-a62a-d7af0c90130f,lfw,Lutz_Freitag
b3703809-b1c8-5b67-910a-2ba62d304cb2,lfw,Pernilla_Bjorn
b379d345-dafd-5634-8879-345e34afdae5,lfw,Julie_Andrews
b387f55f-c98f-5262-8c92-f316a81d6b39,lfw,Rob_Morrow
b3880c6d-b3c8-5f00-9286-2492921c9ed3,lfw,Zavad_Zarif
b389fb1e-cd7f-5cea-8bfe-0e4de2e78fb8,lfw,Oliver_Phelps
b39f94df-08cc-58ae-89a1-932197b1967a,lfw,Leandro_Andrade
b3b66009-092b-51d1-aec1-23ed65d2d529,lfw,James_Meeks
b3ca8516-0b04-5c07-9350-91aee705c382,lfw,Edward_Flynn
b3cb0954-f9ff-54d0-8ef7-aaf3f35645ce,lfw,Alexander_Losyukov
b3ed26f9-fda1-5f2c-bb4d-fdd558cc58d6,lfw,Gary_Forsee
b3f2a89b-0ba1-5577-82e5-a36df4fad7d2,lfw,Gavyn_Davies
b4020a7f-38c4-50c8-bbee-4f5de2f580b9,lfw,Julie_Gerberding
b40e2aac-cb5f-57aa-b9d3-856ee1d7a0da,lfw,Jim_Schwarz
b4147d27-1c4f-5209-8d41-2684109bf90e,lfw,Jerry_Seinfeld
b4184efb-ad27-52df-a779-981d04e76139,mfr2,TakeOff
b41b7b83-bcae-5b00-a74c-69eb0fdf9581,lfw,Paula_Locke
b41f8be9-ff2d-59a8-ac77-37ca38c208d2,lfw,Jafar_Umar_Thalib
b4288fa2-6956-54e5-a5c8-c0960305abd6,lfw,Anthony_Garotinho
b42f72ce-8d89-51a8-aeaa-8be4393aeb6c,lfw,John_Rosa
b43427fb-3c93-5169-b709-cddee485cea6,lfw,Sergio_Vieira_De_Mello
b4375d5a-2047-5b33-9261-9a0c416f6c30,lfw,Padraig_Harrington
b43c9795-8287-5188-a210-8799d3153526,lfw,Julio_Toro
b45f041d-6e1f-5c69-abd8-da32122db4bf,lfw,Mikhail_Kasyanov
b478d9cf-b110-58b5-b036-20405677437d,lfw,Anthony_Ervin
b479886a-cca3-5677-b03f-12bdf0d45cf5,lfw,Jane_Walker_Wood
b47a9c31-c10e-5c15-8528-6b912a2bcafd,lfw,Rod_Stewart
b47af3ca-c9c0-5b59-92ba-63210e5ecd15,lfw,Molly_Sims
b48364d0-b34c-5627-9c9a-9d6ff5444b76,lfw,Denise_van_Outen
b48d5190-3a69-542a-9876-60fd678d5fc2,lfw,Charles_Taylor
b495e619-221c-5607-8b44-8ee072641944,lfw,Muwafak_al-Ani
b4964d9f-a481-5c8f-8d1f-fc98075609a7,lfw,Georgia_Giddings
b49ce0fe-50ee-585d-9892-d24e253d75be,lfw,Mark_Redman
b4a4cdbc-cf4b-5b9f-9fcc-9bef30f0f783,lfw,Celso_Amorim
b4a5ac4f-a52a-502f-be52-0d0633da046d,lfw,Edgar_Savisaar
b4b5645d-edfb-55ed-8754-afa58000e962,lfw,Thomas_Weston
b4cd4835-41d1-5f2b-b4fd-14322e3a5f75,lfw,Laura_Pausini
b4ce2601-bf2e-5c27-896a-a8f3840612a5,lfw,Buddy_Ryan
b4d81968-9c1e-53a4-90a9-e9ee7b6d90ef,lfw,Phil_Donahue
b4dde81e-4eac-515b-b71b-d7121b5bff52,lfw,Kenenisa_Bekele
b4ecefbc-52d0-583e-8de9-5ddfc932b319,lfw,Abdel_Nasser_Assidi
b4f54910-8be9-5291-a8c2-4a49553364b2,lfw,Patricia_Medina
b5096b54-c5a8-59fb-91e3-8c996e2f7397,lfw,Raaf_Schefter
b527303f-a177-564f-9bcc-e9141a5c4391,lfw,Cori_Enghusen
b536a953-e0cc-5bbe-9cfc-cc9d63378980,lfw,David_Dodge
b53c52ef-c963-5d05-b379-54bb3b6c7f78,lfw,Matthew_Vaughan
b542608a-4649-5a77-a8d4-8548ae75309d,lfw,Kirsten_Clark
b546f6c5-e4fd-56c4-9a68-37e0a9a5c499,lfw,Carly_Fiorina
b55d57f8-3edc-5371-8b11-4be74c90de54,lfw,Valerie_Thwaites
b55e9b8e-d241-5191-982b-4e67eba34180,lfw,Arturo_Gatti
b56563de-2334-522d-a14b-6103938e62f7,lfw,Larry_Templeton
b56e6848-18b1-5bf0-aa62-57114bf3b552,lfw,Hosni_Mubarak
b57618e4-8eb5-5fa1-a6d2-cb98c66484e4,lfw,Roberto_Benigni
b57d1453-67dd-5eff-a347-2cbee29f8a65,lfw,Heather_Locklear
b5a0de58-3a17-5bd8-a16e-2f0d6ace8149,lfw,Monica_Lewinsky
b5ab2ed2-8040-54dd-b612-f21c05aa1543,lfw,Roy_Chaderton
b5b0190f-9758-5d71-8b6a-26d9cc1e83a2,lfw,Al_Leiter
b5c9cb12-7002-5b79-bd7a-785a394bd8ad,lfw,Alex_Popov
b5d0a37c-399d-5795-82a7-d5dee364a027,mfr2,ZacEfron
b5d510d3-ac7a-5c48-af9e-ad65335e8f86,lfw,Alan_Dreher
b5e0b5a4-06f6-5c7f-833c-bbf6d1fde2db,lfw,Brian_Cowen
b5e0b810-4aef-5c70-91d1-0ad0b52eaccd,lfw,Luca_Cordero_di_Montezemolo
b5f61bd1-9662-59aa-a738-3d0c7efd13a9,lfw,Enrique_Haroldo_Gorriaran_Merlo
b6269791-8b32-58df-89c3-5f94fbd0067b,lfw,John_Sidgmore
b62f5074-bdbb-5ded-9e5a-8802fdeaf318,lfw,Judi_Dench
b632532b-9630-5160-826f-d2f3933bcbba,lfw,Gerard_Tronche
b6344dab-9c3d-583a-85a7-655e2dcfef85,lfw,Joe_Pantoliano
b63a1a92-27be-59d9-9640-d3f24e8abb7b,lfw,Jacqueline_Edwards
b63cdff2-4214-5c62-a0b0-be4589c0765e,lfw,Mike_Helton
b645d3d7-dec1-5a3b-89af-f133ed950e97,lfw,Hee-Won_Han
b65396b9-0b07-57ca-8aad-818647f9c7c5,lfw,Elena_Bovina
b65adbc0-6b52-5484-b3e7-23daf2621e0c,lfw,Kristin_Chenoweth
b65c87d9-ac99-5abe-b56d-345881a989ac,lfw,Trudi_Lacey
b66385d2-042f-5707-bb38-295856ef827e,lfw,Lonnie_Donegan
b66b7d15-91b0-5263-be16-8c0874da50d8,lfw,Ellen_Pompeo
b66f6622-eef1-5459-a67d-01696c707887,lfw,Mauro_Viza
b67d9f16-36bf-5223-826d-3a71e126cc1b,lfw,Eddie_Lucio
b68c88ff-5398-5cdf-89cc-ffc1cf638237,lfw,John_Leguizamo
b69ce726-aaa9-5d85-9c8c-d82ad65fa1ff,lfw,Ronald_Perelman
b6a0ce90-e284-5e41-9c48-77ff33cce316,lfw,Jeff_Hornacek
b6b2bb0e-5f45-57f4-b2dc-f4c87ba5d333,lfw,Jimmy_Lee
b6b35e30-3c65-5d7c-9b7f-41764fe1afb1,lfw,Wu_Yi
b6bcda10-c17d-5786-a4a4-428ac510193a,lfw,John_Reilly
b6c62efa-cebd-5b02-820d-291569864320,lfw,Sereyvuth_Kem
b6d048d4-3e66-5a1e-a840-09ddb13a0271,lfw,Miguel_Rosseto
b6dc649b-95cd-5d96-bb2c-c0fede6d5df0,lfw,Alexander_Lukashenko
b6e2870e-7440-552f-b822-c8895da567f0,lfw,Madeleine_Webber
b6f51826-0d62-58cf-9bda-13b6ce4e2690,lfw,Shania_Twain
b705e048-5d97-58f5-9371-59bd41c1f6c3,lfw,Lleyton_Hewitt
b7095d0c-039b-5c8c-84c1-a0f259ba304c,lfw,Gregory_Hines
b70d1b02-ebf3-5bd4-b229-10064c315a54,lfw,Leisel_Jones
b729f2e4-a11e-5a67-9f1c-000239530afe,lfw,Qais_al-Kazali
b73e5dc1-2b38-5521-a93a-ae5f78536699,lfw,Cynthia_Nixon
b744e0b6-80a7-5b5b-aa71-0a331116b469,lfw,Alex_Penelas
b74b6c84-aa01-51b8-a45a-c8d06afcf76b,lfw,Bob_Hayes
b74d12e9-7dd2-5d34-92ea-8dce08eba237,lfw,Scott_Hamilton
b750af04-b7c0-5abd-9e99-29c67235ac68,lfw,Hector_Babenco
b750f661-416c-5db9-b359-edb4fe5a805a,lfw,Brian_Cook
b753a94e-2bea-58c3-b757-9ba62a95cc89,lfw,Mikulas_Dzurinda
b75d01ee-1888-5b3b-9947-e5646d591ea3,lfw,Tommy_Maddox
b769faf9-eee2-5a4c-a024-9c03232d6418,lfw,Terence_Newman
b793c110-cf8c-5e6e-ad4d-a2aa0b022d6a,lfw,Todd_Parrott
b799aceb-b673-579b-a5e0-85a7210db7f4,lfw,Linda_Dano
b7a04992-c579-52cb-9de5-e5d7f0b69ce0,lfw,Charley_Armey
b7a9b6c9-a533-5a06-b4b4-549cbf427841,lfw,Choi_Sung-hong
b7bb543f-4fd3-515c-9368-90a96ce3dd7c,lfw,Sandra_Day_OConner
b7c25561-9de8-5ba9-87bf-daf4d9af5071,lfw,Sean_Patrick_OMalley
b7d1095c-509e-5d65-b47f-fb3977f39c2d,lfw,Laurent_Woulzy
b7d55727-ac69-570a-b285-7ff5c3ac14b6,lfw,Hasan_Wirayuda
b7d80b7a-3d56-5eaa-86a7-59f780329f53,lfw,Sun_Myung_Moon
b7eaf126-6bbe-5157-b826-cf0ae39aeba5,lfw,Matt_Doherty
b80ba28e-ef7f-5e78-973c-9c8bdd6133ae,lfw,Jose_Woldenberg
b81598f0-da5b-5d25-831d-6c69a023ce5b,lfw,Richard_Carl
b81ead60-7abc-582e-8a76-0371b71294d4,lfw,Idi_Amin
b81edf6e-fb7a-5d0f-846e-41fc7a27227f,lfw,Nino_DAngelo
b82ae9db-28d3-55a9-b3d1-c8da1e44cd49,lfw,Odilia_Collazo
b82f87dc-52cf-5bc2-8178-6cbba610b55e,lfw,Marc_Leger
b8494a80-7c8f-5b1a-9bfb-dce3ebdc4607,lfw,Howard_Dean
b857a262-e786-5964-8acf-18c39855b8ca,lfw,Dana_Vollmer
b858bc78-c34a-5bc1-99cb-8b909bf22a5d,lfw,Clifford_Robinson
b860e1eb-2b7d-5a85-9459-39e754cd243c,lfw,Paul_Murphy
b86c4e62-29fb-5eb7-a3ca-b0a2a6791fdf,lfw,Richard_Dreyfuss
b86f4a4c-2dac-50cd-bc85-89f2b9e8a6e6,lfw,Daniel_Montgomery
b878eb03-d924-51cb-b231-2af8a9f522be,lfw,Mike_Cunning
b8828c95-75ae-58ce-9717-92c2ac5c2448,lfw,Mike_Scioscia
b883cd3f-7d0f-5ca6-bd1a-5f4736fa809e,lfw,Julio_Iglesias_Jr
b8b3ded1-a293-5244-bd9a-67336b17133a,lfw,Barbara_Brezigar
b8c91408-0590-56d4-8013-0b335117d4a7,lfw,Jorge_Batlle
b8d71c07-e4e9-5f45-982d-a606c35a53a7,lfw,Matt_Dillon
b8d7490c-5b56-5f56-acee-b91a42b00db0,lfw,Zhu_Rongji
b8dec460-ab96-53b9-8ad6-8628b18e91b7,lfw,Fernando_Leon_de_Aranoa
b8ebefe0-cecc-58b0-b042-8bb171d27eaa,lfw,Jose_Vicente_Rangel
b8f12566-63ff-5b3f-ab86-7b48d164f368,lfw,Pierre_Gagnon
b8fb2f58-bfe8-51b9-8017-adf43efe4bd1,lfw,Ricky_Quick
b9031c7e-5108-5f2c-84d2-108887390cf5,lfw,Nancy_Demme
b9119e06-2337-5cfd-bbd6-0d526eb6849b,lfw,Albrecht_Mentz
b915f7e7-9339-5dfb-98a9-4bc2380b8ce1,lfw,Ruano_Pascual
b9337f00-b835-5b23-8821-477f90ed99e5,lfw,Stephen_Covey
b9340398-b614-56fd-81e9-7e8a34fdd868,lfw,Michael_Shelby
b943141b-1218-5c3c-90e7-f1a7c9a5e5de,lfw,Wesley_Clark
b944f6b4-1c80-5bc4-877e-0d12d8a11f2d,lfw,Gustavo_Terrazas
b94a530a-44b3-551a-8415-7552407d91be,lfw,Thomas_Van_Essen
b94ae386-6a90-5486-b484-3d9d0ef23443,lfw,Gwendal_Peizerat
b963366f-2b81-500c-8754-c148c04a4f18,lfw,Jeffrey_Jones
b97076d3-0965-5e64-8679-f190476679f4,lfw,Kieran_Culkin
b97e31c2-c753-5e57-8a2a-09d4a3651055,lfw,Ralph_Nader
b985462f-ce39-5275-9356-e703a4058c9f,lfw,Marianne_Stanley
b988cbca-9d9a-5284-95e8-436a0a8f27b3,lfw,Elizabeth_Berkeley
b9967903-0a20-5e13-a51d-c1f5b5b40df9,lfw,Tomoko_Hagiwara
b9b52228-b785-5f7c-bb0b-56b1d96717ad,lfw,Michael_Chiklis
b9dcd2b0-a281-5dac-9768-cd6afe51260a,lfw,Li_Ka-shing
b9f78899-65bc-5c2b-acde-b2da610b27f2,lfw,Patrick_Dennehy
b9f8b1cb-fc07-5d38-a49c-c783c919530e,lfw,Chris_Dodd
b9fbe06c-6e21-5c9e-b9ea-5f7f52554c47,lfw,Donald_Keck
b9fc5a7a-360f-5885-a407-6c4b80081edc,lfw,Mike_Tyson
ba00c385-5357-5a8d-9042-90dd5d5636d0,lfw,Suh_Chung-won
ba198ac4-65bb-5d13-8d3e-4c4f63e99cba,lfw,James_Morris
ba22deae-b770-502c-8d46-af62dc2770cb,lfw,Peter_Hunt
ba2b1006-bcb4-5c20-919b-cf48eaae2dd1,lfw,Gustavo_Kuerten
ba2b1dd9-72f0-5a1a-8210-6c894700f504,lfw,Roh_Moo-hyun
ba2f73b0-ac1e-5efd-bce9-ec6c79bc5675,lfw,Rita_Moreno
ba444659-4d72-51ca-a885-5f273d3920f1,lfw,Olivera_Labus
ba5f4d6d-f16e-56de-bc74-75f56e545d11,lfw,Matt_Damon
ba60b06c-f650-549d-8718-1c34356ab8b1,lfw,Donny_Osmond
ba60e2ab-7559-50bc-9a76-7b39a4f7d4f8,lfw,John_Salazar
ba631d50-1305-55f6-873e-dad36d2bf508,lfw,Alek_Wek
ba6ad682-31f2-5fd0-8acf-4e2548069744,lfw,Kit_Bond
ba9df8c2-3b8b-5f22-a4c8-4049dd4c7cad,lfw,Mstislav_Rostropovich
baa03821-3e0e-5844-a1dd-b43a5d6275c0,lfw,Toni_Braxton
baa175cd-1602-5306-89b2-692597d5d81f,lfw,Sasha_Alexander
baa31fe1-cc06-5dba-b124-055b09e38533,lfw,Jay_Garner
bab3f438-f057-5034-831b-e8e51d57a35e,lfw,Claudia_Pechstein
bacd3d94-e446-5549-adb0-eee35abe9942,lfw,Robin_Wagner
bad40a5a-32b1-5bc4-9e82-29862c4de74a,lfw,Olene_Walker
badb7841-c5fd-593d-881b-54479255bb62,lfw,Paula_Prentiss
bae2bfc1-af46-53c2-b9a3-f7711057af08,lfw,Zoran_Djindjic
bae87752-0eba-5bfb-a6e4-4cdc3913fe45,lfw,Jean-Francois_Pontal
baf68828-8dc1-54da-8918-3e73d3b6158b,lfw,Charles_Pouty
bb0ea890-81ea-5fcf-b6c6-32f672cd57a5,lfw,Vladimir_Meciar
bb155024-10d1-5054-88ed-1f4c153c412d,lfw,Vadim_Devyatovskiy
bb2be366-f160-5571-8de6-95dbdb01895d,lfw,Paul_Wollnough
bb328a1c-bda1-5153-8b02-b0a1b4894284,lfw,Melissa_Stark
bb32f2ec-dfd7-53aa-8bc2-3e633b4e40b2,lfw,Ronnie_Musgrove
bb45c9ad-626f-524b-b49e-cdf67732b53b,lfw,Rodrigo_Rato
bb5358cd-acc0-5fab-930d-2891d0a74c57,lfw,Greg_Kinsey
bb5815be-e388-57da-afbb-861557c95e45,lfw,Diego_Diego_Lerman
bb662ff9-83b5-52c5-bd7a-f648ce362fa1,mfr2,KyriakosMitsotakis
bb673ba7-6da8-5df9-92ce-87f526a12217,lfw,Cha_Yung-gu
bb694aa8-e247-59aa-9188-b012eaf42504,lfw,Allison_Janney
bb6c0a34-50fa-5eb9-8510-3724ff172a1a,lfw,David_Hasselhoff
bbb91e45-f1c4-5447-8c46-3aa869668571,lfw,Queen_Sofia
bbc73bcb-cd2e-5760-914c-c9043ce1f3bd,lfw,Herb_Dhaliwal
bbc9abc1-7864-5823-9aee-ae826cf7fb3a,lfw,Eva_Marie_Saint
bbd0f1a6-2aa5-55e0-821f-8001bd45f551,lfw,Ramona_Rispton
bbe05642-30b3-5141-8b0c-ffdd22caf267,lfw,Thomas_Wilkens
bbe5c8f6-17c6-5520-ba2b-7be52fef6ef7,lfw,Mauricio_Pochetino
bbe61cef-6aaf-5dbf-b807-7f208ef03e11,lfw,Wang_Hailan
bbf9d23a-9178-54b9-b058-978b16f1c658,lfw,Ricardo_Maduro
bc025a7c-a677-551e-b837-12e19aaaf86d,lfw,Lope_Mendoza
bc03fb54-6fba-5678-8028-0325a0c2a4e4,lfw,Bridgette_Wilson-Sampras
bc121759-3236-52c0-973c-ac6ce7a44aa0,lfw,Stefano_Accorsi
bc14856d-7796-5c51-bb75-4ca4b40f950c,lfw,Colin_Phillips
bc275ed0-4349-5062-8e06-c73c56f8dca0,lfw,Hamad_Bin_Jassim
bc37755a-3814-5011-a745-7f632242e42c,lfw,Brendan_Hansen
bc41b03f-a825-534e-ae9c-1f4fe427a759,lfw,Linda_Lingle
bc4240e6-375b-53fe-8d50-66773dac4e2a,lfw,Brian_Olson
bc4470a4-4ce2-575f-a76b-fb2a156f6778,lfw,Romain_Duris
bc50001f-52e8-57b8-8e09-681cde1cc80c,lfw,Luciano_Pavarotti
bc553b4e-c8e0-5dbd-ae04-491479374c30,lfw,Bing_Crosby
bc5e6c7f-f490-5d30-811f-ebb6299772f2,lfw,Hilmi_Akin_Zorlu
bc68886f-bb06-5cd3-b44d-155ecb9afc87,lfw,Laura_Schlessinger
bc6feed1-23eb-56fb-8d43-b8e0e8639b28,lfw,Bryce_Carmine
bc78a775-5cc4-575a-8686-a592bd58ec88,lfw,Jim_Zorn
bc925e18-4b24-5ecc-8a6d-271e64e184cd,lfw,Mitar_Rasevic
bc940db5-a675-585e-9aa0-48c881f0c0ea,lfw,David_Obey
bc99bc53-fe4f-50ea-bc3e-9a84029b5d88,lfw,Astou_Ndiaye-Diatta
bcbddfc2-70ab-5a23-bdb6-8eb0b3a7de82,lfw,Abdullah
bcc5922d-8c94-5c17-94de-3fadb909cd08,lfw,Mike_Slive
bcd694bf-b20b-527d-8d40-a746bf9685ab,lfw,Lili_Marinho
bce98eff-9d6c-5859-bce8-19c4f9b7507c,lfw,Chan_Gailey
bce9de26-6d3b-5317-9dd0-e0b3fbe3ca34,lfw,Nick_Nolte
bcfa79c5-3765-5ddb-a28d-8bf628a6a45d,lfw,Patrice_Chereau
bcff838b-d076-5bda-a390-d6a0381e540c,lfw,Robby_Ginepri
bd05a943-a5d0-53a0-bde3-91ac5322c5a5,lfw,Keith_Olbermann
bd0c8a44-aeac-5964-bf92-f53d021d57ce,lfw,Leo_Mullin
bd17371b-9c2c-52a0-8911-be18ffb6d5f3,lfw,Robert_Redford
bd189172-6ef6-5157-9122-37feeda6bf70,lfw,Tyra_Banks
bd2ebfd7-4ae2-5272-9571-0874981169cb,lfw,Claudia_Coslovich
bd403b93-d392-5242-a23e-4d798324052b,lfw,Larry_Coker
bd443c32-3556-5da5-a7d7-345488bc2476,lfw,Jennifer_Lopez
bd457f95-c68f-5c23-a53f-18f6da7192ca,lfw,Jerry_Tarkanian
bd5982ca-2c65-5d3e-9d2b-cc32a531fb43,lfw,Lane_Bryant
bd5ea962-1575-5531-a05b-9f6c92bfb38c,lfw,Janice_Abreu
bd63aa78-8956-5f12-adfa-8e62bb93ed5d,lfw,Erwin_Abdullah
bd6a3f0a-8741-5ce6-8929-8b5ba68aac72,lfw,Almeida_Baptista
bd7e8318-99ce-56d3-b2ed-f9ad34f7b352,lfw,Katalin_Kollat
bd849ade-6198-56ca-9ee5-7154dae714fe,lfw,Joseph_Ralston
bd91a1fe-5c9a-5c85-ac59-17cd2e57c6f2,lfw,Megan_Mullally
bd92adc8-5c6b-5eec-994a-964cb7ab1217,lfw,Kelvin_Sampson
bd9c8870-e168-5470-9fb1-19e785654979,lfw,John_Warner
bdc32b74-6e22-5a80-a6d3-bee19463cafc,lfw,Mitchell_Crooks
bdcc27e7-dbac-5282-bcc6-84bc241444f5,lfw,Clemente_de_la_Vega
bdd84c81-38a5-530c-acd5-0eb60869a5d1,lfw,Alicia_Silverstone
bde213ed-34ef-5aff-8f67-ec282265c455,lfw,Javier_Weber
bdea2a6f-b9cc-5139-9593-637dae53894e,lfw,Darrell_Royal
bdfc70a3-c1ec-5d09-aaaf-2530a462e798,lfw,Paula_Dobriansky
be03c4dc-ce83-5825-b13c-9ec51e237ae4,lfw,Dominique_de_Villepin
be07a2c8-47f6-56d6-9e7c-ad51b69027fb,lfw,Jaime_Orti
be224b6e-e6f4-5cb4-84c7-724adbfa0e09,lfw,Daniel_Chin
be2d0e4b-d6b6-53e2-8e34-21e06a515861,lfw,Mitchell_Daniels
be3a6883-adb8-5f13-8b10-f3c1fa00098c,lfw,Dan_Monson
be4c2c8e-c8a6-522f-99c9-fc4dbabd00fd,lfw,Gore_Vidal
be4f9029-5481-5a05-a4b5-c76ed2e147cd,lfw,Paul_Bremer
be51b356-501e-53b1-8d97-b26d51c43b85,lfw,Joan_Collins
be5293c2-8d49-575c-8234-0ae7ef9839fe,lfw,Lee_Ann_Terlaji
be5aee7b-9de9-57b9-a6f2-a7da677cd7ad,lfw,Mercedes_Amor
be6ec35a-5ee2-5bfc-bf57-e9ed0c451782,lfw,Michael_Shane_Jolly
be7d9230-c450-514b-825c-f358711b2540,lfw,Scott_McNealy
be8fc742-cebd-5955-a38d-ec79b625e2a6,lfw,Andy_Griffith
bea1984a-1309-5c0a-92ab-22d03a955dc0,lfw,Mario_Puzo
bead71c2-2a39-5c46-b7ba-c275374c479b,lfw,Heidi_Fleiss
bead802c-95b2-5658-a74a-8a6009eadc0e,lfw,Helmut_Panke
bec8d9dd-511a-5531-ba33-b8130b3a787a,lfw,Teresa_Graves
bf0e76fd-47f1-51a6-8934-a544183345f1,lfw,Mikhail_Gorbachev
bf1ae60b-747b-5536-bd8a-60f51381d56a,lfw,Deepa_Mehta
bf248938-0947-5a19-a7f3-5b3d91abe248,lfw,Michael_McNeely
bf3138af-3d8e-5dae-9dc1-427bb5075286,lfw,Laura_Flessel
bf65543b-b632-544c-9aeb-37ba3b7bd3be,lfw,Diana_Taylor
bf7cfe31-29c2-518d-b22e-8c3f113ebbb7,lfw,Josh_Kronfeld
bf81bc61-8df5-5639-8b44-2052f51c714f,lfw,Laura_Elena_Harring
bfaf7a88-1794-5d8a-bf13-f82d90e9c2c6,lfw,Saddam_Hussein
bfb5cf9f-2fca-5c80-b8f7-dfd77dab4fc6,lfw,Jean-Luc_Bideau
bfbfe41a-fe02-5175-8345-6a1cef744351,lfw,Tara_VanDerveer
bfbff089-03b9-5bee-85f8-4259a148cf04,lfw,Matt_Welsh
bfd434ef-2e12-5f9f-b9c1-c7aa12034703,lfw,Michelle_Chiklis
bfd508d1-d1a5-5bfd-b66e-eb56b5642628,lfw,Dalai_Lama
bfd85963-0f8a-54cd-a43a-d3c13fb01f4a,lfw,Damon_Dash
bfe7040c-c683-5edb-9e50-0170e6a804b8,lfw,Lech_Walesa
bfea46e2-1010-5a14-8dba-7059a85c4eb8,lfw,Bijan_Namdar_Zangeneh
c008dabe-2d67-54ba-b024-5a56d7ed21db,lfw,Karen_Clarkson
c009b55b-fd72-506c-94b5-350c9efa4047,lfw,Aretha_Franklin
c0190e64-9af7-52dd-99cc-2107c4871956,lfw,Tommy_Lewis
c01e4c2c-a4e2-514f-aadf-752c3b7bc486,lfw,Michael_Stark
c0264fb5-8023-5d18-80f7-c7f1eb127e3a,lfw,Danny_Elfman
c026d820-99db-5180-9539-dbeb5d306b7f,lfw,Annie-Jeanne_Reynaud
c039e213-a413-52ec-8886-0a6ba3ebb559,lfw,Frank_Griswold
c0478c64-9b92-5b25-80f1-8b8b40e2da89,lfw,Hassanal_Bolkiah
c0579d71-82dd-50be-957a-30fe909b3531,lfw,Tzipora_Obziler
c05af6a5-ed2e-5455-9763-9dc2aaae066f,lfw,Ralf_Schumacher
c0626750-b900-53b6-b58c-9c8e14ac924b,lfw,Brandon_Fails
c0653faf-6cf3-5ceb-83af-60ef917e7dc4,lfw,Antonio_Elias_Saca
c065f381-7d14-5cc3-b204-988a3ddd8541,lfw,Christian_Olsson
c06ed57d-464a-5f3f-b58b-8308547eeef4,lfw,Aleksander_Kwasniewski
c07c9034-2908-5cc2-b8b3-5919a9a5d32a,lfw,JC_Chasez
c088aec3-af93-5ebc-87b3-a27071685c68,lfw,Kent_Rominger
c08dc9a7-dd6f-5018-9f53-102dcbc82dc0,lfw,Maurice_Papon
c0960750-1432-5d0c-9a0c-e60ef83e2570,lfw,Audrey_Lacroix
c09daa3d-48f5-5b3a-9145-3cdf47e87063,lfw,William_Ragland
c0a2d8b6-4a83-527c-a0ba-7c6143e4d614,lfw,Jerry_Sloan
c0aabdb1-b888-5a25-816f-8b9e2594dc13,lfw,Makhdoom_Amin_Fahim
c0b269ce-791a-5b31-b3ef-3c7e0cef650d,lfw,Steve_Blankenship
c0b782b0-8b6f-557a-846b-703cdff15e49,lfw,Randall_Terry
c0dc3132-2f78-59eb-a13e-473775ccafc7,lfw,Chen_Liang_Yu
c0e671ee-2dae-501f-98e8-be9d87dd1a5d,lfw,Bob_Geldof
c0ef8cdd-cb48-5cf0-a68f-c138148bc32a,lfw,Douglas_Gansler
c0f1afd7-1eeb-5dae-8817-41b8909f2c72,lfw,Thomas_Ferguson
c104c8f3-ac94-59bc-8ca1-cd91d989be31,lfw,Dominik_Garcia-Lorido
c10e3623-036c-512d-801e-92fdece885cc,lfw,Ben_Chandler
c1243931-6207-5ef9-a5ed-17be3baf5a28,lfw,Frank_Sinatra
c126492e-a417-5dfd-949a-2cad180880b3,lfw,Annette_Lu
c14b01f0-517c-5101-af99-4dfcc865e827,lfw,Christine_Gregoire
c151be3e-936f-5673-a657-755d9cbea3f7,lfw,Kristen_Rivera
c16814a2-503f-52ad-b672-350b91c3e7ca,lfw,James_Coburn
c169dfc1-787c-5a41-a0cb-fd3838aac061,lfw,Conrad_Black
c16fc38b-3530-5c44-815c-d396a2cb69c5,lfw,Peter_Fonda
c194a01d-a01d-5851-b9e0-a3cd7b519721,lfw,Steve_Kerr
c195948a-2d0a-596b-973d-8bf16d54180f,lfw,Hu_Jintao
c19afa83-029c-5d4a-a301-3a3ae4f7b044,lfw,Mary_Robinson
c1b6a024-3ae0-56dd-86bd-e42aa56cece4,lfw,Izzat_Ibrahim
c1b870c5-b08d-5079-a8be-c584fc76b5b7,lfw,Osama_Al_Baz
c1b9f469-c117-5945-b289-f3e5b830b7fa,lfw,Guillaume_Depardieu
c1ba1b68-a36e-538a-86b9-620facaa5834,lfw,Monte_Kiffin
c1c99d23-0081-54b8-954c-eb4af0d56ef4,lfw,Norman_Mailer
c1e06248-b2f3-53e2-b4eb-99879b8be605,lfw,Lucas_Wysocki
c1e3ddc2-bd62-502c-802c-7be648e64836,lfw,Gregorio_Honasan
c1e4bd28-b210-59d7-8c74-76e918fa7c45,lfw,Kirby_Puckett
c1e6f56e-8a81-5163-bac8-3d467fe62321,lfw,George_Lopez
c1f17339-c130-5605-9d87-222482dc64ae,lfw,Fred_Rogers
c1fe8ada-ef7d-51c0-9a1d-62581a9eab00,lfw,Eliott_Spitzer
c20f0b6e-b1bd-5f06-b98e-f699d29c1076,lfw,Chuck_Yeager
c21298e4-fcec-5421-8281-ca0255984fb2,lfw,Richard_Gere
c21b6c06-73a8-5258-ac61-2029ca09769a,lfw,Thomas_Ulrich
c2229b3c-fdf9-53c8-8a25-58d12cfdc4ba,lfw,Qazi_Hussain_Ahmed
c2231f7c-55be-5ea7-9905-13de27909b72,lfw,Asif_Ali_Zardari
c226c56f-f538-5e8a-a526-28153c4cdad6,lfw,Peter_Arnett
c23e799c-f2c0-5b3e-8521-b6aba44f2b34,lfw,Steve_Spurrier
c269ccaa-ef4e-500e-a572-ec7a65f8e745,lfw,Estelle_Morris
c27ccc60-4584-5691-b2d4-0d998fc118e8,lfw,Raul_Mondesi
c282c32b-4944-580a-9505-ca1b8f8369ca,lfw,Tatjana_Gsell
c28edcb9-ae06-5e44-a1f4-0ad4349d830c,lfw,Compay_Segundo
c29bd4b1-caef-5274-9e96-cf71f49f0311,lfw,Karin_Pilsaeter
c2a1ec8f-ca9a-533e-8895-cace276dc8c2,lfw,Ana_Claudia_Talancon
c2a8390f-3d8f-50d6-b04c-48cfd21c65e6,lfw,Victor_Garber
c2bcb1db-92df-55f5-99fc-35ec28379c40,lfw,Naomi_Hayashi
c2bf40d2-4726-5fbc-873a-b6d6bcdef287,lfw,Doris_Roberts
c2c6c402-4da0-5cfa-8931-762070286e8c,lfw,Michael_Olowokandi
c2cb32b3-e030-50ca-90f5-b687549fe51e,lfw,Sabah_Al-Ahmad_Al-Jaber_Al-Sabah
c2cf2bbe-84ec-566d-9c11-09fce7f70db0,lfw,John_Jumper
c2ea5b8b-035c-591c-b5ae-fefa27b36531,lfw,Jawad_Boulus
c2ebac6e-5da0-57bd-8a20-d9a5452a7fda,lfw,Kamal_Kharrazi
c30f0b65-8410-5055-857e-19b6ed41876b,lfw,Michael_Peat
c3123f29-b0b9-5c97-ad85-374f01156ccd,lfw,Winona_Ryder
c31d8b8d-38e4-5fb9-8aff-df9cd938715a,lfw,Francis_Collins
c31fcf9f-5e90-5945-a96f-dd56081feb31,lfw,Paul_Farley
c321f12e-2ace-5e28-8dbd-c5b2ba62ab31,lfw,Baz_Luhrmann
c3280590-5feb-5f22-90fd-4a8539469380,lfw,Adam_Freier
c3290a95-e03b-52e7-aadc-5e0721146608,lfw,Anzori_Kikalishvili
c33be981-c949-5151-b926-011cb5da9a0a,lfw,Kathy_Winters
c34496ac-aec0-545f-bd0c-4b85d113a586,lfw,John_Walsh
c34a6810-00c9-5002-b735-7384ed33195e,lfw,Justin_Guarini
c35042bd-4f44-5ccb-8563-6a0cde4d742f,lfw,Marina_Anissina
c35c9cfe-350a-58ef-a1ac-98bee9e6601b,lfw,Bob_Melvin
c36cd371-a9be-57c7-bf45-791ad4f64452,lfw,Eric_Idle
c372a43e-d151-5305-8c9c-793e15ebec28,lfw,Dick_Clark
c392c273-ee6f-538b-aae9-0137f5175b53,lfw,Dimitar_Berbatov
c39c32a3-9d72-5cd1-abcc-350ec5ca92e7,lfw,Larry_Ellison
c39d2521-7153-562e-860d-9b4262d38c03,lfw,Alan_Mulally
c3a40d5a-fe02-5b7c-a015-fb8a2a55c7eb,lfw,Sebastian_Porto
c3adecee-24a2-53cf-be9c-9ac6aeb7b542,lfw,Miguel_Aldana_Ibarra
c3b4b44a-f527-5a8f-96e9-b3ef46257055,lfw,Bruce_Springsteen
c3bbcf69-5fd0-5e39-bcb1-5e2c5875300a,lfw,Kevin_Sorbo
c3c334dc-4cef-5ac4-b2e6-f41220e2b8b0,mfr2,RalphNortham
c3c4d16c-22b1-5635-940d-ae0b6677b580,lfw,Michael_Chang
c3dd30a8-bf3c-5c9f-842a-3f990942661e,lfw,Alexandra_Jackson
c3e10c5b-6fd0-59c6-a127-a9d2162b46d5,lfw,Lisa_Stone
c3e87f49-58ba-501e-a257-8b082789e89b,lfw,Steve_Park
c3e89a42-803d-517a-b600-3c6d93a2b097,lfw,Hamzah_Haz
c3fa11c0-db5e-5a6d-b4ed-1afa34bfae4d,lfw,Larry_Eustachy
c4066642-785c-5a15-934d-12bf2d1e1c47,lfw,Tim_Floyd
c40d3799-0d9f-5ea2-b469-e310663bf6e0,lfw,David_Suazo
c42aa850-82b8-502c-bbbb-e2c1a31713b2,lfw,Martin_ONeill
c42c0cd2-fe13-59fe-9a47-b7ae2672f8ff,lfw,William_Webster
c4336362-4422-5e77-b27a-0e74c982f923,lfw,Chung_Mong-hun
c4388e3a-693e-5e09-8ba3-aa662278095e,lfw,Andy_Lau
c43b97e6-6ce0-58ba-8d85-054946a75fbc,lfw,Zelma_Novelo
c4420ebe-5098-59b9-95e6-9649750bff10,lfw,Sung_Hong_Choi
c44b38f9-9d0c-5b99-aeaf-3b0969485b8e,lfw,Al_Davis
c44d05af-59ce-5739-99e1-792e8b0a58be,lfw,Gavin_Degraw
c455ff06-388b-5aa5-9c07-d7892f5a66c8,lfw,Nora_Ephron
c45623a5-47eb-5bfc-9bfe-8b0db60d0b60,lfw,Bill_Stein
c45dc7bc-1c9b-5698-a6c4-bb7af514d884,lfw,Matt_Herden
c4653b64-b34d-51de-8477-9c58aedc04d2,lfw,Peter_OToole
c46cc8c7-e43a-5574-8d36-a7fb0bbfd9fa,lfw,Jeffrey_Katzenberg
c4769604-cf96-5be3-9e8f-fe8dbf7e9322,lfw,Claudine_Farrell
c48c3746-d91c-54ba-aa47-94ef89232641,lfw,Amy_Gale
c4911b5f-27b9-529f-9ded-81f78c1f2908,lfw,Estella_Warren
c4a32b49-4a4c-5895-b8cd-fad67f31ca73,lfw,Christian_Bale
c4a4e4e8-e474-5a45-a9d5-d31debba9fe0,lfw,Jerry_Lewis
c4cadde6-a4c6-5b89-bbea-dfeced417bd4,lfw,Lenny_Wilkens
c4d80067-8b03-5ab4-bf12-ca6487529a4c,lfw,Phan_Van_Khai
c4e3e00d-cf55-51ad-acc6-7b1dfb64343b,lfw,Jaymon_Crabb
c4eca0b2-bdac-5673-bf06-a2a658140ee5,lfw,Juliette_Binoche
c4f96102-9916-5e70-9b1b-ad4b773cd5c3,lfw,Fred_Swan
c50e4de3-cce2-5c09-9ba4-039cefe95a8c,lfw,Ravan_AG_Farhadi
c51ecf07-fecf-53f6-9c37-417fce4f6991,lfw,Kate_Hudson
c52aa06b-306d-551f-9f0d-d62e176df7ab,lfw,William_Umbach
c53d30b5-8132-539c-98e2-5fa91de4ccc6,lfw,Norio_Ohga
c54edd68-adc3-51e2-a9e9-07184a479068,lfw,Thomas_OBrien
c555d02a-126f-5f7e-aaa8-68cc378453f6,lfw,Julius_Erving
c556355c-17b4-5775-ab0c-9ef8e2a82ace,lfw,Ed_Book
c55bba8a-7c39-5fb2-bd68-8caf72b66a36,lfw,Christine_Todd_Whitman
c562ec14-9803-5da1-b106-3fd1beeb2e80,lfw,Hugo_Colace
c565e141-c16a-5ee3-81a8-a4c74a047ea2,lfw,Greg_Frers
c5945ed6-fc39-5ad1-a063-7e0e305ea59a,lfw,Wayne_Ferreira
c5b0f2c3-a953-530b-8b0c-243d680e4f67,mfr2,AhmadAli
c5c68712-190e-572e-9178-f30d15246057,lfw,Chris_Cooper
c5cea2c1-bf29-51d9-8454-f81d16ca35e2,lfw,Bijan_Darvish
c5d5a54a-3b71-5456-851c-d78aaa49572e,lfw,Joan_Claybrook
c5e67fdf-c5b4-505e-b39f-b07a0657aef4,lfw,Kaio_Almeida
c5f67199-04b9-5f29-b30b-79231f818694,lfw,Carla_Gugino
c5f6a13f-1fc2-5281-8633-ac9c7ce1a7bc,lfw,Mariano_Zabaleta
c609ef78-cb66-5529-b3be-72d38c59c946,lfw,Nick_Price
c610f73d-edc3-5ac5-a552-a0538e68c789,lfw,Bruna_Colosio
c61405af-e1d4-5fb2-9fa2-eae145a35f86,lfw,Henry_Hyde
c6252fe4-47f4-5740-91c7-0080a56b8ac9,lfw,King_Gyanendra
c63a6412-e22e-5acc-acff-4336d8d2913f,lfw,Clint_Lamebear
c6455c87-c08e-57fe-a30b-b536e71d8421,lfw,Gianna_Angelopoulos-Daskalaki
c64d483a-1c92-5881-945c-74ea7d75af7b,lfw,Maribel_Dominguez
c64e3272-48bf-577f-902d-5105b7973e97,lfw,Yashwant_Sinha
c6638a9b-77c9-5125-9b84-b821c0a749c3,lfw,Don_Henley
c66b1c63-c225-51f7-93b1-78cf56ab4d25,lfw,Steve_Mariucci
c679066f-4360-5c4e-924d-93ef376a34ea,lfw,Marcus_Garrettson
c67f6b08-a145-5e39-aa06-fc7d10518f55,lfw,Pamela_Melroy
c68bc6ad-5710-565e-b0c7-d5005835a140,lfw,Pat_Wharton
c6973e41-c9de-51c9-9be7-cd8c78b1e5fd,lfw,Otto_Reich
c6a27c28-9b86-5861-bd41-0a0ce0c22530,lfw,Mark_Shapiro
c6ced58e-54cb-5498-9431-1fcd7cbd016c,lfw,Jean-Claude_Trichet
c6d6737c-c13c-5365-aa71-ea765ffe7811,lfw,Prince_Edward
c6de61e9-6b4c-5c6c-9b3b-894f0a6d0bd4,lfw,Harry_Belafonte
c6e22d6d-31d9-5475-950e-1f3cdca828fd,lfw,Lawrence_Di_Rita
c6e6ef3e-300b-5c29-b19a-e8d302d4c4cf,lfw,Gustavo_Cisneros
c71f4467-76ff-5e26-b928-a2dd58a96ea2,lfw,Michel_Therrien
c728c803-a3ab-5ca8-8d02-4e41ffd43f87,lfw,Junichi_Inamoto
c72bc4c9-12ae-5888-b55f-caae4ac9d049,lfw,Tom_Brady
c738e710-db50-53af-a9c2-0fc6700de7f7,lfw,Scott_Wallach
c75df658-f8f7-5c7d-9474-6be8cde6c465,lfw,Gil_Cates
c7784c22-7f34-55b7-b2c7-8f7803d4a449,lfw,Bob_Dole
c7862937-665a-543e-b545-050076ad4b21,lfw,Wang_Fei
c788f37a-a36a-5d7e-a51e-6b9113dd6361,lfw,Elaine_Stritch
c78a5164-7695-5dc7-a516-26b2105cc246,lfw,Dick_Vermeil
c78d6660-ba7a-5dee-932d-36fc6d022d5d,lfw,Adoor_Gopalakarishnan
c7a0bd5b-2734-5b6a-8574-97df38827653,lfw,James_Maguire
c7afe041-8f73-5ee2-8128-5d861797d52d,lfw,Joe_DeLamielleure
c7b1a382-d5d6-5db4-a43f-efce8a0cb3d0,lfw,Radovan_Karadzic
c7b43545-801c-5cda-8fc4-284020fe0045,lfw,Jason_Mewes
c7bc5f3b-09df-5af1-b0e0-4b14e1cfc902,lfw,Tom_Gamboa
c7d1ef2b-cfa2-5136-a3ce-97906799c6ed,lfw,Carlos_Savedra
c7e031ba-cba6-5c7e-a7b5-d256daf87005,lfw,Donna_Shalala
c7e8a5b2-8522-582e-a0dd-fb2fbd480aab,lfw,Charles_Holzner
c7f80491-53ac-57bb-a682-f50c89d570cf,lfw,Jim_Bunning
c80921ad-2a2f-51d9-934b-431051c0bcec,lfw,Gus_Van_Sant
c81c8e73-33a4-58f1-a5ae-cc6eb1725b88,lfw,Thomas_Kelly
c8207c51-fa1a-55d2-a202-dc99618c4058,lfw,Larry_Hahn
c83553da-2a79-5134-88f7-61ca2a690249,lfw,Frank_Coraci
c83dca56-4b3f-5c04-9371-89a0d42dea0d,lfw,Xanana_Gusmao
c842e17c-6f8a-5645-89f8-e978f1d12160,lfw,Bill_Byrne
c84a77d3-816a-5a9d-bf3a-40d18961d5da,lfw,Christian_Fittipaldi
c85d3dfc-0ed0-5b31-8d78-3fc2a35b4cff,lfw,Asmaa_Assad
c861c1da-08bd-50a1-baed-fff797a6c1a1,lfw,Joseph_Biden
c86cbe22-3efc-521e-9591-e83dd580ac11,lfw,Alan_Tang_Kwong-wing
c87c5b5a-f567-5a7e-9bd7-8577cafb069a,lfw,Salma_Hayek
c883d1e4-d187-5a87-ab66-fa2932d28b25,lfw,Thomas_Daily
c88c9f67-709e-5ad2-9f16-93cb09abdd17,lfw,Joe_Crede
c8996347-ede2-55e3-a17a-6c68a08948f9,lfw,Peter_Hillary
c89f470f-ff8c-5b22-ac6a-6c800c270c0f,lfw,Mike_Alden
c8ae09c3-ab6b-533c-a91e-9b63f74abe0b,lfw,Larry_Anderson
c8b2d58a-f9fe-54ca-827a-091bfefc59c0,lfw,Lena_Katina
c8b94eea-5b82-53a4-84b7-b704fbee2bef,lfw,Allan_Houston
c8ba3336-1725-591f-b16c-ab37871df1a0,lfw,Natalie_Cole
c8c219ba-6887-5dca-8e47-2aa223ed0151,lfw,Matt_Braker
c8c8d38a-0634-5da1-9057-8bf6575c132f,lfw,Rudi_Voeller
c8ddba74-aeee-5498-ad60-df7ad8799448,lfw,Jim_Jeffords
c8e55149-171c-58c1-b238-a2c88a0d860c,lfw,Denzel_Washington
c8e97400-e7a9-508f-853a-8140cf0d6fb4,lfw,Rafidah_Aziz
c8f91180-2fd5-5fcb-89fb-0a76713a1c06,lfw,Silvan_Shalom
c9050627-25fb-52b0-a9b0-c69a5b3369ba,lfw,Hadley_Bilger
c9078e9a-16cc-5b39-af2d-4a6b3928d527,lfw,Geno_Auriemma
c9092e81-44ab-55ef-b6e6-f9d5c71b5724,lfw,Donald_Evans
c91c40f1-dc4e-5b43-be9c-67481e5f9ab9,lfw,Dora_Bakoyianni
c91f1ab5-b149-56b5-b26c-4cd5327ac362,lfw,Bill_Duffey
c92258f0-0c8f-59b0-9fe7-a6ddb631997a,lfw,Lawrence_Foley
c925f07f-cd43-5198-83bf-408a3b34de5f,lfw,Tony_Clement
c9318e99-06e8-529a-a58b-0e3535441d41,lfw,Greg_Gilbert
c932f6c4-0739-58b1-92b7-190417895d60,lfw,Rolandas_Paksas
c9380407-5114-5ac3-b43c-3afcbe4b3665,lfw,Fred_Durst
c942381c-2bcc-5af1-95fc-b8e62a0d72ea,lfw,Shoshannah_Stern
c94559e6-2c6f-5b4b-a729-60f248a2578a,lfw,Francis_Crick
c9493574-624a-5c87-a4c4-eebcc2837365,lfw,John_Rusnak
c9521ded-cc3f-594d-8a10-3482557b67a7,lfw,Jonathan_Woodgate
c959219c-c83d-5b5f-a4b5-d605edab1274,lfw,Floyd_Mayweather
c95fa186-a699-548f-83b6-47e7087e23e9,lfw,LeBron_James
c96e711f-debb-5c9a-9dad-37770ef2bb55,lfw,Sonia_Gandhi
c9854909-f732-5f57-a852-43101f960799,lfw,Princess_Maxima
c9899afe-3c86-5427-a2ce-fcc2d2423377,lfw,Stanley_Ho
c999f71d-d88e-561b-aac2-8d5c1f4d466e,lfw,Hal_Sutton
c9b8c860-7ef1-5866-92f5-bf88e3d36f6d,lfw,Jo_Dee_Messina
c9c3a1fa-cde2-5f5f-83f9-c1b2a3ccd964,lfw,Rita_Wilson
c9e2df95-7f6c-5145-b46e-b1bc447486e2,lfw,James_Parker
c9f40a30-782f-58f5-9bfd-c198c0042038,lfw,Sidney_Kimmel
c9fdfc76-7a75-5f72-a3b3-d08ed2e52473,lfw,Ari_Bousbib
c9fe606e-6956-5960-9629-61bd9f90ff50,lfw,Mark_Hogan
ca0723b0-3a85-5476-8b6b-a7cc360a28e8,lfw,Michael_Lechner
ca1b4f47-84fe-5c70-9afb-a3e7d042c929,lfw,Aleksander_Voloshin
ca26fa26-b1cd-5649-8712-661121da1a7c,lfw,Shane_Phillips
ca3141c8-3888-5faf-91b3-867c65963f67,lfw,Tsutomu_Takebe
ca42594f-a6d9-55c8-be6b-47809613301e,lfw,Michael_Patrick_King
ca471ecf-8509-5d4a-b4ea-f3c7a339fe8d,lfw,Imre_Kertasz
ca4e0b14-67df-56de-9228-0e36d0fac338,lfw,Nancy_Sinatra
ca5587ef-5dee-5e72-8089-235bd091e166,mfr2,DougDucey
ca6f1a1e-56bd-5b65-8262-600a90366510,lfw,Luke_Walton
ca7d4073-e74c-56c7-aec4-1e83c9fa39b4,lfw,Daniel_Day-Lewis
ca83fcc6-22a2-5567-a466-17e4ee9144be,lfw,Martin_Kristof
ca864d94-95e7-529f-8d8e-d58fdad13352,lfw,Kweisi_Mfume
ca989a5b-2857-510a-9183-da320ffd3226,lfw,Vassilis_Xiros
cabb3c56-a0ac-5452-b657-07d079f4ff32,lfw,Robert_Horan
cabe44ce-7204-5232-a402-56fbdb6f65cf,lfw,Amber_Tamblyn
cac7019e-d2d6-545f-84ca-a9d881fe9e01,lfw,Uzi_Landau
cacf51e1-ece6-5e4a-96a9-51219fbdad03,lfw,Picabo_Street
cad90a70-85b5-5faf-9213-af42bcaf0edd,lfw,Habib_Hisham
cada82f7-2cf3-5766-953e-2c85b1bc1cf4,lfw,Richard_Myers
cae37031-ba94-5b44-94fd-181e74887c38,lfw,Bonnie_Hunt
caf2c5aa-d16b-5414-b451-2237550f9b29,lfw,Jean_Nagel
caf5483b-121c-5f74-b27d-d922bf8d9681,lfw,Martin_Brodeur
cb0b49ba-102d-554d-8d27-2d90c4a997c3,lfw,Chuck_Hagel
cb10410f-e31f-5ca1-9822-582873e7d16b,lfw,Inam-ul-Haq
cb2064bd-bfb9-5ecc-8b72-cfb76aa0f8a0,lfw,Roman_Abramovich
cb2b8799-f007-58f7-b952-0e7d69747786,lfw,Shaun_Pollock
cb497f11-6fae-5bea-bf05-40dc9d8a7369,lfw,Austin_Kearns
cb5de359-311a-5bca-897c-80e0acf95167,lfw,Linus_Roache
cb5df2ab-5253-5afe-8e2c-3330f9d2c71c,lfw,Troy_Hudson
cb7405de-e85e-5a75-8877-a63e7434ba3c,lfw,Eddie_Lewis
cb805cb7-6bb6-5ed0-80de-fe1c68a63595,lfw,SJ_Twu
cb88ec8b-5ebd-5c8a-9c21-e42c9553d5be,lfw,John_Danforth
cbb14859-1f9e-5d91-b0de-b031b51de5ac,lfw,Richard_Jewell
cbb1d95e-080e-5384-81bd-e014f30cd4da,lfw,Matt_LeBlanc
cbbbc022-9501-52e5-a390-63a238619421,lfw,Terry_McAuliffe
cbc6457c-0fd3-5282-bf74-18b059177798,lfw,Wen_Jiabao
cbd11e21-0d85-5d89-8c69-b448945149b3,lfw,Roger_Corbett
cbde0aa9-8aa0-51ec-a334-4e2ce99680a9,lfw,Liza_Minnelli
cbe1e22e-3494-5bd6-b96e-064be4421a08,lfw,John_Rigas
cbe55971-ad47-5f53-beb0-2ecc8f19ea54,lfw,Lionel_Chalmers
cbec9402-326e-5a38-b164-3be9333baa0f,lfw,Sandy_Smith
cbf293a4-a36e-58f4-a15a-66602a242909,lfw,Raymond_Odierno
cc0e75d0-1222-5482-936e-c2f4266e1e50,lfw,Hernan_Crespo
cc144940-15c0-584b-8b7d-5e2017e59473,lfw,Daryl_Jones
cc226f67-c54c-5f8e-9f81-5545dd411723,lfw,Ivana_Trump
cc22d35a-26da-59af-aeda-fb712ee8e664,lfw,Minnie_Mendoza
cc298a5e-da95-54f7-8cc8-ad2fec76955b,lfw,Giannina_Facio
cc37e332-da58-54a6-b913-94c57f42ab74,lfw,Anne_Cavers
cc40da90-6411-51be-b0fc-59450b81ee69,lfw,Tanya_Lindenmuth
cc433df6-3cb3-5eaf-a43e-389f32b79c28,lfw,Filip_De_Winter
cc49e726-67e8-5863-baad-52c8a793473f,lfw,Gisele_Bundchen
cc4f7289-b911-541c-bf28-b2c77b02a2d9,lfw,Dave_McNealey
cc575416-6036-5681-9028-dc86825d181a,lfw,Pat_Riley
cc5bd036-86bf-59ff-b40a-e00662d4e9b9,lfw,Aitor_Gonzalez
cc5ca07e-256b-55c2-b1f7-569475bc7f26,lfw,Iain_Duncan_Smith
cc6224ef-8422-5730-8f35-8581328b5e67,lfw,Janis_Ruth_Coulter
cc67084b-f311-55ba-b8fa-7831fbc21b94,lfw,Kenny_Chesney
cc76df70-78bf-526c-a67b-4ee1a08b86f3,lfw,Alex_Zanardi
cc7870cc-78c9-5957-9af8-df637ab7432e,lfw,Anne_Heche
cc87e381-813c-511f-aa90-f8c4c706ee71,lfw,Ruben_Wolkowyski
cc89cdaf-34ae-5ee4-9dd3-9b761e1acd28,lfw,Paul_LeClerc
cc8dc80e-2218-5299-b848-755535d1ebe3,lfw,Jake_Gyllenhaal
cc8ee1af-ed43-5069-bd4b-9a3d9f0205ed,lfw,James_Phelps
cc90a40a-7d5f-529d-b953-9c76d0273416,lfw,Derrick_Rodgers
cc94474d-ff1b-5dbe-abb7-561faac3ebc7,lfw,Gala_Leon_Garcia
ccb1b4a0-58d4-5bba-8e04-cc02379f9662,lfw,Wycliffe_Grousbeck
ccb5a732-fdd0-5837-85e4-547c31cf8e1c,lfw,Paul_Wilson
ccb74917-b507-5cf5-aac4-2300f937962b,lfw,Matt_Anderson
ccb77093-1958-5f79-9d83-af12b136022c,lfw,Patti_Smith
ccc790ef-bbaf-5193-aa00-0bde3889ba41,lfw,Zarai_Toledo
cccc8492-3b6e-5333-8c12-6c313b1fe1f0,lfw,Tom_Reilly
ccd5ea0c-e37e-5ca1-9731-47f684937c9c,lfw,Bill_McBride
ccdb762c-af93-5dbf-a035-a475dc7049e0,lfw,Dianne_Reeves
cce24337-f811-57a4-9515-3fd9c84d6571,lfw,Taufik_Hidayat
cce274b9-2988-56db-a271-1aecfa2a3c43,lfw,Fann_Wong
cd0d1861-6365-54b1-aa1a-38eab437902f,lfw,Steve_Redgrave
cd0fc7e3-434f-5d54-b5fe-3070be2ff728,lfw,Karen_Mok
cd170687-8b91-54f2-a073-652802fe841e,lfw,Marcio_de_Souza
cd20b134-bf04-5dc4-b7bc-5ff01fea8040,lfw,Bill_Bradley
cd24b1da-8b35-5381-ab05-9662dce1c18e,lfw,Richard_Fine
cd2f5eb9-95cc-546d-b5c3-0265f1d715ca,lfw,Juan_Roman_Carrasco
cd3d1b1b-1755-5e32-ba92-55e3d8ea07c6,lfw,Mehmet_Okur
cd3d393d-a5d5-5916-96dd-3692167f8072,lfw,Derek_Jeter
cd6da6f2-27a9-53d7-b7c1-3644979a513b,lfw,Gilberto_Rodriguez_Orejuela
cd812fe0-b735-5f3e-b0c1-cf566e045928,lfw,Scott_OGrady
cd8212e2-20cf-575f-81c7-9974c12d356d,lfw,Gideon_Black
cd846cc9-e915-5b61-a9ae-ae3fd71e8e4a,lfw,Ximena_Bohorquez
cd9af6fa-de2f-50c3-8c28-50d992e4a398,lfw,Doug_Wilson
cd9bcf33-7c8f-53bf-aa77-fa749c40f321,lfw,Melissa_Gilbert
cda65205-c04e-5a77-993f-c43b435c0447,lfw,Jan_Petersen
cdaa71a2-217d-5197-84b7-eaf3bae48dc9,lfw,Uthai_Pimchaichon
cdb629ab-03ba-52d9-b74d-f9875127307b,lfw,Gregg_Berhalter
cdd64ffc-5d10-58f7-a2e0-157fbb7ba8af,lfw,Anthony_Rackauckas
cde1bbc4-f782-5942-8207-487c25e51945,lfw,Park_Na-kyong
cdea6696-1a04-5646-8667-1125ba81da64,lfw,Simon_Larose
cdeaa256-be1d-5c4f-a3c8-43aeb6aeb8d3,lfw,Christopher_Walken
ce1bf7f7-d98b-53e1-b64a-ec2e0148fa17,lfw,Roger_Mahony
ce1d2c80-c93c-58e7-8300-941874faf374,lfw,Anna_Nicole_Smith
ce27a666-2e4c-576e-a91f-e82c9e192e30,lfw,Janet_Horvath
ce2f2cb2-309b-5a08-84bc-a7ce84d53d8d,lfw,Kyra_Sedgwick
ce3ee8b0-f2a6-5aaa-a4b0-8994d4f2cd02,lfw,Eileen_Coparropa
ce3fa389-ba71-5bc1-98d4-d0d56256251d,lfw,Cathryn_Crawford
ce5bb35f-c230-5b88-a5c2-4d401f94cb04,lfw,Kristy_Curry
ce5ed2b6-1186-54fe-96c3-3dccdfd35cb7,lfw,Lyle_Lovett
ce667e0c-26aa-5b02-be82-b6422e6e97c6,lfw,Enrik_Vendt
ce6b06a6-65c9-5099-baf2-43e7440ff1e2,lfw,Dennis_Miller
ce71be7f-cbf8-5a68-ba71-64361199312a,lfw,Mahmoud_Diyab_al-Ahmed
ce72257c-035c-52b2-9c9c-36172ec47412,lfw,Yusuf_Misbac
ce7dcb0d-6744-50b7-8c5a-8c3a3273edfc,lfw,Johnny_Htu
ce8630df-b0b7-5411-90d4-82468b606782,lfw,Jim_Thome
ce8e7ce1-6a87-58cd-894d-a4aef41de261,lfw,Wei_Wu
ce938d17-df57-5003-8cd6-b13fb2c328b6,lfw,Trista_Rehn
ce94bd38-62b5-565b-836e-31e64c556a57,lfw,Helo_Pinheiro
ce9707d2-528f-5757-8e05-9476ffb8b80f,lfw,Mira_Sorvino
cea9a928-dfda-516c-afc1-b75338aa32fd,lfw,Denys_Arcand
cec4f674-bb5a-5347-b3b1-b69a0466a796,lfw,Benjamin_Neulander
cec9b651-7e25-5d23-acec-7a41d9a577f8,lfw,Michael_Bolton
cedf9c8b-4dcf-5fc3-bda4-14250b098b81,lfw,Rocco_Buttiglione
cef5ab6a-766e-550e-8e14-9fedfa2161a4,lfw,Jane_Leeves
cef9e9b7-ac03-5399-9fd8-82c2e54db6a9,lfw,Rachel_Hunter
cf029e69-6eb3-5164-8c02-fd4f395364e0,lfw,Peter_Costello
cf05b29a-ce96-5875-9cf1-8f566f6b074e,lfw,Tom_Brennan
cf07dfea-f590-5357-bfb8-524191d03885,lfw,Wilfredo_Moreno
cf1b32ea-a217-579c-ae01-1ff76019fdeb,lfw,Kristin_Scott
cf20d262-b06a-5e64-9141-5317adb4cdbd,lfw,Gavyn_Arthur
cf2c5e1e-d908-504e-907f-dd4ddb021544,lfw,Stephan_Eberharter
cf4064d3-69c9-5858-951c-bdb03c958330,lfw,Brad_Miller
cf51a3a1-ba87-5386-8f08-1878d945170d,lfw,Peter_Harvey
cf6409e9-4d42-5770-a4c2-8a4a003c1944,lfw,Brian_Kerr
cf68989f-1999-57dd-ae1f-b84eb8234219,lfw,Brandon_Robinson
cf6e3ba5-9634-5fe9-b48d-3e7359cdaaaa,lfw,Thierry_Falise
cf6e82da-6be4-57be-95c4-1d33345f1f7f,lfw,Shi_Guangsheng
cf729c21-21bd-510f-8193-3c83d9a50f3e,lfw,Shingo_Katayama
cf79aff9-1e60-5fc6-8e3a-c4b96d5a7422,lfw,Katerina_Smrzova
cf900b18-e00d-5d54-8f0c-c0828d9ec515,lfw,Julie_Goodenough
cf9a2433-a637-51a6-9609-e1695439ab71,lfw,Barbara_Roberts
cf9d5e63-c88d-53d3-8752-c254bbaf4edf,lfw,Joe_Garner
cfbb642d-d585-57c5-8b53-8e7a5b15f5b9,lfw,Gro_Harlem_Brundtland
cfc560d2-e454-529b-8bb5-61bc9fa9d811,lfw,Jaqueline_Godoy
cfd25a7b-5b73-543c-aa07-9d0ac1f50f95,lfw,George_Robertson
d000514a-c295-569f-8f17-d7ea154b1599,lfw,Leandrinho_Barbosa
d0032a20-7fa9-505f-94b4-71720f542d7e,lfw,Jenny_Romero
d00a17e0-f894-5d5d-8e0c-21eed91bddd1,lfw,Michael_Diekmann
d016dff7-745a-5888-a60e-74cfce33aca6,lfw,Keira_Knightley
d026333b-48e5-5e34-ae62-2661b9dc2174,lfw,Mike_Matheny
d035c2b4-1bcd-54e7-a57b-8b090abb3516,lfw,Jim_Carrey
d03d7cff-6614-5f54-997b-aea72c1f1ef6,lfw,Mike_Krzyzewski
d054abf8-c29e-54f7-9ff2-5b2e118cf56f,lfw,Suzanne_Gaudet
d0715c61-2076-5973-88f3-980394cb9626,lfw,Steven_Curtis_Chapman
d0792034-9767-5046-ac1e-d8bc456243ea,lfw,Francisco_Garcia
d094e0f6-daca-55f6-8201-7b2903dbef6a,lfw,Vytas_Danelius
d0a01fbc-13b6-5359-88ce-d8b6e625c9d0,lfw,Louisa_Baileche
d0b29282-0b89-55d7-a233-51c5319f4af0,lfw,Paul_Byrd
d0b87648-5df6-5dae-8a1f-b4b7e2063565,lfw,Chris_Penn
d0ba6bae-3646-5b55-b440-cccd75a4baef,lfw,Cherie_Blair
d0c7c42b-1388-53d3-8152-705b7d8855c8,lfw,Pete_Beaudrault
d0d0fb8e-132c-5403-92e9-62fce9e353f2,lfw,Rand_Miller
d0e48f14-2f1a-50ec-a210-f54bafeeadec,lfw,Jimmy_Kimmel
d0ecee9d-0212-5127-aa88-37b51c73d95c,lfw,Sally_Field
d1122cd9-b560-575a-92eb-c48e2fe8d863,lfw,Mick_Jagger
d1183c4a-2bc6-5fe2-baa7-e539933da52e,lfw,Steven_Van_Zandt
d1195f2a-b4eb-51e0-84c4-f11a11cc727e,lfw,David_Beckham
d1204c22-0ab7-5a6b-8772-4f8c57aee5d7,lfw,Jana_Henke
d1255412-8c96-5533-8cce-01ba46f3f550,lfw,William_Harrison
d13522c9-6ebd-50a1-b1dd-7ef505abcea8,lfw,Shigeru_Ishiba
d1393638-cf4f-59c2-9709-edbea26cec6f,lfw,Judith_Nathan
d1502f13-25e3-5f02-9fba-1125905063ff,lfw,Mary_Sue_Coleman
d1553fdb-53ad-5f2c-b965-4acf6e728eef,lfw,Sherri_Coale
d16471ce-63ee-5eec-915b-934d38e68ff8,lfw,Guillaume_Cannet
d168794a-fa3f-5806-9610-36c534d53b08,lfw,Tommy_Lasorda
d18b32e5-0b01-593b-b5a6-c5b61276d216,lfw,Scott_Peterson
d18f6a73-2258-57af-9a8b-b2f440e5a7e4,lfw,Kemal_Dervis
d1b503ac-640f-5c59-b2f3-32e39072f1ea,lfw,Abdoulaye_Wade
d1d42cb7-c3de-5d3b-a837-40d34c62e715,lfw,Steve_Nash
d1d82d60-8e30-5bf2-af7c-8b93feb6f691,lfw,Larry_Beinfest
d1f6d9e3-150b-55b8-9997-e9fd30930719,lfw,Yannos_Papantoniou
d1f71afd-b1e1-5655-815c-899f3a6ae73f,lfw,Carlos_Manuel_Pruneda
d1fee928-e502-5fa1-b741-14e5f4b5c35d,lfw,Ty_Votaw
d202e501-0b74-5e7f-8f62-d3a15cd9a42a,lfw,Ashley_Olsen
d2120801-5015-5fa0-829c-6e9fc2a8bccb,lfw,Vyacheslav_Fetisov
d213ab48-f70f-5aee-829a-a419ce04e9e9,lfw,Nathalie_Dechy
d2152638-8594-5719-8f3d-722742334751,lfw,Craig_Doblin
d219add4-ca38-549a-863e-3e87d746ec8b,lfw,Tracee_Treadwell
d21a8d26-152a-5f71-912b-4679d84e352a,lfw,Charlotte_Casiraghi
d228ec18-335b-5ae0-ace7-63e2771e4c7b,lfw,Andy_Wisecarver
d229bf41-6e68-5888-9a45-283e639725b4,lfw,Sergio_Castellitto
d22f3544-bdf6-5eaa-9ffe-699bc6f8875c,lfw,Teri_Files
d24218a4-72f6-5883-bbad-9b5c63d762a3,lfw,Ren_Qingjin
d2454381-a854-5f85-8d37-2af96844371f,lfw,Cindy_Zagorski
d2471668-1111-5b41-a9d1-09835e16ac27,lfw,Kirk_Franklin
d25326ba-5dd4-5a6d-a4a6-130c5418231f,lfw,Ray_Young
d276c709-d693-5b2b-b114-4a798c72abf5,lfw,James_Brazelton
d28525de-0e1e-5eff-afa3-f8b2acc0d717,lfw,Reese_Witherspoon
d286424e-7c20-5144-be33-284f61e23722,lfw,Bob_Taft
d2866a9f-82b1-55ec-ab00-d18258fdfbef,lfw,Barry_Alvarez
d2883d93-ec0b-5bff-8982-669438379de8,lfw,Charlie_Coles
d28c1257-df6e-5f70-abc2-0e532cdd06f3,lfw,Gao_Qiang
d29ce4de-039a-5900-b4b3-5acd7df41e4c,lfw,Yasushi_Akashi
d2c24f79-8adc-55b0-a66d-56d7976f78ef,lfw,Jacques_Villeneuve
d2ccb362-1128-5e7c-8c42-4e62d76f3028,lfw,Eddie_Murray
d2d4d184-8d60-583d-a5fe-7b0974306cc4,lfw,Dale_Bosworth
d2e6c535-fa4a-59c6-a741-55a799dda462,lfw,Alastair_Campbell
d2fc3f0c-a4d7-5799-9427-854b68dad4ab,lfw,Andrew_Niccol
d300d3cc-336f-5a67-b8f0-c6cc666bd850,lfw,Abraham_Foxman
d303e731-acb9-5b27-9315-639acd7bb61e,lfw,Nursultan_Nazarbayev
d304ad48-a8e5-54c8-95e4-47c28501994c,lfw,Donna_Brazile
d3097753-baf1-578e-b3f7-e0f4a20ad488,lfw,Jose_Maria_Aznar
d31aa306-3cff-5951-ba4c-81bac82ffc09,lfw,Sanja_Papic
d33445a7-00b1-51a2-90e9-dca0031865ff,lfw,Joe_Cocker
d34327ae-23a8-56a2-a008-a4b489a8e740,lfw,Maurice_Strong
d3570aee-a37f-5a23-9f93-3bdce1417c6a,lfw,Brittany_Snow
d3637a4a-ef5c-59a2-86e4-729080144610,lfw,Paul_Schrader
d371e0f9-8738-54a4-b360-64b930d5235b,lfw,Saparmurat_Niyazov
d38c83f9-fc3b-5c65-9722-be74bc35f07b,lfw,Bryan_Murray
d3ba3075-b58d-5435-9484-7481c4be4a91,lfw,Mike_Carona
d3bdb84e-6b0b-56e6-8c04-740e32714acb,lfw,Enrique_Iglesias
d3caa127-025e-5fc9-8a14-ae87b6a7daee,lfw,Miguel_Jimenez
d3d574c0-1034-5365-94e6-2cbec4d04723,lfw,Marquier_Montano_Contreras
d3d77c7d-3fc1-57ad-9f9b-c43a7e8f19d1,lfw,Ruth_Christofferson
d4092ef5-5e03-5d18-9184-664a89dc5db9,lfw,Riccardo_Muti
d40b2e75-3846-566f-9300-06bd770963cf,lfw,Kareena_Kapoor
d414a266-d7a0-5261-8ee8-9dbdcd665e43,lfw,Evan_Rachel_Wood
d42eacc0-53be-5a8f-9c4e-f010aff53d76,lfw,Ben_Howland
d43c4881-99c7-5d79-a9d3-bbbcd59dec30,lfw,Heather_Willson
d43d8f6a-3d5f-56c2-9eae-f007b3dfbab4,lfw,Gary_Gitnick
d43e0306-236c-58ab-9946-a82f40c89e34,lfw,Elva_Hsiao
d44e0948-fa23-52a7-ba8c-d6e956979cd7,lfw,Stephen_Funk
d4568537-c6ca-57c5-b728-02a139b82426,lfw,Eriko_Tamura
d4696ca8-4861-5797-b32e-99a1ecba24bf,lfw,Yao_Ming
d46f5aa8-e0e3-50b0-913a-8dcd0e1d0494,lfw,Irina_Framtsova
d4871003-dee2-5e0c-9587-f4b8f0ddfe10,lfw,Alfred_Sant
d494319c-bedc-5a21-92bc-ec8a41dbbd7b,lfw,Jonathan_Horton
d4a05a0e-e1d7-5b49-9d59-deb6e555b092,lfw,Francis_George
d4bef6d7-08f2-50cb-8636-731f4960613f,lfw,Tessa_Jowell
d4cec34f-b920-5183-84ab-5c21fb09fdeb,lfw,Askar_Akayev
d4d4aede-06b3-592d-b196-7c480db629a6,lfw,Michael_Deutsch
d4db428e-f73f-5874-86cd-e7a4fa3e9ddf,lfw,Elmar_Brok
d4e21506-04b3-5538-bfda-7c498b12c4c9,lfw,Alistair_MacDonald
d4f4e711-6594-504a-ba5a-82abeaa9c988,lfw,Edward_Seaga
d4f7c4d7-6b31-58f8-8870-9263a173d744,lfw,Eddie_Fenech_Adami
d4fd0caa-07f5-5b47-b5d5-86df1a32e9ae,lfw,Jack_Valenti
d514f870-ec8b-57e0-9c75-91421f1782ef,lfw,Dinah_Turner
d535a3e4-69ea-5ac1-bbd2-f0799f22f309,lfw,Robert_Flodquist
d53bb6da-5af5-5d29-bfa8-874c1b2dd4be,lfw,Todd_Robbins
d5482834-a3c9-53c9-b8d8-96a925af180d,lfw,Elin_Nordegren
d56c7815-d190-548b-984f-83804f97b0da,lfw,Jean-Sebastien_Giguere
d58e0b78-2665-5a46-9fe7-f86bfe61fcab,lfw,Alyse_Beaupre
d5931167-41ac-56b9-8f7f-5a60e056ccff,lfw,Peter_Mugyeni
d597a4c0-d977-5067-9f6d-8595278d8249,lfw,Mikhail_Kalashnikov
d59a480a-46e8-5e2e-ab5d-dffbb4af0f50,lfw,Francis_Mer
d5a0831a-d0e9-582d-8c0c-b0b3b5a6ec20,lfw,Mike_Sweeney
d5b1b135-ced7-5631-a75f-83cc25386cf0,lfw,Alec_Baldwin
d5b28fdf-18ee-5043-986e-6ca119231b34,lfw,Kjell_Magne_Bondevik
d5c35871-78b8-57a9-a281-21ea87e7edcd,lfw,Paul_Gannon
d5e36f2c-2b67-5ac5-9630-49ee099a1b30,lfw,Dick_Devine
d5fb8180-6cc1-5013-9879-aa0372199b65,lfw,Nelson_Mandela
d606a7c5-6981-5814-aa71-323a2f5ac5e9,lfw,Bob_Stoops
d60ff318-998d-55fa-8beb-87b92578bdb6,lfw,Richie_Adubato
d6111415-cdd6-56dc-aae0-c5d4d65f5c89,lfw,Einars_Repse
d611c0d6-36c0-5710-ae2a-6c16eb921bc5,lfw,Ian_Thorpe
d6142980-8158-5e03-a732-882caa6a3247,lfw,Mark_Gangloff
d6287cfe-60a6-5c03-a4f5-db8c9143cf29,lfw,Paul_Greengrass
d63b7da9-50d9-5c62-b44b-afb79cd45727,lfw,Laurie_Hobbs
d6438204-4f92-525f-8f77-537e6a91d713,lfw,Jason_Keep
d64802e6-d2e6-5821-955a-ff6fd8927cc6,lfw,Teddy_Kollek
d64fbc4b-abef-5dd7-ad8f-371588c3d3fe,lfw,Nona_Gaye
d66327c5-de91-596d-bf16-606f1a615041,lfw,Chang_Tso
d66a07ac-035f-5778-a5fb-5fb61bf907e8,lfw,Patti_Lank
d66aea2f-8345-5e63-847b-eae33882535c,lfw,Michael_DeMinico
d672a6ad-1abd-5af5-9d97-ec42d3e0ac4e,lfw,Lino_Oviedo
d673ad5d-8079-52e9-8b48-fa27d002ef8a,lfw,Hisham_Halawi
d679ddff-b900-5611-9bd6-82a17a9200d5,lfw,Richard_Ward
d6995aa9-c00f-5c9c-a7ca-f8a14e9a2807,lfw,Jennifer_Renee_Short
d69f93a2-8210-554d-8514-481065baf17e,lfw,Andrew_Bernard
d6a2f6a6-34f4-5b7c-8670-bf85d7e571f6,lfw,John_Baldacci
d6a47848-92b9-5a60-bbb2-5a3bced58f2f,lfw,Rick_Barnes
d6a55637-d654-539a-962b-2ecdc95cb15e,lfw,Biljana_Plavsic
d6acab09-4733-5283-b49e-6f30b4e52359,lfw,David_Provost
d6bf642a-9901-573e-88c2-6ca88e05014f,lfw,Tamara_Stokes
d6c11efa-659c-533e-a196-f07023fc8bc0,lfw,Al_Sharpton
d6cb5f8e-6ca1-5515-9fd7-ba081009d270,lfw,Stephanie_Cohen_Aloro
d6cba3b8-c90c-5c87-9c39-31ce56895c92,lfw,Russell_Coutts
d6d43607-21e0-5d96-b48c-21fe9ed18db7,lfw,Jane_Clayson
d6def9d3-e671-5537-a081-bdf2749a1822,lfw,Gennifer_Flowers
d6f07288-cbc1-5d65-a24c-37e4a8794565,lfw,Ricky_Cottrill
d6fb21df-a129-50b9-896e-1011859a82f3,lfw,James_Murdoch
d7065966-9d38-5a4e-82c7-cbf4bca56afc,lfw,Alicia_Witt
d70affd5-0e71-5355-8e34-ff9ad291845b,lfw,Keizo_Yamada
d71538b9-7dfe-5df8-9c93-0d994da74f12,lfw,Stacey_Yamaguchi
d7198330-bd23-5845-b9ef-77b526ddc455,lfw,Don_King
d724c9c0-5ec4-535d-87de-9eab80e76f55,lfw,Gene_Orza
d7288882-03a4-59fa-b201-4e0115919b54,lfw,Billy_Crystal
d7418ebb-7e0d-5eea-a9cb-b8c1dce6a33a,lfw,Colleen_Atwood
d7421562-ae84-5b03-a919-2b808b942eca,lfw,Sinead_OConnor
d7450272-bc43-5f11-9def-345ec08b4d3b,lfw,Graciano_Rocchigiani
d754074a-0978-5e3b-a550-2ae89b9d8f78,lfw,Cecilia_Cheung
d7744144-1946-5777-a42f-10554030163d,lfw,Mike_Johanns
d77e7e2f-15cc-5b71-9e78-16def484b4e4,lfw,Dustin_Brown
d7932f40-9717-519a-806b-96b80204c0d7,lfw,Marc-Andre_Fleury
d793a016-ffac-514e-8253-73bec61d0247,lfw,Tippi_Hedren
d795d265-3eab-5041-9f16-4f7332941d72,lfw,Cho_Myung-kyun
d79f2b5e-8b75-59ad-8b96-e1e16c7544e7,lfw,Kent_Robinson
d7b27205-2f57-5e5d-bca2-3566a68460b1,lfw,Billy_Graham
d7b83e01-28ce-59f1-af47-b25ed75bead1,lfw,Alonzo_Mourning
d7ce0b22-2d8d-5e8f-aec4-596785737036,lfw,Jon_Gruden
d7db58ee-0e49-5e60-b630-89dac40c9cb5,lfw,Ben_Braun
d7dc82d7-a4f2-5eee-9265-1ab93d71b410,lfw,Kifah_Ajouri
d7dd4ffa-162e-550a-8b98-23befcf046ef,lfw,Mohammed_Al_Hindi
d7e45074-aad8-5593-b606-f42f5a9df1e1,lfw,Tatsuya_Fuji
d7eb4d66-4a18-597d-978d-a373fec3adae,lfw,Brajesh_Mishra
d7ece904-d492-5d96-8b64-b19f296ee25e,lfw,Paul_Lo_Duca
d7ede6e3-5543-5f91-b8d1-3526bfb0a351,lfw,James_Young
d7fb552e-03e5-55d5-a8bd-89dc7901f5f7,lfw,Hama_Arba_Diallo
d7fe07d3-208f-5ba0-a984-82b209b370d0,lfw,Juergen_Schrempp
d819d647-d5c7-541f-a408-ac5e1cc0dd37,lfw,Victor_Hanescu
d81f574d-7d19-5945-9e49-99ec532cfa53,lfw,Alejandro_Toledo
d82036cf-121c-5f63-b27f-199142d2d202,lfw,Camilla_Parker_Bowles
d8304dbb-f1a6-5a63-bfd0-7319ba00baf7,lfw,Guy_Verhofstadt
d8376d54-9cb0-5795-934b-b5ef351cb1c2,lfw,Kristin_Davis
d8378858-6711-526d-834e-45bdef2f2b25,lfw,Arie_Haan
d83f2203-e91d-5e85-971d-8ae14319fc5e,lfw,Theresa_May
d847f06a-eceb-5ec7-a711-972d86330565,lfw,Roel_Campos
d848afae-223c-54ad-90cd-be87eaa6d985,lfw,Calista_Flockhart
d84ab316-9d01-5ad9-a99f-abfab110bc0c,lfw,Nate_Blackwell
d8692fbe-bea4-5807-9082-18d86b27c91f,lfw,Samantha_Daniels
d86b0fe5-7c33-5494-bac7-6302012371ad,lfw,Momir_Nikolic
d86b1ab8-a569-5b9e-bd23-9cdebc8d4930,lfw,Darla_Moore
d86ff423-0e60-5d03-bd61-617152ed9e9f,lfw,Michael_Moore
d87ac4b1-5eea-5fc9-8d4b-386461988e11,lfw,Demetrius_Ferraciu
d87d76ba-e5a9-5476-80cb-79d8d53672cb,lfw,Marion_Fahnestock
d888c520-bfef-5b69-a347-ca9cb9a74c2e,lfw,Keith_Urban
d8894127-3dd0-5ae1-a420-ad99cded88a1,lfw,Mona_Rishmawi
d89240d2-d95e-5839-9a50-e1d7ae27eca3,lfw,David_Howard
d89dfacb-4980-5472-aec1-363583659507,lfw,Hank_McKinnell
d89e6ad2-5f66-5286-bba8-60976bbae94a,lfw,Brooke_Gordon
d8aaac88-3dda-5fce-9643-dd7f0f8b6d3f,lfw,Fabian_Vargas
d8c2cb23-ade0-5685-9a40-15b59ddb5209,lfw,Paul_McCartney
d8ccb499-ea8f-5e31-879f-5cd7b53f4cff,lfw,Dominik_Hrbaty
d8d1fbfe-c0a8-5618-835b-a6faa02dc8b6,lfw,Arnaud_Clement
d8e8b590-8236-572f-b2d4-338f8498d613,lfw,Surakait_Sathirathai
d8ebd7ab-2321-5b21-824a-5b6f8911e4da,lfw,Anja_Paerson
d8f89ed4-b63e-5815-a921-b8f7bed791b1,lfw,Ian_Campbell
d8fb224a-b677-5a23-b118-4d68a8f6d2be,lfw,Joseph_Hoy
d9093632-f0a4-5e26-8d74-c10ee5b19140,lfw,Roger_Clemens
d90c026e-7493-5ced-92b1-2d87a65bf8e9,lfw,Patti_Labelle
d91aff8e-59e0-547d-81c2-85502456294f,lfw,Marie_Haghal
d91dbd8c-7446-5140-a203-7507eddb6f57,lfw,George_Brumley_III
d941bda9-3776-55b6-aff4-5e3689867220,lfw,Giselle_Estefania_Tavarelli
d9457186-d2a1-55d9-829b-ebb6326de4e9,lfw,Ali_Abbas
d9506220-7f63-54e9-8d8c-e2687d1aef47,lfw,Magdalena_Maleeva
d9583064-3dd1-57c6-8016-17d517f43a2a,lfw,Mohammed_Abulhasan
d95b98f1-9dd6-5ef7-b64d-fad5eaa5e3d2,lfw,Imad_Khadduri
d95e1f1d-18ca-5d03-9955-da40ea99f217,lfw,Daniel_Kurtzer
d9628464-5c89-5dbb-aa1d-d57c93443f58,lfw,Abel_Pacheco
d990d49e-4865-5573-96b3-7adc6e17cadd,lfw,Bill_Nelson
d9997579-82ad-5dd7-9f3e-eb2b3a29cef3,lfw,Mike_Farrar
d99efee3-7398-583b-8834-016ffeb40993,lfw,Randy_Jackson
d9a6dc37-5ac7-5a18-8b25-d956be2ec306,lfw,Katie_Boone
d9a763a8-cc2e-5caa-bf0b-aa10b3f0320d,lfw,Alexander_Rumyantsev
d9b51906-929f-54f9-84a5-af1cd669273b,lfw,Leonardo_DiCaprio
d9c42548-b1ff-56cb-ac48-efce7e9b08be,lfw,Dai_Bachtiar
d9d2e884-ac28-50fd-9ef0-fc8952f9b082,lfw,Brian_Scalabrine
d9daeb68-7c91-5ce1-a77e-341f2797df0d,lfw,Barbra_Streisand
d9dd5842-19c7-5dd3-98da-ca9ec9f2f189,mfr2,BellaHadid
d9e5a27b-5b1f-576c-82bf-7803ec515cd3,lfw,Vivica_Fox
d9e6daed-e1a3-53c2-8248-2fd7e2cca494,mfr2,TaroKono
d9eab933-6f13-55d3-9364-53a63a3c6a39,lfw,James_Cameron
da137ef2-11a6-5eb6-a128-1c56f856cc75,lfw,Gary_Coleman
da14f584-d279-5c3a-8f4d-21640772c65b,lfw,Ain_Seppik
da15e02c-0167-5fd9-bfb8-ad96f5ea05df,lfw,Tony_Parker
da160f09-6c43-55ae-b8c6-78572878433a,lfw,Gray_Davis
da2220f9-c5b9-547a-8006-c085585be41f,lfw,Tom_Lantos
da257493-a405-5810-9cb9-71fdcd666510,lfw,Patty_Schnyder
da294707-202b-5479-95dc-8f8fba4cb9dc,lfw,Jose_Lina
da2a3eb8-580a-594f-b41e-438c00905539,lfw,Koichi_Tanaka
da4a4266-201d-5438-8669-b867d430d424,lfw,Marina_Silva
da55c107-9de5-5ec9-906a-4168df85dd4f,lfw,Dule_Hill
da58e649-47dc-55e5-a251-da6f37621dcf,lfw,Rachel_Griffiths
da6435fe-36e7-5ce1-8e47-8de03cd4d814,lfw,Natasha_McElhone
da66d168-edb1-573c-a604-329c0a66a932,lfw,Lauren_Killian
da6c2444-6ba5-55ab-9616-cadb593a5888,lfw,Tamara_Brooks
da73b66b-79ef-5bc3-a3ec-c2d20b1d272a,lfw,Bill_Cartwright
da783e27-2a83-5d51-9fbb-481496a320e1,lfw,Sheila_Copps
da830ef2-5296-537c-8dd3-01085dbf758b,lfw,Robbie_Williams
daa3b4d1-e2af-5d61-b396-2de9c67ac8b5,lfw,Richard_Virenque
dac2918a-c821-560c-aa4f-dd88b3300290,lfw,Juan_Valencia_Osorio
dace7474-ff7f-5259-ba20-0ad71083a3b7,lfw,LeRoy_Millette_Jr
dae2c31e-e70e-5ad9-9d81-5d3b7b31e35e,lfw,Morris_Dees
db006bf4-3390-5e41-85f1-843179130cd7,lfw,Edward_Kennedy
db1e9111-f0c3-50c0-97d8-8a508f4375f3,lfw,Ed_Rosenthal
db22128c-4fcb-5b5d-a186-683e4055e79d,lfw,Dennis_Erickson
db28f877-a3ba-53c8-93e2-7966aa43d50b,lfw,Guy_Ritchie
db3094c9-0ad8-5b99-bfe2-0892a409ce97,lfw,Sophie
db38fd70-5028-54e8-95b0-834bc78ac434,lfw,Kim_Clijsters
db3b259a-9a0a-55f0-b35c-1aed15557aaf,lfw,Stacey_Dales-Schuman
db46a288-2ee8-5e55-a47a-a01393e3e19a,lfw,Dean_Sheremet
db505f78-36d3-5eaf-8b01-c572a87cdf1c,lfw,Kellie_Coffey
db62d2d3-d157-595c-afe6-38bee4bd9ec5,lfw,Stefan_Tafrov
db6f8f2b-3751-5691-b415-ce8d461aecb2,lfw,Brian_Heidik
db7ffa01-0ccd-5914-a0cd-41006ce592f0,mfr2,StevenReed
db8f8399-7407-520d-8cc1-c2c0676dcdef,lfw,Carlo_Ancelotti
dba6da74-6980-506e-83e0-cee37316e156,lfw,Jaap_de_Hoop_Scheffer
dba76b2a-1a16-5825-b7f7-eccdd9020feb,lfw,Peter_Struck
dbaa7b2c-37aa-5e5a-b893-19a57568cb47,lfw,Jodie_Foster
dbafa0a1-bbe0-5d41-a258-bcb86798b927,lfw,Masaru_Hayami
dbbea2f6-dfe6-5b96-bc68-9564acc5959f,lfw,Martha_Burk
dbc484aa-4097-5882-9cab-05f857c9dad2,lfw,Mikhail_Wehbe
dbc493d5-0897-53c3-90d1-716e04782f11,lfw,Troy_Polamalu
dbd03915-02c9-5842-8c73-f3cece082501,lfw,Bill_Guerin
dbdf3fa5-bfec-578d-b7f3-42cdea4f8a10,lfw,Crandall_Bowles
dbf0fc29-9659-5e5b-a2a9-47c4de9c580b,lfw,Roy_Romanow
dbf8e307-1ba6-5256-963f-af2755005eb5,lfw,Beyonce_Knowles
dbfa9b86-5acd-5a10-86d6-0737f08afed9,lfw,Bryan_Adams
dbfd1a26-574c-510b-a2e2-302385a5d721,lfw,Steny_Hoyer
dc2f948e-4433-5437-b547-8f408a702ef4,lfw,Lisa_Girman
dc35ca09-4dd2-540d-81bd-ded27724b2ca,lfw,Dave_Campo
dc3ee3a2-c025-56cc-a262-a29eb93b3d76,lfw,Dolly_Parton
dc41c461-1052-574e-ac23-bf7c84660a28,lfw,Sylvester_Stallone
dc4a423d-4431-5ddc-95e5-0983f2fdb4b4,lfw,Ester_Canadas
dc4fe2a9-373c-5246-a102-af652c323003,lfw,Katrin_Susi
dc5bc612-0061-5ce1-b89f-fdd71740e1d6,lfw,Mark_Richt
dc5d643e-4121-5b07-814e-47d557d95f73,lfw,Gong_Li
dc63c11e-8da4-5c53-b4bd-3ee2f8b16e51,lfw,Gina_Torres
dc700123-e143-5f4d-8816-02756ca2937c,lfw,Tatiana_Shchegoleva
dc7acfba-e280-5f96-87b8-cf8bef9a1e93,mfr2,BrodyJenner
dc89d9c6-d4f3-55d3-8bfd-765f9a0a4a45,lfw,Alfonso_Portillo
dc917896-8e09-51f6-a179-fceb11c041ec,lfw,Nancy_Kerrigan
dc9b9b57-7f4b-5150-8870-147d0cabb14a,lfw,Johnny_Unitas
dcc15ff6-a380-50f5-a116-22466894bee1,lfw,Kate_Moss
dcc5050f-e386-50c3-9a68-eb6ae9e9ade2,lfw,Ruth_Bader_Ginsburg
dcc6097d-3136-5e6f-b657-fb899bb424ff,lfw,Suzanne_Mubarak
dcc94657-0dc2-58be-842f-77d5281cc1fd,lfw,Roger_Grimes
dcc995f9-4c70-55b8-8068-ab95ff6f8651,lfw,Jim_Beattie
dccbd3cc-1ee0-5766-b0a9-c29e8f9e6c9c,lfw,Diana_Silvius
dccbf530-dac1-5a4e-aede-66a3e3c674bb,lfw,Linda_Ham
dccef9b3-20d3-5938-8d95-074859b3de8d,mfr2,SimonCowell
dce154f9-e6e9-5b27-9dfa-faeac5a7432f,lfw,Ashraf_Alasmar
dce22a00-4006-5c1d-b619-a319a76b800f,lfw,Penelope_Taylor
dce25fb0-f111-561a-8bfe-5d32768477e5,lfw,John_Howard
dce705f5-aef5-5b41-a3a6-e455d1ecbbd4,lfw,Claudette_Robinson
dcf02cd4-e70e-5fd5-b699-6c8d45e944a0,lfw,Ira_Einhorn
dcfb1805-9fdc-58b0-9e77-03fa90610e39,lfw,Eric_Hinske
dd00bee3-159b-5b6c-8c3c-147e0f26689c,lfw,Priscilla_Owen
dd0c655b-f5e7-5719-a870-109dce4adf63,lfw,Cynthia_Rowley
dd0dc529-de75-5c21-8c76-ef13e109bafc,lfw,Yann_Martel
dd14556c-3668-5644-96b0-b7aa8331f401,lfw,Diana_Munz
dd15e410-e55a-5994-bebc-91e3d376be9b,lfw,Garry_Kasparov
dd23e020-e62b-5361-be59-95d6b350abb3,lfw,William_Nessen
dd75c96f-77da-54a2-b662-f409aa583ac4,lfw,Adolfo_Aguilar_Zinser
dd808a66-1b33-520f-94eb-08906c5d8bda,lfw,Chris_Moore
dd914ff3-9a2f-5f7a-a770-762dd39e7031,lfw,Ward_Cuff
dd9584e2-404d-5d67-8a3f-00af75048ca0,lfw,Severino_Antinori
dd9657fc-4ad1-5b25-ae6c-573d1c610f0f,lfw,Michael_Lopez-Alegria
dd966c0c-51ab-5d64-8229-0a00b453d2f8,lfw,Tex_Ritter
dd9cf245-2757-5608-a726-0ccd0c6e96f3,lfw,Olivia_Newton-John
dda896bb-6587-5b5b-bc64-c45f68a8ecd8,lfw,Troy_Jenkins
ddb9684f-f97d-561a-a945-051976a0b78f,lfw,Laura_Ziskin
dde5b72d-cbea-53d2-8e9f-ad8d7a8cc12e,lfw,Wolfgang_Schneiderhan
ddfbfc91-4d3a-54c5-8a51-1b1c2c81a91b,lfw,Tom_Schnackenberg
de012a97-aee8-5ea5-9d9d-84544f945a95,lfw,Brian_Williams
de146f72-f675-5646-8a85-9b1ab9f62c8b,lfw,Chante_Jawan_Mallard
de357825-8c2c-5513-906b-f275c37013d2,lfw,Kathryn_Tucker
de38a4ba-36f9-5611-9678-d1731c961e79,lfw,Lesley_Coppin
de435d2e-baa8-5810-988b-71c936748280,lfw,Piotr_Anderszewski
de49eccd-5c4b-5489-bc6f-491e76ccb3af,lfw,Stephen_Keener
de5febb6-2931-5dd9-9b06-ef8ec2d9dd47,lfw,Federico_Fellini
de6a0685-de66-52e6-8452-e26f955938f0,lfw,Paul_ONeill
de7a79ad-36cf-5d17-a5d4-506427c4e968,lfw,Jeanette_Gray
de8e70ce-09d9-575d-87ca-7ec476d9d72e,lfw,Bobby_Robson
de8e9715-231c-5df1-97cd-5bd5c94ba415,lfw,Ed_Sullivan
de91d3de-c431-5925-8bd7-80877727e651,lfw,Gordon_Brown
de926749-9954-5fb4-87aa-a2ff13d7126f,lfw,Stan_Kasten
dea58018-54b6-5df5-b7bd-f0a61dbfb69d,lfw,Bruce_Weber
deddb5e3-c85d-5a2c-9ed2-9e3e026813b7,lfw,Marisol_Breton
dee595d5-cf55-5b42-9814-1a05efcf952d,lfw,Andrea_Kiser
deed75a8-460b-5c47-9f95-f4fe453e9665,lfw,Donald_Fehr
deee2674-0200-539d-8a53-2b558f578a59,lfw,Frank_Pallone
deee4b41-4fbe-561c-a1b6-9b4c30e95d50,lfw,Mike_Price
df0ec55c-d0d4-5c8c-8bdc-a0201419b92e,lfw,Robert_Zoellick
df127e1e-9583-565e-b6cc-fde7a7099c69,lfw,Angie_Martinez
df2458c7-3b85-5f1d-9cb1-e167603786e5,lfw,Valentina_Tereshkova
df2ab834-c030-52af-841e-dc71dd56151a,lfw,Davey_Johnson
df2cc05d-6148-556a-8305-b9becbc3a1f2,lfw,Queen_Latifah
df4203f8-961a-5575-9c93-8eb484841887,lfw,Dennis_Kucinich
df459bca-c10c-5f72-a941-e40e430c4bca,lfw,Rudy_Tomjanovich
df61c1b4-9106-5353-822f-23cdf692126c,lfw,Ronald_Reagan
df6eb682-b6ad-5742-bc59-bca0925a96a2,lfw,Emma_Watson
df74b0e8-d5f0-590c-bbc0-c13c206857e3,lfw,Pedro_Pauleta
df860262-be78-578e-aad7-944a7a2a1970,lfw,Jerry_Hall
df8e13fc-0c37-52e3-bed9-e0d6714f7eed,lfw,Celine_Dion
df9188aa-fb13-5c65-bec6-ec366dbf92fd,lfw,Stephanie_Zimbalist
df92a4d1-9a9a-5c11-a096-81b7421de86d,lfw,Anette_Hosoi
df9558ef-0f37-5fc2-a9ef-b02034d03813,lfw,Antanas_Valionis
df983756-c91d-5e89-87ac-2eebebad67c5,lfw,Marc_Racicot
df99d29c-6b18-55a3-970b-c00354d749f9,lfw,Christine_Arron
dfa3fb19-82ad-5a8c-8b5e-d1d66da48fb0,lfw,Franco_Cangele
dfa4c41b-d4db-534f-9cd9-fa75afd30267,lfw,Jim_Sterk
dfb1e4ee-8d7d-52ea-a9cc-c26ac734c460,lfw,Gianni_Agnelli
dfb36194-310b-5461-91b5-4abe0794934e,lfw,Alexandra_Pelosi
dfb552e7-1b6f-5243-bb0a-f5e0f8b684d1,lfw,David_Shayler
dfbc08d4-4a50-5b56-ad2d-34c034115656,lfw,Anneli_Jaatteenmaki
dfd1c7fb-7414-5fa2-8563-ac84f83f815f,lfw,Orlando_Bloom
dfd6e203-165a-5f54-b4ff-b07befb312af,lfw,Mickey_Sherman
dfd798d5-2443-5d58-b091-65c8c657fe99,lfw,Daniel_Montenegro
dfd8de45-33d2-5507-9720-bcba06743ce6,lfw,Dave_Matthews
dfdb6a3a-1481-5580-9a03-017795c6f0f6,lfw,Lionel_Richie
dfddded3-97d0-5eb0-b4f8-645f3d831e35,lfw,Mitchell_McLaughlin
dfed1214-5fad-539d-befb-eaa58a0c46bc,lfw,Daniela_Cicarelli
dfff150e-85f2-5b97-b1dc-c9fbcb5126d2,lfw,Tommy_Haas
e00d5e07-2944-560f-9f56-65061cc6ca69,lfw,Terrence_Kiel
e0106119-173e-55bc-80e3-2374e752c2e5,lfw,Jose_Manuel_Durao_Barroso
e021cc1a-c6ae-544b-ab39-c77eedeaa6f3,lfw,Arianna_Huffington
e02e5447-3044-5efa-bf57-6e40d524899b,lfw,Naomi_Watts
e0440d7b-0369-50fc-b018-d943375aba97,lfw,Mile_Mrksic
e0446b7a-83b3-5460-a39a-befca62d8591,lfw,Strom_Thurmond
e05b7971-5efb-5506-8cb2-0c49eab1b923,lfw,James_W_Kennedy
e06a0ccf-98eb-51c1-a42a-a32c2670f065,lfw,Justin_Marshall
e076d94b-a99b-5516-8321-045335e1a7f7,lfw,Kevin_Hearn
e0799d3b-2c0c-50c9-8092-2a692dba9e7d,lfw,James_Franco
e080c055-9531-5210-9d71-202734580d4d,lfw,Mark_Salter
e08d5090-9785-5723-83e7-0b6d097e92f0,lfw,Michael_Wayne
e093965f-62cb-5dd6-945a-8dd40582b1dc,lfw,Raag_Singhal
e09edf1b-ece4-5175-8ac1-ef294a8995be,lfw,Tuncay_Sanli
e0b2776a-65d5-56bb-a0bc-f9f0c5608cac,lfw,Adriana_Lima
e0c6a42d-facb-5496-802d-98987099649c,lfw,Ray_Lewis
e0d54e2f-a184-5a1d-ba8d-bfbcb3494af8,lfw,James_Becker
e0d8bb39-3a70-525f-99ee-6320af79fcd1,lfw,Augusto_Pinochet
e0db7574-5530-5773-9572-dd719e25aa28,lfw,Norodom_Sihanouk
e0e57c3b-5eef-5def-9b39-e0630abc882c,lfw,TJ_Ford
e0e9674e-6b48-5b52-b90a-fe7450f6b878,lfw,Cesar_Gaviria
e0f34695-34e1-50f8-8805-50b63a5dc379,lfw,Anthony_Hazen
e0f7e034-ced0-56eb-9552-64ace5ffb6ac,lfw,William_Perry
e0fb2c3e-d9ac-502b-84f0-6f36998a1ae1,lfw,William_Rosenberg
e11ff4e8-f8f8-57a4-8127-2c670da29125,lfw,Will_Ofenheusle
e12b4960-0196-5baf-acf2-5d2c0ee278d1,lfw,Rich_Brooks
e13e559e-4824-5cd3-8d6b-bee845184e9f,lfw,Robbie_Naish
e155e0a0-0e59-59bd-a947-c5340ac84146,lfw,Skip_Prosser
e1561138-6187-5c19-aff6-df153185ccf0,lfw,William_Pryor_Jr
e16e4a9b-1a28-554a-9f81-d0deb861aa46,lfw,Lili_Taylor
e17e908a-985f-5808-9b34-dc47d05930d6,lfw,Robert_De_Niro
e18e3155-c5c5-53de-be14-6317c01d1cdb,lfw,Marc_Anthony
e198cf72-f2cf-53e3-aaec-149f15b86468,lfw,Amer_al-Saadi
e19ef509-a969-58f4-9b6e-862b9d243364,lfw,John_McCormack
e19ff63a-39c2-5693-8346-92756c6e8709,lfw,Brian_Pavlich
e1a32827-67f3-53fb-955f-8f51e496526c,lfw,Jennifer_Rodriguez
e1b0f204-0fae-5233-af88-6797236a16bc,lfw,Bill_Maher
e1b36aae-c716-5427-9e90-e9f041238f79,lfw,Chang_Saio-yue
e1b9071c-4e21-5101-bbd1-c61986800be0,lfw,Freddy_Garcia
e1bc980f-7033-539a-af5d-02b84d52a067,lfw,Andrew_Wetzler
e1c79990-d26f-5e7f-a40e-28634447af82,lfw,James_Carville
e1d80ca7-89ca-546b-b088-f6f25086ef26,lfw,Craig_Fitzgibbon
e1dbd1be-abbd-55c1-aa8b-b849bc54ef2a,lfw,Alexandra_Vodjanikova
e1dd2d4b-64c1-5301-a8fe-ce1053dc416b,lfw,Natalya_Sazanovich
e1e374e2-0d45-590a-a0d8-91aa3e5aba73,lfw,Mark_Mishkin
e1ecf60f-7fd0-5f15-ae7c-dbafabcf2755,lfw,Urmila_Matondkar
e1f882c6-00c9-51f8-9f32-73753f844ebc,lfw,Carlos_Alberto
e1ff7de1-ecf5-5b61-bd37-18258edb0181,lfw,James_Butts
e202aa24-e9be-5016-8940-f18d118672ab,lfw,Chen_Kaige
e2045fe0-0d17-557d-9dc9-f1be42b00efa,lfw,John_Bond
e2079aa2-2f92-5fc1-b12b-3ffcbd875236,lfw,Michael_Dell
e20a7bc1-e477-5fd1-affc-9b9b48c232c0,lfw,Kenneth_Branagh
e20dd948-9247-5950-bb23-36dca3c2ee5b,lfw,Scott_McClellan
e21e08bc-44b9-569f-8b3c-2454d8ca54e7,lfw,Miyako_Miyazaki
e22673b9-0b7e-5599-b41c-507b6afd22f0,lfw,Kim_Cattrall
e24a8bf2-27a5-5a3f-a1d4-ce32f50cfc12,lfw,Lindy_Ruff
e24d575e-486e-52d5-a3fd-ef2fa9818594,lfw,Jack_Straw
e24d77ac-b756-5c62-8ce1-c335cbea9d5f,lfw,George_Ryan
e25686b9-7990-506c-ba6c-1d9f71fa7b53,lfw,Ibrahim_Hilal
e26f6981-1a24-5c2d-ae2c-322d83b17613,lfw,Peter_Holmberg
e28fb0ff-c4c1-59c5-84cc-541d5a8407a3,lfw,Eric_Schacht
e29701e5-14f1-5fd1-88d4-178d5a45e37a,lfw,Amy_Yasbeck
e297428a-89dd-5145-ae0c-0013a9e05b79,lfw,Mariangel_Ruiz_Torrealba
e2b3190c-956c-568b-839b-a42fdf340e94,lfw,Nikki_Reed
e2b57470-a5b4-5bda-b6f0-939661e1f0ee,lfw,Paul_Clark
e2ba68f1-f9ba-5053-ac75-d905e5a02e0c,lfw,John_Dallager
e2c09616-42cb-5644-af4b-32dfa77896b8,lfw,Ken_Watanabe
e2cd1f91-aa3a-59d0-8731-9c1de44058c8,lfw,Phil_Mickelson
e2e21884-4acc-5618-a41f-7b8c1fa2ad54,lfw,Jennette_Bradley
e2e48d49-2658-5423-9eaf-b9bcf22c5e06,lfw,Brenda_Wilson
e2ee47f7-5255-5358-b87d-53eca01636b6,lfw,Brian_Wells
e304ed22-4b81-5f9d-937e-389f8c73eaec,lfw,Steve_Stirling
e308b3bf-d893-59b6-bf2b-5d3244291263,lfw,Joseph_Deiss
e31600c5-0358-5c6f-b224-06bef8ed6c11,lfw,Bill_Doba
e31db12c-c67b-53b4-9861-e3289ee82292,lfw,Keith_Foulke
e324270c-7b0d-5101-ba28-de362c8ac44c,lfw,Rio_Ferdinand
e325f97c-3700-54f2-84a4-296f62dcf52a,lfw,Rodrigo_Borja
e326d3d9-82e6-5178-ab47-b340112aba7b,lfw,Julia_Ormond
e32722ec-7ecc-51d5-9fce-9bdc42f568de,lfw,Cecilia_Bolocco
e33b75ec-3388-5d6b-aee3-df124615a046,lfw,Michelle_Pfeiffer
e35e70f9-f81b-5268-98b0-85d2df97f7ee,lfw,Julia_Glass
e36002ca-51f8-5d5b-a8f0-28dbec52a39d,lfw,David_Leahy
e367a12c-a5df-57d3-b794-b9d8df0dbbfc,lfw,Peter_Shaw
e384d843-b026-5435-b79c-55fcd645da07,lfw,Ralph_Klein
e3933d3a-1235-5a52-acc8-32da565996b5,lfw,Art_Hoffmann
e394f5f5-b5ff-5c2e-b64f-934bbee04e63,lfw,Elizabeth_Dole
e3a69b33-9fdb-54b3-b005-2b89e0387829,lfw,Coretta_Scott_King
e3afa3fb-1116-5cf6-8127-749a438e8ce6,lfw,Zara_Akhmadova
e3bc22ab-920d-5358-8c8a-b39604e770f6,lfw,Roger_Machado
e3cac83c-717e-5d29-ae29-9e850ed947ac,lfw,David_Welch
e3ea0e1a-e3ce-55db-b7bc-d170007754b5,lfw,James_Layug
e3ed4f3a-3750-5d41-a304-09aaea7d0240,lfw,Michalis_Chrisohoides
e400d78e-0fbc-5d4c-8f6b-80b91890d557,lfw,Ryan_Drese
e4014b75-d724-5959-a7be-b7475f52d58c,lfw,Dan_Boyle
e40ea3dd-f1bd-55d7-9c36-9c7c19154fb5,lfw,Janet_Ecker
e41708bd-b3da-5434-a001-0c0e32c39aea,lfw,Jonathan_Arden
e4559e54-8dfc-5e9d-baa0-5faccec12e5f,lfw,Paul_Brandt
e475af06-4d59-5112-b098-425b38caddc3,lfw,Pedro_Mahecha
e4812f8a-5f84-544e-b369-f915776e9de8,lfw,Bill_Parcells
e49883ee-09f3-5cd3-9d08-8d462476c783,lfw,Lela_Rochon
e49f56f6-125e-521a-9b38-64e7f9f7a9e5,lfw,Brian_Mulroney
e4a26d86-61e9-57f2-a902-7396f3a1fd59,lfw,Jennifer_Granholm
e4c6d101-5b86-5338-aa80-95ba491f4d20,lfw,Sachin_Tendulkar
e4c7428c-ad62-5d5b-87cb-b54ec896cc1f,lfw,Jim_Cantalupo
e4cc911c-f77f-5a05-a17f-25892ee6c855,lfw,Fred_Thompson
e4cd06c6-935f-5571-868f-439de4755634,lfw,Jesper_Parnevik
e4db258d-5462-5539-a528-1314de43edda,lfw,Derek_Abney
e4db6378-2046-5af7-9499-1e5a953642cb,lfw,Maxim_Afinogenov
e4dcc2b3-3f22-55f5-a7ef-cbbdcbe90138,lfw,Willie_Wilson
e5141240-bc1d-5b34-b83e-6139430732a6,lfw,Adrian_Fernandez
e53cd895-3f91-5663-a535-543b868fcc59,lfw,Armand_Sargen
e53d281b-a321-574f-9f2a-a20ae6ff295f,lfw,Hugh_Campbell
e53ff032-7aff-59f7-bd86-5829a20a5118,lfw,James_Hakett
e540daf3-51ca-5488-a7bf-09828dc0245e,lfw,Rena_Sofer
e5462904-5559-5154-97ef-abd47078daa1,lfw,Ismail_Merchant
e5645f86-2b3e-59e8-98c8-d9e16927d3e3,lfw,Gregory_Peck
e5658413-95fb-5436-97f6-16f966162ab8,lfw,John_Malkovich
e56edc73-36df-5309-912f-182ac4be2517,lfw,Edward_Said
e576cd84-14e6-5577-a963-626af81964e8,lfw,Kate_Starbird
e5a2f1ce-83f0-5baf-9da8-bd1dd24763c0,lfw,Larry_Johnson
e5a3f6c1-1dff-571a-8ba5-c0dd754bc669,lfw,Jose_Theodore
e5a789bb-549d-54f5-bd25-93b52fc039f3,lfw,Kenneth_Reichert
e5bd2dfa-e938-5c06-808b-b07e6116e80f,lfw,Elizabeth_Shue
e5de5638-6cc7-545e-82ae-6e01f0f0d30d,lfw,Rene_Portland
e5e07599-5d6d-5637-8f07-0dded6567c3d,lfw,Hamid_Reza_Asefi
e5e5c95f-ed91-535c-81d7-843213127217,lfw,Ramon_Cardenas
e5ec3880-6b42-5cdf-9749-eed90459cc22,lfw,Raquel_Welch
e5eef55a-31e3-5cc1-a9fe-05d2217007e3,lfw,Lucio_Angulo
e5f9711d-95a4-5947-8c74-b7bd53a92cc9,lfw,Tom_Miller
e6044040-9b8d-5124-9b27-a2749d994106,lfw,Silvio_Fernandez
e60abdce-f735-53a0-9392-8e86a87f3dcf,lfw,Jimmy_Gobble
e60bbe44-73d5-5e4a-ad5d-88b78770c963,lfw,Alexis_Bledel
e63f780a-53da-5c74-b224-2a166047b1c2,lfw,Patrick_Roy
e65cefb5-2542-5cda-88ed-75764be29bdf,lfw,Paul_Patton
e65ea7bc-79d0-551b-bc85-4f216ae0fb4d,lfw,Elliott_Mincberg
e675b7e4-6e5d-5e4e-88f7-48c6c8812e3e,lfw,Uday_Hussein
e67f9b7f-1a13-52d1-9a0f-f8bb39832dfb,lfw,Vladimiro_Montesinos
e681181f-5536-5549-be76-52b9ba6d834f,lfw,Charles_Pickering
e683f5e4-5b6f-5f0b-92a7-8be84d5adf99,lfw,James_Baker
e6864487-b47f-5f7c-a08c-4a10450e5943,lfw,Sharon_Stone
e6927222-3d78-5949-b523-77d9d9e33fa3,lfw,Stockard_Channing
e6b20a54-d791-5e53-880a-b292b48d496f,lfw,Markus_Beyer
e6bd3203-c817-56ff-be9d-329e8b858c6c,lfw,Mehmet_Ali_Sahin
e6d732af-db2b-5516-93a0-b196bcbe8770,lfw,Rick_Lu
e6da3952-63b6-518f-86d8-13f393e5cec7,lfw,Pascal_Quignard
e6ee3690-370b-5d82-b2f5-6795e981a3c2,lfw,Markus_Naslund
e6f1ab1e-a74d-5b08-a242-6916a29ec548,lfw,Nikki_Teasley
e6f1c11b-5dca-54d7-abe1-074d99f41016,lfw,Lorne_Michaels
e7116ae7-a87d-559e-8915-8c27312cad28,lfw,Jerry_Oliver
e722eaab-b745-5a2d-a6e2-8de2af2c4b26,lfw,Thomas_Stewart
e73fe245-879e-5b77-b85f-e767ce0c73ae,lfw,Brian_De_Palma
e74352e7-f35d-5000-93d2-a5d9e7a94901,lfw,Jean_Chretien
e7636059-58a8-5a59-80e4-b9353de5b79c,lfw,Mark_Hurlbert
e77f8c70-9ab4-5658-8c8b-eb66fa27d095,lfw,Stuart_Whitman
e7860a91-0afd-5c9d-970e-fedba71ec23b,lfw,Anita_DeFrantz
e7a0c074-889e-591c-bfab-d139bc6e27f8,lfw,Jennifer_Murray
e7ab5aaa-5a11-5ac3-abf6-f5a7707d9a0e,lfw,Guillaume_Soro
e7bc76e5-e8cf-5a4f-a1ea-59c836c75109,lfw,Chandrika_Kumaratunga
e7bd7c5a-e80b-5889-9f89-bd148dd77153,lfw,Sally_Kirkland
e7d01370-8976-548c-ac09-af96f592f396,lfw,Don_Carcieri
e7d90eae-f54b-5a89-ac17-aef6583a21a0,lfw,Frank_Murkowski
e7dc9c4f-4d39-58ce-b46f-eec24a177ab5,lfw,Raul_Gonzalez
e7e1c5ab-bc94-52bd-ad2f-7e832d30de18,lfw,Jacques_Kallis
e7e8a76a-71f2-5097-9d1b-4a28ed830706,lfw,Laurent_Gbagbo
e7ecb939-87e5-5dd1-b442-ded3faf4973d,lfw,Liane_Janda
e7f8074d-fac5-54ee-9498-43aaddc4fcbb,lfw,Pauley_Perrette
e80e0cdd-eea2-539f-ae04-cd43f405442f,lfw,Andy_Bryant
e81499be-9a61-5f7d-b88b-a657aa621d80,lfw,Ricardo_Lagos
e8203be7-cb6f-59cf-bed1-39410f11c88c,lfw,Beatriz_Merino
e821ef85-01cb-5025-967d-3a9076f50f4e,lfw,Glen_DaSilva
e836bce9-8d43-5a31-8013-9fbd3d296f82,lfw,Tina_Fey
e842a0d8-fc78-5b42-8710-e1b4c9650763,lfw,Oracene_Williams
e842f883-7ab2-5220-9436-059ebd387894,lfw,Oliver_Neuville
e84e5def-421f-53a4-9183-15c85a35f422,lfw,Ali_Adbul_Karim_Madani
e84f123d-7890-5303-88e5-ee57bc744815,lfw,Columba_Bush
e863e907-d1d8-538d-9701-5c6abbbd7eaa,lfw,Damon_Stoudamire
e869f5a1-62ea-5962-a97d-1944d1f6664d,lfw,Sheila_Taormina
e870916d-a4bf-5e18-9933-9d5135232535,lfw,Derek_King
e87a3047-98cb-5779-98ff-22ad808412c7,lfw,Janet_Thorpe
e87c46d2-397e-52f1-9262-3ca6108bcd9f,lfw,Benjamin_Franklin
e89981f6-1834-524b-8c2b-5b26621eb41c,lfw,Lucie_Lapovsky
e8a07e9b-f963-58b5-8091-2c5858649612,lfw,Prince_Philippe
e8d8a09b-7637-5d77-a25e-393cf9927320,lfw,Santiago_Botero
e8da4a92-dd61-58c6-9c81-62884e1f6fb2,lfw,Lars_Burgsmuller
e8e4158e-edc8-54a5-a5fb-0d0182c98ce1,lfw,Danny_Glover
e8e83db7-3921-525a-a4da-9d604bfee557,lfw,Jason_White
e8e871ce-9a15-5d5f-8132-fd136ee19678,lfw,Condoleezza_Rice
e8ece9f8-c686-5f88-bf5d-3e62ecd994ff,lfw,Cesar_Maia
e8f452bb-67fe-5bff-a3c7-ed362fcbce5a,lfw,Dionne_Warwick
e8f78ba4-e551-5a73-a188-1cdf029cda30,lfw,Ben_Betts
e9148d78-e610-5579-a072-b6afc58c24a4,lfw,Steve_Valentine
e92882d4-7af0-56da-abeb-db062fd3071c,lfw,Drew_Gooden
e932af4f-e59c-567d-aa81-5c3474947ee1,lfw,Elizabeth_Regan
e942486c-af74-5c16-b35e-493714eaf6fd,lfw,Nicoletta_Braschi
e95944ae-fb4d-55e3-a405-b72f87ffc7de,lfw,Lon_Kruger
e961eea8-facc-589c-a4c0-d2c0887cec66,lfw,Bob_Colvin
e9634bd2-cab5-5da6-b00c-8a1b76dcdfac,mfr2,ArifAlvi
e96cbe11-cbe9-5322-8eff-488b0bbdfd4d,lfw,Bill_Parsons
e97912a4-ad38-5448-be6e-d2cc7a7d3b0a,lfw,Robin_McLaurin_Williams
e97fef97-e8c2-5969-a727-1408cb212019,lfw,Nadine_Vinzens
e984d657-b805-523a-9fb2-8996e2a7cebe,lfw,Zurab_Tsereteli
e9860afb-ef76-59c0-b58e-6eaea395e2da,lfw,Valery_Giscard_dEstaing
e99b7c52-f3c1-52e1-bc9f-63cfbf1f6d9d,lfw,Takaloo
e9a5a35b-8325-5f6a-96a1-292418c56cbe,lfw,Jim_Leach
e9a88abc-2fb0-5910-a3e0-91c40f3a6a44,lfw,Vince_Dooley
e9bbb3ac-27f5-5247-8ac4-20608d479dde,lfw,Raul_Castaneda
e9bf4e98-caa4-5330-b16e-d324b4d1f300,lfw,Nestor_Kirchner
e9c10de9-8302-54c8-b79b-c3a2e583fe33,lfw,Hank_Stram
e9d38d76-4565-5e54-9182-7c0dd7704a82,lfw,Ben_Cohen
e9dafd4e-36a8-52c2-91d5-2b26f7e23cf2,lfw,Kurt_Schottenheimer
e9db4481-88f7-5611-b810-3f6f1767bace,lfw,Marcelo_Ebrard
e9e39d31-042e-59cc-91e0-d86d97df921f,lfw,Arnold_Schwarzenegger
e9f91b7e-5f03-557a-9ff7-6c2a6b18ead0,lfw,Adrian_Annus
ea0e166e-e207-5470-94c5-170ab6a13a2d,lfw,Scott_Ritter
ea0fffd2-b0dc-5cce-8c26-286f332b22c4,lfw,Marco_Irizarry
ea17ac2d-a629-52dc-8890-188b46b89de2,lfw,Gerhard_Schmid
ea1b1e30-dfbb-5b49-86d8-1c19479ec96c,lfw,TA_McLendon
ea22bdd7-8b71-5831-a35c-bc39953d964d,lfw,Sam_Gerald
ea24b5ed-7943-55ee-acc5-be63a9240115,lfw,Jason_Petty
ea274a4b-4a4e-5ce4-bae4-306bc39d475a,lfw,Ken_Loach
ea2fed8e-49be-5210-9967-cf41ea08d9a0,lfw,Evan_Marriott
ea359110-66b7-5115-acbc-017ecd82e920,lfw,Gerardo_Gambala
ea37b579-b17d-538e-a2ed-b63417bbab1a,lfw,Marcella_Anderson
ea37d2cd-a61a-5375-b224-5e7247d83a48,lfw,Frank_Van_Ecke
ea3b59dc-bc9d-554b-9cc7-97d85c669b70,lfw,Alfredo_di_Stefano
ea52e066-267e-5e95-bf9c-cea9cea37954,lfw,Frederique_van_der_Wal
ea5876c7-bd75-585c-98a2-8a261bb389dc,lfw,Angela_Bassett
ea682b59-2a33-596b-a023-fcddb9e9332c,lfw,Jean-Rene_Fourtou
ea771ac1-e0a5-5d60-bd12-0a06f1e9675a,lfw,Mickey_Gilley
ea7b1edc-1e7e-5ffe-be5d-4783a3e7e252,lfw,Hunter_Bates
ea8d1319-e86e-5f72-b6e6-f28c20775e8a,lfw,Valorie_Brabazon
ea958ce4-9248-59b1-89b2-5e0786f8a0cd,lfw,Edmund_Stoiber
ea98f206-0b9d-5d3b-bdc7-56cd3e53e01b,lfw,Joaquin_Phoenix
ea9c35f4-fbc0-5005-9efc-565c42a39685,lfw,Roberto_Laratro
eaa6c037-28e3-5038-8a09-4d62e148a0a6,lfw,Carlos_Beltran
eac4f763-9b3a-5c88-9f34-2ca004dca260,lfw,Jim_Tressel
eac78547-30b7-51d4-bf7c-9ebc3e6ea01a,lfw,Roger_Lyons
eac8010b-45bf-5d09-b341-c2fa1a4c780a,lfw,Reginald_Hudlin
eac9f46b-5fce-5ee0-ac60-2f0dd7048f59,lfw,Zorica_Radovic
eaf71000-4d94-51cb-adc5-07fa27fa7c3f,lfw,Oleg_Romantsev
eb056fdc-13be-5dd5-8b36-816569c8d6b6,lfw,Michael_Brandon
eb06bd88-bd73-5909-9786-5e03cd284234,lfw,Carla_Tricoli
eb159911-e5e6-5cd3-bb41-75c866a8e490,lfw,Sharess_Harrell
eb1ba602-f0ac-58d2-9322-03b8a0666dde,lfw,Aparna_Pillai
eb28a589-e2d0-5b20-9cbc-49a3009e8bc1,lfw,Vince_Vaughan
eb44edc4-400b-5287-b712-bc5babb21152,lfw,Nick_Rimando
eb685660-4acf-5a15-b7e9-ad297d09f5bc,lfw,Khin_Nyunt
eb6b6e14-5be5-5772-b662-d1f878b909cc,lfw,Debbie_Reynolds
eb6bc8ea-58df-5eb3-87ab-f94d0648a404,lfw,Alanis_Morissette
eb6de5f3-3849-5765-950e-1adf55404222,lfw,Paul_Coppin
eb753e1b-fcc7-5b55-b1e3-97ec68c81fc6,lfw,George_Karl
eb83221e-d1f6-5340-8332-539bced09a61,lfw,Robert_Hyatt
eb9c6669-5f00-5761-81a1-17bd67fa87c8,lfw,Donald_Hays
ebac79d4-10df-56a2-acd9-20ad98db5fef,lfw,Paola_Espinoza
ebb0a4a1-13da-5ea0-9560-00b5a3572a19,lfw,John_Reid
ebbacc49-4966-58cb-9aff-0b918796f5db,lfw,Tara_Dawn_Christensen
ebc62a20-c80d-5b8e-b5e6-ebf9713bee2c,lfw,Tatyana_Tomashova
ebd809a4-e168-5c24-9e81-98a09795e2b3,lfw,Patti_Balgojevich
ebd95ef8-ba64-507a-8735-e7ac74575048,lfw,David_Caruso
ebe14c60-549a-531a-8fb6-c79b5a2739be,lfw,Lars_Von_Trier
ec1e9864-1669-585b-a7d0-c13785009ad9,lfw,Zahir_Shah
ec284118-b40b-5ace-bb75-378d48e957aa,lfw,Michael_Caine
ec2db5cf-bce4-5096-a58c-a2cb8646d0f1,lfw,Shinzo_Abe
ec3b5bf0-9e5c-5efe-a9e4-d19c30b13930,lfw,Ted_Turner
ec3bab18-bd92-528c-81c8-26aa2c62c8c1,lfw,Juan_Carlos
ec3c0445-2d89-53b6-8a58-b9f388ee5218,lfw,Tyrone_Medley
ec4666d4-341e-50b5-9d10-1da8b991f123,lfw,Claudio_Ranieri
ec54d85b-4a4d-53d0-9c0f-ec37e1e8784f,lfw,Paulie_Ayala
ec5a9b42-857e-5add-bc7c-b9a9c7d7fb85,lfw,Nicolas_Latorre
ec6e2088-8472-58c8-a537-00a2b682e4d0,lfw,John_Blaney
ec75e3d8-ddfc-556d-b314-8f5c5f9d67f7,mfr2,KimKardashian
ec7c67b5-e0c9-5bbe-ad81-7a786261df5d,lfw,Leonard_Hamilton
ec7d8f54-6389-5e36-9d96-64fa9af8d0ad,lfw,Elisabeth_Welch
ec9afff8-e830-547b-a0d0-5ee9c09ad667,lfw,Jeffrey_Scott_Postell
eca66a68-6a09-5f24-baed-3f55a6183c8c,lfw,Carlos_Iturgaitz
eca954e5-c796-563d-99ab-e97972d4431f,lfw,Marina_Kuptsova
ecb02b1a-d621-5d90-8ee4-ec77a9a9bb01,lfw,Evie_Lazarou
ecca0ced-7791-5d78-af14-1d69024c5fa3,lfw,Wang_Yingfan
ecd7db63-c73a-571a-9917-ef992119891f,lfw,Leticia_Van_de_Putte
ecdb617b-b287-5c52-b0b4-2358bd3150ae,lfw,Martin_Luther_King_III
ecdd6adc-a763-5135-b9c5-46bf82a4b607,lfw,Andrew_Firestone
ece75426-57e2-5ecc-b86d-98471a50ba4b,lfw,Timothy_Wirth
eceb47e6-b119-5b63-91bc-716567e6a368,lfw,Steven_Feldman
ecf9a488-97aa-5c97-b9e6-0b3d41231754,lfw,Eve_Pelletier
ed039d19-2927-5653-ba42-aefb250bf951,lfw,Tim_Henman
ed062ae0-a9d1-5916-96a1-4f63ceac7b82,lfw,Ed_Case
ed06b11c-6054-5c90-85a7-8c8e5c67bbaa,lfw,John_Ferguson
ed0c17b7-3cc2-5cec-af8a-b6f8e215cb34,lfw,Robert_Fico
ed12e596-f8ad-5f53-805b-5a8ee827d991,lfw,Jason_Kidd
ed13183e-422d-526d-a04b-7cace04b5679,lfw,Moby
ed141a58-bb55-5a4e-99bf-97192042ef16,lfw,Martin_Keown
ed21cfea-0f92-5814-b1a6-9ce0208b135e,lfw,Gonzalo_Sanchez_de_Lozada
ed2262f3-e0a9-559a-8051-f9a89907acd2,lfw,Qusai_Hussein
ed2bbff0-c2c5-511d-9154-6160aa1f2c3c,lfw,Steven_Kinlock
ed3649b9-d097-56d4-b814-5278d386ef26,lfw,Amanda_Beard
ed4f8c1d-4222-5fde-9d13-f3d7b348a605,lfw,Lucrecia_Orozco
ed7332d3-9196-5226-9e0d-4a8c9fca84ea,lfw,James_Hill
ed7f95de-4c42-5fe8-b773-0aa4e2a0b270,lfw,Mario_Alfaro-Lopez
ed8a7ac5-2856-5304-bab3-66f89e41d650,lfw,Brawley_King
ed923b7a-63c7-59b5-a574-4b9fdc0d64cc,lfw,Harvey_Fierstein
ed928bc6-3d5f-53d1-80a6-e2994326b670,lfw,Felicity_Huffman
edafc8b1-616f-5db3-96cb-e3fad86e12bf,lfw,Daniel_Rouse
edb56789-9639-5a35-9fa0-ec7bb291e554,lfw,David_Zeplowitz
edc3a64d-5615-59f8-a285-b6a710c84154,lfw,Jeff_Schiffner
edc76822-d64b-5798-bf5c-0d67b4a0c19e,lfw,Darryl_Stingley
edcd8310-c609-5c3f-9c44-9581c0061fbe,lfw,Peter_Fitzgerald
edd5506c-99c3-524e-94fa-8ac108ce1608,lfw,Agnelo_Queiroz
edd71b5b-bb36-5b59-8098-4b546d7821a5,lfw,Erwin_Mapasseng
ede27573-a2e2-5001-9f7b-3db393c9138b,lfw,Jennifer_Love_Hewitt
edf60706-75fa-5449-b491-146b1f1a4702,lfw,Manuel_Rosendo
edf6a958-654e-54e7-a5b8-662ab1c0e369,lfw,Alex_Sink
ee0ec3b4-49f1-55e6-843e-79c653f96750,lfw,Gabriel_Batistuta
ee11c884-231f-5f43-bee3-b70f822eb83a,lfw,Mike_Holmgren
ee1562f0-5eb1-565c-a0af-725ba3d02a83,lfw,Daniela_Hantuchova
ee1741f2-714d-55ef-b5b6-269cdd4b9672,lfw,Isidro_Pastor
ee2346db-0359-593e-99fa-5d7b9f6c62ae,lfw,Jolanta_Kwasniewski
ee255648-12f4-5c28-9399-aeddd6b1e1a2,lfw,Rachel_Wadsworth
ee2b3087-c327-5565-856f-c6ea4f7ba002,lfw,James_Wallack
ee2e583d-23d8-5527-9d61-82ecb89197a8,lfw,Joe_Dicaro
ee5b7075-e099-522f-9d00-5a9e178243b8,lfw,Marco_Pantani
ee6bd3b4-a156-5d10-86bb-bbbcd508d3f5,lfw,Madonna
eea96841-cee4-5e97-ac1c-a66d3495157f,lfw,Ally_Sheedy
eeb81873-bba5-5e43-bc55-1df77c81c93c,lfw,Stephen_Frears
eed6c037-a2a0-5911-855f-f6909966c8f4,lfw,Joseph_Ganim
eee75da8-3410-5041-bbf0-b0335dc90247,lfw,Alex_King
eee87345-08d6-5c45-8fd1-5c756eaea0dd,lfw,Philip_Cummings
eefde5ef-f177-5f6f-a95a-bbedcaf951a7,lfw,Kristen_Breitweiser
ef127c5f-9cc6-571f-8ce4-7582c477c435,lfw,Li_Zhaoxing
ef158747-d02d-5928-936d-090b59e649e8,lfw,Rob_Ramsay
ef1f244d-fdb9-5718-bef8-b004ff7808fe,lfw,Jim_Hendry
ef2480f9-d5d3-55aa-8393-a66021ffbb5b,lfw,Cosmo_Iacavazzi
ef40181a-c150-5210-911d-98aa6c5803c9,lfw,Linda_Amicangioli
ef40b1cd-1483-5a3c-a4df-bb54af9e3149,lfw,Peri_Gilpin
ef4772ea-4203-5fa0-a3e3-4afebbc216c5,lfw,Ben_Lee
ef5639fe-da48-5ec6-84f8-51909f2465dc,lfw,Chris_Kolanas
ef7b4e08-928a-5a27-821f-8f544089c4b0,lfw,Emilio_Botin
ef804cbf-723e-5b44-9bf9-9d9c6c4175cc,lfw,Charles_Tannok
ef8a45ad-1ad3-55e3-9f0f-0741819a62f4,lfw,Dereck_Whittenburg
efa44599-7b4a-54c9-aefe-1fc32a9119f5,lfw,Carlos_Vives
efaa8cad-eac7-5e48-a57d-67ab5703e5db,lfw,Amy_Smart
efb01761-393a-55e1-89b6-15f4e8ec4c0c,lfw,Henk_Bekedam
efb742b0-b7b3-5710-9b5f-b4dd31e6167c,lfw,Maria_Bello
efb7b284-a734-5e9d-9e68-6d49753bd590,lfw,Michael_Jordan
efbc83b0-82de-5d88-9630-53e276f480f4,lfw,Kathryn_Morris
efbfcde9-e80c-5308-bdfa-4d04d2bfca1c,lfw,Jerry_Springer
efc85b81-9b7e-57a5-b071-99e7477e4fb3,lfw,Naoto_Kan
efd3e3b8-7858-56f7-bd69-602b27a05a59,lfw,Gene_Hackman
efede123-68e0-5f1a-85d1-6fa8afd724bd,lfw,Catriona_Le_May_Doan
eff5b5ad-500e-57cd-9bc2-ad6ed683d95f,lfw,Clark_Randt
effd3671-6a4a-5e60-ab93-593b6238a23d,lfw,Amr_Moussa
effd6162-a7bf-5340-84f6-39dea1f87b25,lfw,Newton_Carlton_Slawson
f01f278b-9ad8-50bd-83a0-5c14ef4e6c8b,lfw,Linda_Baboolal
f037ce8a-756d-5d8c-9f2b-69279fe0bf3d,lfw,Jalen_Rose
f03d48b7-d0fd-5733-994f-6fc83f4ef078,lfw,Kate_Burton
f03d8867-3dc5-5141-a6c8-84bcae045664,lfw,Mike_Davis
f058b067-25c4-57b8-b39b-d8d2e8764842,lfw,Howard_Ross
f05bd237-6680-5bf9-a488-6dab091477b7,lfw,Hitoshi_Tanaka
f06787ff-2751-5d7d-a08f-a9068fe4c214,lfw,Sid_Caesar
f0953351-36df-541f-ac19-5e3a2f73d71a,lfw,Johnny_Benson
f0a7f93d-60f3-5779-96e9-0275f8f31015,lfw,Ahmed_Lopez
f0b2ac68-44c1-5a45-a453-aef2669e67ef,lfw,Richard_Jefferson
f0b59369-5f2c-510b-857f-3746cc6162c7,lfw,DAngelo_Jimenez
f0bf5144-fae9-529a-8646-46c7368bdc86,lfw,Brad_Russ
f0ce5919-9073-5317-bd0c-e28ed679f1c6,lfw,Eric_Vigouroux
f0d6c50d-ff81-5863-9133-4ef1d7a5bff4,lfw,Alex_Corretja
f0ed494a-d1ec-5031-a87e-4ef84612abbe,lfw,Andrew_Sabey
f0f1d2e1-999d-5dfe-93fe-31bdc32a18f0,lfw,Barbara_De_Brun
f1078b50-8011-5fcc-8bde-d9143808ba50,lfw,Spike_Lee
f10ac2c8-c314-5b1f-9491-8ee160a65133,lfw,Larry_Bowa
f111d88a-5377-58d9-b221-11b4984e6bd7,lfw,Joao_Rocha
f112fd5b-49f1-5cdf-aa8f-975fd9c2e742,lfw,David_Wolf
f1313340-2145-5b1d-ad1b-87913d3d22ec,lfw,Tavis_Smiley
f13e620f-5216-59d9-baaf-1f290d0ae2f8,lfw,Sandra_Bullock
f14f2c77-e326-5e59-90c7-6aadc97eb4f7,lfw,Paul_Martin
f15a62d1-a556-5f78-8597-0f9f24c77d17,lfw,Darrell_Porter
f16165cd-1c84-5cae-ad7b-1243f327ce4c,mfr2,CarrieLam
f17d4a4b-9744-56f4-a32a-9c02a62dca41,lfw,Soon_Yi
f17e2ffd-d79b-58e2-8470-8a4ce403f625,lfw,Ali_Hammoud
f185b8dc-63b8-50ca-ae50-fd8d27047164,lfw,Bart_Freundlich
f18e33c3-42d9-5157-91ef-331fffc82402,lfw,Buck_Rodgers
f19b52ba-2021-5435-957c-cc70bc990031,lfw,Ashley_Judd
f1bbaccf-9adf-581c-80b8-369928d18612,lfw,Peter_Fisher
f1bc7314-f95d-56bb-a43e-33b88ba898f9,lfw,Ray_Bradbury
f1c25b96-e014-512b-8617-979bf5f95098,lfw,Toni_Jennings
f1c5c012-b835-572b-a3da-88b779728560,lfw,Betty_Williams
f1cfc391-9587-5292-bfd0-f46f23047b6b,lfw,Aung_San_Suu_Kyi
f1d0f4d7-51fb-56b4-843e-0abf5c126b86,lfw,Michael_Sullivan
f1dcacd1-d53f-5163-b7be-08b6406072ac,lfw,Giuseppe_Morchio
f1e52734-9571-5067-9136-95336d77d7d9,lfw,Anne_Donovan
f1ec6846-177f-588e-a388-d9b0ce1f2695,lfw,Glen_Sather
f20c65af-596b-5fd4-b224-5bdf52178a7e,lfw,Iveta_Benesova
f20e1fd3-79cb-5588-8929-6dce81b932c8,lfw,David_Ho
f216a975-cb75-5865-9bac-96057fea19f9,lfw,Patricia_Johnson
f21e569c-f12a-5cdd-923b-76b219db91f9,lfw,David_Wells
f21f071e-20ec-59b6-82b0-38da879be8d0,lfw,Andres_Manuel_Lopez_Obrador
f24409d1-61b7-51b8-9af3-67a9bcd8b2a9,lfw,Peter_Mackay
f2471a3d-a7ac-56d9-9228-146049bb75de,lfw,Ralph_Goodale
f24a46fc-ee27-577d-a090-20b8edeffa8a,lfw,Nelson_Acosta
f24de34d-c3c0-5bee-94f8-36884a4769af,lfw,Yuri_Luzhkov
f24ec086-6e39-59c2-a79e-99b7147a425f,lfw,LK_Advani
f2569f32-2def-5ae3-8636-7a92495e88fc,lfw,Robert_Nardelli
f256c4f6-d09a-5a57-b9bf-b9f0f29ba695,lfw,Leslie_Moonves
f25e395e-2070-5782-a634-1ddd1d95e35e,lfw,Carlos_Barra
f27fbdc6-4852-566d-a278-1ee0f3e5372a,lfw,Jonathan_Karsh
f2837837-e29e-5074-a768-ee3cf50e5c5b,lfw,Tamara_Mowry
f2933650-f0fc-5714-a553-0ceddbf43690,lfw,Andy_Perez
f2a56601-e383-51ce-b69b-ab83f46e6ad3,lfw,Bill_Readdy
f2b60afb-b659-5a86-acd3-6f3d6ce1ab42,lfw,Glafcos_Clerides
f2bd811c-dec6-5827-af28-73cfecee2cc1,lfw,Gene_Sauers
f2c39da8-2cc7-5051-b57b-7104367108ef,lfw,Frank_Cassell
f2c5c143-8b5d-5842-b214-09b8c27c7756,lfw,Lewis_Booth
f2cf8c30-1598-5ebe-99d4-12d55d1a2494,lfw,Danny_Morgan
f2d1c864-6c3a-5071-baf3-c92387ffb7f0,lfw,Dave_McNally
f2d40f50-618d-54df-9e9b-8197f24d6f62,lfw,Martina_Hingis
f2d6b480-ad42-5a27-8883-20554714e362,lfw,Judy_Locy
f2d6b50f-80d2-5952-8d9c-e3736f522b14,lfw,Suzanne_Somers
f2d8632f-c26f-5147-9a01-c292880f0e1a,lfw,Ronald_Kessler
f2df3378-0a86-5141-a27e-b2f600a12bbe,lfw,Paul_Tracy
f2f8c73e-39ba-5a96-94b9-1ca6fdd5a30f,lfw,Jim_Furyk
f2f8f3ce-8383-5aae-a2cd-601f876d7598,lfw,Wayne_Brady
f3252b73-f6fc-5d31-931b-f6e317dad333,lfw,Colleen_OClair
f337536b-fa1c-5e17-8161-27888f910d96,lfw,Daniel_Scioli
f33f2845-951b-523b-9a19-c79c61048566,lfw,Joe_Mantello
f349a32b-632d-536d-b92a-37a56761ce6c,lfw,Arminio_Fraga
f34b4132-fd90-57c3-ad8a-a0a0346448c5,lfw,Franz_Fischler
f356a0f1-f7d0-5b8f-bd42-e475011d76a2,lfw,Craig_OClair
f35bd076-ff99-5efe-80a1-8108dd9c76ea,lfw,Aileen_Riggin_Soule
f35fafb5-31a5-5ad3-a1e1-12a0371c3394,lfw,Ron_Dittemore
f37002d6-abbd-5089-aa82-e3adade6c159,lfw,Rowan_Williams
f370f2fc-456f-5f83-af94-e6dd02560174,lfw,Hamid_Efendi
f37f26cb-9ca6-5a5e-8c65-d42de7ec4de1,lfw,Terri_Clark
f389f4bb-113f-58f0-86bf-73b66bb47fcc,lfw,Paula_Abdul
f38ceb52-cddb-5d04-82c6-5e7b60aea916,lfw,Mike_Smith
f391f5c7-979a-5989-a275-85e237ae1270,lfw,Lidija_Djukanovic
f3a4b4b7-cbd3-5682-94f1-670e92627a7a,lfw,Stephen_Push
f3b844d9-e639-5053-86b6-7e524bbc2f7d,lfw,Ken_Macha
f3b8ad27-e241-5c49-a062-b881bb46d41a,lfw,Narayan_Singh_Pun
f3bca77f-fc89-5ba1-a7a1-d4965d7c4152,lfw,Brad_Garrett
f3deccc0-f121-57cc-8ec6-be4e37676dee,lfw,Joe_Plumeri
f3e99a5c-10b0-59cd-ae57-dc0ff0436672,lfw,Craig_MacTavish
f3f543ac-0b51-546d-9c19-012a1dc75c51,lfw,Joschka_Fischer
f41d814f-eb0e-53f5-a531-45715629fb23,lfw,Ringo_Starr
f43a94c6-5c35-51da-83eb-abeb8ad69714,lfw,Agbani_Darego
f44be97b-8fb7-5b58-89dd-e1e216b18cfc,lfw,Roy_Moore
f454acb2-c2c2-57e8-bec5-128da2e10715,lfw,John_White
f4611703-5ed4-5ff7-8d6f-b13e408d4178,lfw,Penny_Lancaster
f4650e1a-8c9b-5a6f-afc7-7f8c4753acc7,lfw,Garry_Trudeau
f499d1d5-3557-5454-8644-953614ed912b,lfw,Stanley_Tong
f49a2524-af9e-5c3a-8bd4-a80cefc44267,lfw,Carlos_Salinas
f4b53e9a-f71c-5ed9-ab4d-42033d26b597,lfw,Jeri_Ryan
f4babcf2-f8a1-5c8a-98ed-1221696f29aa,lfw,Ron_Zook
f4dcccfc-7566-5e8b-a06f-5c90fc9ef6e0,lfw,Raghad_Saddam_Hussein
f4e30fb8-e592-5b4d-a666-b5d1c402e880,lfw,Jose_Luis_Chilavert
f4fc57b3-6dfb-56fa-b617-91c5b655d580,lfw,Eric_Staal
f4fe3bd6-b007-5163-ba46-0d889135aec9,lfw,Jimmy_Carter
f5090a71-7a5a-5438-96da-c1bef73f26f2,lfw,Candice_Beatty
f50c7864-3c99-5180-9892-c310d17e8803,lfw,Mary_Lou_Markakis
f513df14-4c1e-594e-9619-5eab92cdb830,lfw,Charles_Mathews
f51734cc-ae07-5d06-977d-0a3538d0a7bb,lfw,James_Kelly
f51aaad1-745a-575c-934a-4dfb864b1c96,lfw,Angie_Arzola
f525e405-d6eb-526f-8752-604a5487ff13,lfw,Rudolph_Holton
f54eb22f-6b3f-54bd-a658-a3d36a436c3e,lfw,Micheal_Jourdain_Jr
f54fa0f4-4cb8-5d61-9c0e-79921fdbe134,lfw,Randall_Tobias
f55010d3-bbfd-5412-8b41-55809476ab56,lfw,Bill_Fennelly
f5529261-3110-5d01-ae9c-ea0710b3e1fe,lfw,Jason_Campbell
f5541db4-8b22-5efa-bbec-241977090f0e,lfw,Bryan_Thomas
f555817c-336f-5e2b-b194-4fba8fc11c19,lfw,Ron_Gonzales
f556d18c-9df1-5977-ac49-74cec5715bfb,lfw,Tim_Curley
f5583f8b-54a4-5504-83eb-aa809dd21c6e,lfw,Saeb_Erekat
f55aa071-8feb-5977-923c-61a0ed8b9a4c,lfw,Eric_Daze
f55cf3f2-43d5-5ace-8458-3e003014e4dd,lfw,Daniel_Ortega
f56eb6e5-a978-523c-a038-570bafd8ae60,lfw,Chris_Thomas
f571bb4d-147e-5fe9-8f6a-05a48bac64b7,lfw,Tonga
f583b090-2517-5e16-8cdf-aebc020cbbee,lfw,Yukio_Hatoyama
f585fb09-b384-5964-b557-4c89d56fc161,lfw,Albert_Brooks
f5a3f3f4-5e99-5f66-9c3c-57933fbf7bf4,lfw,Johnnie_Lynn
f5a98302-66a4-5e0d-b350-d8b6ceb7e387,lfw,Masahiko_Nagasawa
f5ac32b1-2971-52d9-9b03-ca25d85561a0,lfw,Ann_Landers
f5b4feb1-944d-5acc-b458-8db9625bf057,lfw,Rebecca_Romijn-Stamos
f5be839d-c64e-5a07-b860-8a95709790d9,lfw,Mauricio_Macri
f5dadb0e-f310-5901-b362-c1a5d1fc5813,lfw,Barbara_Esbin
f5ee60af-376d-5b96-9241-8b3423c93d54,lfw,John_Thune
f5fef4f0-487c-5069-abf0-1cb8c2246036,lfw,Kathryn_Grayson
f6083c19-9acb-5a3f-8726-9f9d2735eaf3,lfw,Sergei_Ivanov
f6085c8d-121e-5786-bb84-6d6839f019e1,lfw,Guillermo_Ortiz
f61e0f20-35ce-573b-92b6-33cb5e10c141,lfw,Jen_Schefft
f6370219-ea7b-5108-8ba0-84aab8417fcb,lfw,Jens_Lehmann
f6428dbb-c203-55aa-95b2-96c4c33bf2b6,lfw,Bill_Graham
f64a77e3-b76f-5b21-9977-bb8318f20ba1,lfw,Mika_Hakkinen
f656a454-0e9b-552f-982d-67dc7c0460a3,lfw,Michael_Friedman
f65a0b0a-b3dd-51a4-bf67-7f0792ad9c6f,lfw,Camille_Colvin
f65cd446-0ced-5c8a-826c-e000d34ed074,lfw,Stephen_Joseph
f669d41a-f314-5270-95ca-5e516b8c61e6,lfw,Terry_Hoeppner
f6719950-3365-5913-899b-9e2fd1c20ccb,lfw,Eduardo_Chillida
f68d656f-e624-5d55-a8bf-dbdccf7b6e28,lfw,Juan_Manuel_Marquez
f691663d-372d-58f7-9eed-a25286cbff50,lfw,Ciro_Gomes
f6a03101-d717-5313-b81a-a84aa46f1114,lfw,Clay_Campbell
f6a54035-8579-5fb4-b555-a81bf9363587,lfw,Namuddu_Florence
f6a71543-b3e8-5815-9148-0726abe9e51b,lfw,Buford_Blount
f6b44a07-2e70-59ad-af33-42c58cd1933a,lfw,Alfredo_Pena
f6bca5ed-d780-5636-aede-34070d4e31bf,lfw,Jimmy_Iovine
f6bd37db-9ed2-5ffe-952a-f3602520e679,lfw,Art_Cooper
f6d25711-539a-513c-a16d-5e7230522cfe,lfw,Ismail_Khan
f6e54519-40e5-51fb-a2c0-216dff7cea35,lfw,Gordana_Grubin
f6f0be03-d9c1-595e-a902-8e00f8606f87,mfr2,GretchenWhitmer
f7010bc4-7f53-50ad-adf4-975aa68576c1,lfw,Tony_Blair
f7044d52-737d-52cb-8cd3-6ac64be02396,lfw,Alessandro_Nesta
f746a951-f287-5645-a6ee-7d8c88393c82,lfw,Colleen_Jones
f7528213-1281-5c03-bfd4-0a64d6b41605,lfw,Cathy_Cunningham
f7580180-3d61-5972-93e6-2e1bfb91e2a9,lfw,Leonid_Kuchma
f768f45c-d982-5b6a-ae91-0018d8f5c0ef,lfw,Antonio_Catania
f7709151-9d09-531e-9313-2bcba28b991b,lfw,Ashanti
f7763b7d-7bba-5174-8997-d8fb0dfb7977,lfw,Janet_Leigh
f7768fb5-7bfa-5ac2-8de4-1d053a94ec21,lfw,Tom_Osborne
f78136d9-a2d1-5285-929b-c0573682bb59,lfw,Sivan_Klein
f7842925-215a-58a1-b300-503161ce3847,lfw,Jean_Todt
f78e16c3-61e3-584b-937a-fcd4ce82eaa8,lfw,Paul_Shanley
f7960514-39c3-5711-b96d-a48ce91a58c8,lfw,Perry_Farrell
f79d5496-c493-5fca-98a6-c542e95f4f03,lfw,Henning_Scherf
f79dc12b-610b-5211-8b83-5d23a5c773cf,lfw,Colin_Powell
f7a3bf00-41b0-5f41-a623-ffb825e2dac5,lfw,Derrick_Battie
f7aa687b-c934-502b-a605-cb7131034312,lfw,Michael_Clarke_Duncan
f7adfb12-413a-5109-9a9c-67bd306e46e9,lfw,Richard_Penniman
f7b4b79d-3a14-5bca-b3e8-b412c2f933bb,lfw,Dick_Posthumus
f7bebc06-c8f3-5162-a92a-c949b4d1124a,lfw,Ray_Lucas
f7d055f8-3d54-5d6b-a229-4bc8c97f9d58,lfw,Eric_Bana
f7d4f593-5502-5d1a-8bc9-5f7c304a8f7a,lfw,Juan_Fernandez
f7e8c186-422f-5ec8-9425-af9aaa178418,lfw,Gerard_Depardieu
f7f44b69-4efa-5def-bc2c-9202b5c38e4e,lfw,Michael_Kahn
f7f7bedf-59b3-5fa2-b678-19525047944c,lfw,Tommy_Amaker
f80c81d4-7a06-5326-b3e2-d832368dc758,lfw,Bob_Hartley
f811a9db-ca76-54f8-9842-ba6787fd2eaf,mfr2,EricGarcetti
f82626b8-4ace-53cd-b2e3-ff8bb6cb94ca,lfw,Park_Jie-won
f827f4a6-9ffb-5371-af71-c168d1d3a550,lfw,Dalia_Rabin-Pelosoff
f8321bca-cf71-564e-949f-6495eae4c2e2,lfw,Nizar_Trabelsi
f834016d-794e-5492-a49e-d9c433a33cda,lfw,Michael_Taylor
f846904a-4a32-51d9-b3ab-59d54c3ae3ef,lfw,Cristina_Kirchner
f84a20d5-c90a-5c48-ae04-453c3668fb37,lfw,Ralph_Lauren
f84b111f-9edb-55ce-8b6d-e2b209f77f8d,lfw,Carla_Myers
f84e53d9-d7d0-574c-a1af-1b678b623b3f,lfw,Dieter_Holzer
f8560b4b-f95d-5426-bf43-55fba8c8e3cd,lfw,Natalie_Maines
f8590e96-9ca4-5ac5-addc-f73fcbcd5d1e,lfw,Gary_Barnett
f8666923-ebaa-5294-8f72-211bf8ca63e5,lfw,Glen_Clark
f869392e-1b67-52d7-bfc4-75d94991832e,lfw,Ralph_Fiennes
f882974a-2672-5fa4-b161-36a788a41978,lfw,Queen_Silvia
f88480fa-28d2-5196-b73b-68403f827857,lfw,Warren_Truss
f8975db1-2b30-551d-96d9-874b4056ce69,lfw,Gerard_de_Cortanze
f89a616b-683d-5865-b397-acea269f47c4,lfw,Brenda_Magana
f8a1965d-3560-580c-8928-5d6b64ea16fc,lfw,Donald_Anderson
f8a8f535-b0fd-5fee-9eb5-fd0034260862,lfw,Chuanyun_Li
f8ab180d-fb3b-58ac-8dd1-bc5a6ecbcb92,lfw,Xavier_Malisse
f8c39909-d74c-5a9c-8865-6c21e1808257,lfw,Jesse_Jackson
f8c72789-62a7-5bb7-b68a-d4ea8138e096,lfw,Pablo_Khulental
f8dc4d40-e339-5b73-8257-63e38776cf6b,lfw,Lyle_Vanclief
f8e67aa5-edd9-5f06-8a68-9fe020258be9,lfw,Carol_Carmody
f8e85650-28bf-52c0-bcb5-c0489e759d82,lfw,Michael_Richards
f8e8c03b-b468-58f1-a2e7-4a41db7fbe3a,lfw,Tom_Sizemore
f8fd6ca2-124a-5e4c-b569-11c7a0258512,lfw,Graeme_Lloyd
f8fe50fc-dd2d-5281-90fa-4785a45ba1ee,lfw,Greg_Ostertag
f906f45c-2b2e-5284-a4ae-9440c65fb328,lfw,Melanie_Griffith
f90946fa-7e9c-5a90-adaa-d4d83e5f7612,lfw,Joan_Jett
f90d8eac-59ed-5574-8c52-d40f16064d00,lfw,Scott_Rudin
f91c22f9-bb1b-5389-8034-88dd3cb1c878,lfw,John_Stockton
f91c3fc1-a7da-5122-af7e-b963fb82388c,lfw,Sylvie_Guillem
f9344be7-6b3d-5fbf-86dd-dc6a7cab349e,lfw,Lily_Safra
f93df48c-6358-5da7-8df6-af12d07d1037,lfw,Steve_Allan
f95f6f71-93b0-5333-82e8-a46837a0763c,lfw,Romeo_Gigli
f961d25a-41f1-52f8-80c9-ceb75d72ac09,lfw,Lindsay_Davenport
f96441d8-b844-55cc-819b-08b928ee6a86,lfw,Glenn_Plummer
f9835613-d7f9-5bf1-ba7c-2c13d7881e33,lfw,Diana_Taurasi
f998c49f-260b-5f91-9bfb-dfd95ea5894b,lfw,Micky_Arison
f99c16d0-2041-5a0c-82d1-dc5af5ba968d,lfw,Stipe_Mesic
f9adeb96-fedd-5e93-b65c-00e1b217ef19,lfw,Phillip_Seymor_Hoffmann
f9b135cb-5c5b-53c4-85da-817afa3c692c,lfw,Dave_Johnson
f9b299b3-0a86-5245-94d3-bdf6e6ba46b5,lfw,Ivan_Shvedoff
f9b35f4d-0ead-58a9-a394-c8f6fde30bf1,lfw,Alexandre_Herchcovitch
f9b648aa-bf43-5acf-b5c5-a80eb15f879a,lfw,Hichiro_Naemura
f9b958a6-301d-5fe5-a57f-1fd9f2c4d905,lfw,Junichiro_Koizumi
f9bfa96b-06cc-51f3-a736-f3ac77497971,lfw,Elizabeth_Smart
f9c786d4-1e9e-57e9-ad85-04a84450c311,lfw,Gilberto_Simoni
f9e08034-4f27-5498-b96c-3de55a7db69d,lfw,Angela_Alvarado_Rosa
f9e9b631-0e1b-573c-94df-768512ff7166,lfw,Doug_Racine
f9fcd56e-e023-5f72-a9f8-a5c1ce958018,lfw,Hipolito_Mejia
fa2018ae-6d48-5213-8281-9afa4dcd3761,lfw,Claire_Leger
fa26537d-f888-5210-a86b-88aba8c8a916,lfw,Robin_Tunney
fa270981-cb97-5247-a309-871a9ff212e3,lfw,Hermando_Harton
fa33d301-9ef1-51ff-bd74-914d3d38fe5a,lfw,Bob_Guccione
fa348e2c-ff86-5aae-96cd-83b28a162089,lfw,Tina_Pisnik
fa6ebbc8-9f69-5e56-a4b2-2c053d2ceac2,lfw,Vijay_Nambiar
fa750a64-dcb7-56ff-9c15-4de5a5ec1c79,lfw,Matt_Siebrandt
fa7fe8ab-d345-58bf-9aec-e7d87744d496,lfw,Roberto_Carlos
faa10ddf-218c-5724-90af-cbd3d900a840,lfw,Muammar_Gaddafi
faa8547d-06ac-56e1-954d-05b3cf6e2126,lfw,Ellen_Engleman
faae9384-f100-5664-8942-c84b7d714bf4,lfw,Imad_Moustapha
fab4a425-3e11-5718-b39a-77fa996b42e5,lfw,Mary_Frances_Seiter
fabad166-2b27-5cef-873c-643d19202ccf,lfw,Will_Young
fabd3ac7-ec97-5250-b870-37906f3335cf,lfw,Laurie_Laychak
fad25e43-04fc-581b-9ac7-7c93f047dbdc,lfw,Rob_Moore
fad5145d-241f-5003-ac6b-19affa0a0bb3,lfw,Geoffrey_Davis
fae12e5f-f611-5e1d-911d-1a9513db60a9,lfw,Anne_ONeil
fae67326-949b-5de7-9db6-deaeb1b7063f,lfw,Rafael_Vinoly
faea3887-3a65-534f-bac9-83ad6a2b1223,lfw,Svetislav_Pesic
faeb8f19-2242-566d-ba1a-ac7042cacfce,lfw,Yuri_Malenchenko
fafb386c-a00c-56e6-8082-7349e2d95f72,lfw,Maureen_Kanka
faff657e-edc7-53ec-93c2-b44f7467dd34,lfw,Ben_Affleck
fb066c6b-c345-5ce0-a722-4771a4ce8f3b,lfw,Barbara_Boxer
fb0a11f0-225a-5a66-bcdd-3d785fa4a9d1,lfw,Chris_Terry
fb0cdaf1-d34a-520e-aeb3-6b21d5a134c2,lfw,Mike_Flanagan
fb0d4933-989f-572e-ab2e-7c04c65e3620,lfw,Natalia_Motuziuk
fb13650e-ed15-5030-b920-1b614331cfb5,mfr2,JonathanBennet
fb18748b-dbcf-5efb-85e7-4ffe94aaead6,lfw,Lisa_Leslie
fb282833-d7d9-5c4e-b9c3-0d92d36967b9,lfw,Charlie_Williams
fb30b80c-654f-5da9-8693-a9025ce05c88,lfw,Xiang_Huaicheng
fb6d1e81-5af6-5452-b9ac-4ad7b0386b97,mfr2,VassilisKikilias
fb9b69d0-7130-54c9-b69c-25bfc979ccb6,lfw,Evelyn_Lauder
fb9b6d02-ec46-5f37-a2b4-b30e714e1a84,lfw,Sada_Jacobson
fb9cd6df-e619-58c3-b084-f9c1579006ef,lfw,Carlos_Alberto_Parreira
fba01277-bafd-5ab1-9913-915d0bc60da0,lfw,Jorge_Quiroga
fbbca9ef-dce8-58ee-8671-b3ee36b61681,lfw,Erick_Barkley
fbc1f193-03f6-5841-8a1c-6f77e15bbb08,lfw,Vojislav_Seselj
fbc88c65-1d57-51bd-a689-289f3a6c6038,lfw,Meles_Zenawi
fbcbd8ba-dac6-588a-9af5-ba55c54b1eea,lfw,David_Brent
fbd0f551-0a9b-546a-8cde-1623c37345f0,lfw,Janice_Goldfinger
fbe822f1-39c8-5b3c-bc3a-a4e9b76e7b2d,lfw,Esther_Macklin
fbf291f1-8f6d-51a5-9c7c-bd874d572cd7,lfw,Robert_DeFraites
fc0a029e-f960-52de-a4cb-9248ffefc7fb,lfw,Ann_Godbehere
fc0aad17-1eaa-54bc-8098-85feb267bf6e,lfw,Herman_Moore
fc0db2bb-4b31-557d-b336-dfbc955c7b0b,lfw,Alberto_Sordi
fc126dfe-d0d0-5377-8fe6-90b3aa580191,lfw,Svetoslav_Todorov
fc194922-b35c-540a-a27b-c5d81f345207,lfw,Norbert_van_Heyst
fc2ef147-a5c8-5cc2-9bbe-62dd3ec41534,lfw,Wang_Nan
fc2f12f0-628c-547e-ab58-b93c4b4777db,lfw,Nida_Blanca
fc3a6b11-a73b-5d55-822e-70cd95bbe948,lfw,Alice_Fisher
fc4242df-ce13-554c-b9a3-06ef3a185d02,lfw,Goldie_Hawn
fc5e9e1a-0caa-538c-a107-84591ba416c5,lfw,Michael_Michele
fc60f2be-2ea8-5fac-9df9-3f57f74c41f0,lfw,Laura_Hernandez
fc826c06-3e96-5c2d-9176-31c934c1adff,lfw,Jonathan_Schroeder
fc8552a2-46b2-5645-a57c-f33ecb1d51c2,lfw,Joxel_Garcia
fca26428-7e3f-5489-862d-13075e89d3ff,lfw,Bruno_Junquiera
fcae303c-0aea-5362-878d-0b99ba975a14,lfw,Jennifer_Gratz
fcb6dc27-90e0-5a10-b024-641d201d0174,lfw,Lim_Dong-won
fcce4a18-ff85-5686-a918-8b73fc5c3eb8,lfw,Peggy_McGuinness
fcd48450-1d20-58c1-ab0e-be009b592e7a,lfw,Tim_Howard
fcdb2ad3-70b3-5fd1-b270-691467a3cf90,lfw,Khader_Rashid_Rahim
fce1c0f3-78c5-5e71-8dba-bb5d308be1cc,lfw,Tomomi_Morita
fd3ab090-6cc7-5249-af2c-47c333b81c2f,lfw,Martin_McCauley
fd442762-4373-5a0f-8b93-d300a281808e,lfw,Shannyn_Sossamon
fd451c1b-483d-5d2e-9dce-0177f20667c9,lfw,Irina_Lobacheva
fd47df82-dd08-5784-ba57-3e64ee525d34,lfw,Carina_Lau_Ka-ling
fd4d0d0e-24d4-5f6d-a391-9be421e282de,lfw,Chris_Rock
fd6afdc7-a72b-5229-b924-dd0f1b116ca8,lfw,Francisco_Flores
fd794dbc-6dd6-5b99-8cb8-cf3b541b849c,lfw,Paul_Desmarais
fd7d41bf-d167-55cf-9475-88a28d682dd6,lfw,Scott_Wittman
fd7fd03f-fc23-5902-9e4b-19fd1a178b2a,lfw,Randy_Travis
fd8337ce-80f8-5f93-a5eb-3c499828faea,lfw,Edward_Arsenault
fd9a369d-8f55-5e17-8f85-1f6e644c7c7c,lfw,Gregg_Popovich
fdaafc26-d718-5e11-9566-e614b83a38e5,lfw,Dyana_Calub
fdae3cc0-ec43-568a-b75a-64f8071b1069,lfw,Dawn_Staley
fdbb71bf-aaf1-512d-a139-8e653cd552cb,lfw,Hidetoshi_Nakata
fdbfc1b4-1807-54f4-8568-3a33e372c74e,lfw,Hussam_Mohammed_Amin
fde664c9-32b4-5a0e-b55e-1bfed45f578d,lfw,Mary_Carey
fdef46f9-ed97-511c-9642-008adb291b6f,lfw,John_Travolta
fe03c613-91b9-5ad0-84bd-a11e3290b1fd,lfw,Hatsui_Hasuike
fe18e3ea-fc45-58f9-a689-5a524ca6eb0a,lfw,Tiffany_Limos
fe1c302b-89f1-521d-831b-46e8dcfe953d,lfw,Dariusz_Michalczewski
fe25305a-2a03-520c-925f-c88549345378,lfw,James_Wattana
fe2763f0-156c-51c8-90da-a0407060091f,lfw,Jean_Brumley
fe2b96b9-4547-577b-8865-4bcf3a8707f1,lfw,Misty_Dawn_Clymer
fe2b98d5-c790-5205-b39f-56cee144531a,lfw,Paddy_Long
fe3a0b66-e673-5867-9181-ce5594e10332,lfw,Dwayne_Johnson
fe3d3b06-5a37-5d33-b883-d221f25e4f1a,lfw,Sven_Ottke
fe4a6845-2543-51df-9777-47590028cfd1,lfw,Walter_Mondale
fe597a94-f625-5f22-8187-bafacec0690f,lfw,Mark_Lazarus
fe5ad082-22a1-53b2-a6c8-29fd325c4b6d,lfw,Tim_Duncan
fe5f7907-7514-5880-9cdf-c3e5afca0d05,lfw,David_Sibleyk
fe6410f5-2852-59d2-b97c-2b76a4a64095,lfw,Damon_van_Dam
fea06b38-2f1d-5b8f-9097-7feec04ac3cf,lfw,Larry_Ralston
feaca2a0-6c58-520e-950f-191d44afa663,lfw,Slobodan_Milosevic
feadab9f-0c1b-5c3c-b520-5872b99e24a1,lfw,Cecilia_Chang
fef9b6a0-549e-5f3d-8eea-76cd3d505d8f,lfw,Jose_Alencar
feffce32-9c93-5c3a-9da8-22fc3d099007,lfw,Phil_Bredesen
ff02691f-3878-5c64-b451-c1507bab8496,lfw,Joe_Nichols
ff06bb9e-b5e6-5281-b7bc-9d6ec3093e4a,lfw,Kate_Richardson
ff172e46-3ac5-58da-8b01-7f4647900068,lfw,Nur_Jaafar
ff206c45-b03c-555d-b905-041e30f0acfa,lfw,Stephen_Webster
ff234112-f810-50e0-a179-311f83c12055,lfw,Pupi_Avati
ff335ab1-57cb-554d-85f4-429f07e93b71,lfw,John_Tyson
ff446b17-081b-5668-a82e-68c092efc5bd,lfw,Theo_Epstein
ff50f402-97da-5653-a3a6-ded7d89288b4,lfw,Kim_Dae-jung
ff6093ba-a068-502d-9823-a543e3c488cc,lfw,Xiang_Liu
ff66deda-83da-59b0-a4a6-c6ec7039e9db,lfw,Maggie_Cheung
ff70e251-cdf7-5002-8633-37dd1c93d821,lfw,Ataollah_Mohajerani
ff881e0a-71b0-5c2e-8829-78c393127ae3,lfw,David_Glenn
ff88716c-c9f4-5551-bde5-d2fd400b52e1,lfw,Shane_Warne
ff8c89b3-42d9-5835-8b75-e48b711048aa,lfw,Kathy_Bates
ff95b0a4-b7db-5a93-8b39-59218695fe34,lfw,Martin_Gecht
ffa52492-1883-5b69-a0b4-96fdc8bb59d3,lfw,Flavia_Delaroli
ffa7effa-047e-58c4-846a-590855dd834e,lfw,Richard_Regenhard
ffb71017-fc58-5c60-b104-f7c5d0cdfed5,lfw,Gordon_Lightfoot
ffbe3be7-2a36-565e-a9f1-3f5c918fde2d,lfw,Poala_Suarez
ffc54d81-5c2a-59dd-9916-5f51d002ea3c,lfw,Michael_Phelps
ffd2212b-c44a-572c-9161-e123ae4f5801,lfw,Francois_Ozon
ffdcca63-abef-5df1-b160-a1bb6f5ce427,lfw,Greg_Hennigar
ffe230d8-9d69-53fe-9a3a-de805133e826,lfw,Tatiana_Kennedy_Schlossberg
ffead171-1172-516d-9cad-02768c605e5b,lfw,Renato_Soru
fff47d5d-2a12-529a-8c1a-eb728f36422b,lfw,Jean-David_Levitte
